submitter_id,subtype,gene,predicted,actual
TCGA-MP-A4T9,LUAD,TMB,0.109132215,-1.821439
TCGA-MP-A4T9,LUAD,PSMB5,0.09046304,-0.24994567
TCGA-MP-A4T9,LUAD,PSMB6,-0.032110758,0.03647465
TCGA-MP-A4T9,LUAD,PSMB7,-0.0723262,-1.651916
TCGA-MP-A4T9,LUAD,PSMB8,0.14401367,-0.3631656
TCGA-MP-A4T9,LUAD,PSMB9,0.17841323,-0.7890645
TCGA-MP-A4T9,LUAD,PSMB10,0.2569123,-0.15936208
TCGA-MP-A4T9,LUAD,TAP1,-0.08464103,-0.7906898
TCGA-MP-A4T9,LUAD,TAP2,0.03332349,-0.3164122
TCGA-MP-A4T9,LUAD,ERAP1,-0.3794731,-0.511367
TCGA-MP-A4T9,LUAD,ERAP2,0.05321275,-1.1863617
TCGA-MP-A4T9,LUAD,TAPBP,0.334693,-0.0011728649
TCGA-MP-A4T9,LUAD,CANX,-0.16280703,-0.19376004
TCGA-MP-A4T9,LUAD,CALR,-0.16715938,-1.7152679
TCGA-MP-A4T9,LUAD,PDIA3,-0.15656713,-1.1291544
TCGA-MP-A4T9,LUAD,B2M,-0.023270797,-0.22676642
TCGA-MP-A4T9,LUAD,HLA-A,0.32753086,0.0319632
TCGA-MP-A4T9,LUAD,HLA-B,0.11901198,-0.0045554447
TCGA-MP-A4T9,LUAD,HLA-C,-0.09072702,0.6853979
TCGA-MP-A4T9,LUAD,HLA-DQA1,0.23395126,0.48922962
TCGA-MP-A4T9,LUAD,HLA-DRB1,0.12294636,0.23224276
TCGA-MP-A4T9,LUAD,CMKLR1,0.038924195,0.49642092
TCGA-MP-A4T9,LUAD,HLA-E,0.09505279,-0.32088077
TCGA-MP-A4T9,LUAD,NKG7,0.25909528,0.17771403
TCGA-MP-A4T9,LUAD,CD8A,0.16735539,-0.14957722
TCGA-MP-A4T9,LUAD,CCL5,0.34952092,-0.15493266
TCGA-MP-A4T9,LUAD,CXCL9,0.08822597,-0.19565417
TCGA-MP-A4T9,LUAD,CD27,0.18613645,-0.5909937
TCGA-MP-A4T9,LUAD,CXCR6,0.122646235,0.057471715
TCGA-MP-A4T9,LUAD,IDO1,0.1594207,-0.65852946
TCGA-MP-A4T9,LUAD,STAT1,0.028391074,-0.670758
TCGA-MP-A4T9,LUAD,CD274,-0.21436183,0.5535133
TCGA-MP-A4T9,LUAD,CD276,-0.5587937,0.40175566
TCGA-MP-A4T9,LUAD,LAG3,0.4830243,-0.7588716
TCGA-MP-A4T9,LUAD,PDCD1LG2,-0.39540392,0.10193284
TCGA-MP-A4T9,LUAD,TIGIT,0.2298595,-0.31130993
TCGA-MP-A4T9,LUAD,APM,0.19158736,-0.65472794
TCGA-MP-A4T9,LUAD,TIS,0.10029528,-0.218437
TCGA-97-8171,LUAD,TMB,-0.46925735,-1.4320177
TCGA-97-8171,LUAD,PSMB5,-0.24018916,0.8492655
TCGA-97-8171,LUAD,PSMB6,0.12259851,-1.2527089
TCGA-97-8171,LUAD,PSMB7,-0.45078808,-0.040878296
TCGA-97-8171,LUAD,PSMB8,-0.59436876,0.3922939
TCGA-97-8171,LUAD,PSMB9,-1.0395509,-1.2116253
TCGA-97-8171,LUAD,PSMB10,-0.49198276,-0.93970877
TCGA-97-8171,LUAD,TAP1,-1.3099422,-0.9746518
TCGA-97-8171,LUAD,TAP2,-1.1635041,-0.5682306
TCGA-97-8171,LUAD,ERAP1,-0.34053746,0.7567843
TCGA-97-8171,LUAD,ERAP2,-0.34806362,0.6147543
TCGA-97-8171,LUAD,TAPBP,-0.18993977,0.51900786
TCGA-97-8171,LUAD,CANX,0.29118052,0.072905764
TCGA-97-8171,LUAD,CALR,0.028779168,-0.2547729
TCGA-97-8171,LUAD,PDIA3,0.75804186,0.47172803
TCGA-97-8171,LUAD,B2M,-0.8834076,-1.0974324
TCGA-97-8171,LUAD,HLA-A,-0.6120845,-0.42360187
TCGA-97-8171,LUAD,HLA-B,-0.7505161,-0.29834288
TCGA-97-8171,LUAD,HLA-C,-0.76303434,-0.9434827
TCGA-97-8171,LUAD,HLA-DQA1,-0.62189275,1.0328783
TCGA-97-8171,LUAD,HLA-DRB1,-0.17667672,1.1462697
TCGA-97-8171,LUAD,CMKLR1,-0.6195388,-1.0322969
TCGA-97-8171,LUAD,HLA-E,-0.78447104,0.7131434
TCGA-97-8171,LUAD,NKG7,-0.6771163,-2.1084409
TCGA-97-8171,LUAD,CD8A,-1.2171074,-1.9571974
TCGA-97-8171,LUAD,CCL5,-0.8303482,-2.2682917
TCGA-97-8171,LUAD,CXCL9,-1.365708,-1.7500128
TCGA-97-8171,LUAD,CD27,-0.6568246,-1.0669527
TCGA-97-8171,LUAD,CXCR6,-0.6190867,-1.4429498
TCGA-97-8171,LUAD,IDO1,-0.92122394,-1.4815747
TCGA-97-8171,LUAD,STAT1,-1.1948768,-1.5570588
TCGA-97-8171,LUAD,CD274,-1.132721,-1.5199484
TCGA-97-8171,LUAD,CD276,-0.6262795,-1.4161028
TCGA-97-8171,LUAD,LAG3,-1.0168861,-1.6749661
TCGA-97-8171,LUAD,PDCD1LG2,-1.5028175,-1.6141292
TCGA-97-8171,LUAD,TIGIT,-0.89131033,-1.552885
TCGA-97-8171,LUAD,APM,-0.9036468,-0.41498947
TCGA-97-8171,LUAD,TIS,-1.1342782,-0.96636033
TCGA-55-8204,LUAD,TMB,0.2931867,-0.030386468
TCGA-55-8204,LUAD,PSMB5,-0.49274606,0.74262476
TCGA-55-8204,LUAD,PSMB6,-0.29058033,0.817775
TCGA-55-8204,LUAD,PSMB7,-0.41419262,-0.3854055
TCGA-55-8204,LUAD,PSMB8,0.43804008,0.045604445
TCGA-55-8204,LUAD,PSMB9,0.36101705,0.2710627
TCGA-55-8204,LUAD,PSMB10,0.5059414,0.056965534
TCGA-55-8204,LUAD,TAP1,0.3343622,0.29845315
TCGA-55-8204,LUAD,TAP2,0.46421757,0.27316353
TCGA-55-8204,LUAD,ERAP1,0.4467082,0.2339131
TCGA-55-8204,LUAD,ERAP2,0.27863407,0.031230943
TCGA-55-8204,LUAD,TAPBP,0.44810358,-0.019130498
TCGA-55-8204,LUAD,CANX,0.19414952,-0.2467793
TCGA-55-8204,LUAD,CALR,0.045353096,0.9213407
TCGA-55-8204,LUAD,PDIA3,-0.04099039,0.979559
TCGA-55-8204,LUAD,B2M,0.4034966,0.7189719
TCGA-55-8204,LUAD,HLA-A,0.45998588,-0.569414
TCGA-55-8204,LUAD,HLA-B,0.5906766,0.26473558
TCGA-55-8204,LUAD,HLA-C,0.5679602,0.00023738327
TCGA-55-8204,LUAD,HLA-DQA1,0.4687348,-0.3639122
TCGA-55-8204,LUAD,HLA-DRB1,0.45911837,-0.30341294
TCGA-55-8204,LUAD,CMKLR1,0.68683124,-0.21535456
TCGA-55-8204,LUAD,HLA-E,0.54271746,0.37511334
TCGA-55-8204,LUAD,NKG7,0.37174076,-0.009339347
TCGA-55-8204,LUAD,CD8A,0.4232157,0.0075056683
TCGA-55-8204,LUAD,CCL5,0.50468427,-0.19711092
TCGA-55-8204,LUAD,CXCL9,0.52835286,0.49850446
TCGA-55-8204,LUAD,CD27,0.59816873,0.79243207
TCGA-55-8204,LUAD,CXCR6,0.5938997,-0.21793056
TCGA-55-8204,LUAD,IDO1,0.39915133,1.4112222
TCGA-55-8204,LUAD,STAT1,0.5627372,0.13720362
TCGA-55-8204,LUAD,CD274,0.18962865,0.119822726
TCGA-55-8204,LUAD,CD276,-0.3766959,0.19233754
TCGA-55-8204,LUAD,LAG3,0.45562562,0.587609
TCGA-55-8204,LUAD,PDCD1LG2,0.30754584,-0.08294792
TCGA-55-8204,LUAD,TIGIT,0.7284864,-0.77980167
TCGA-55-8204,LUAD,APM,0.43784302,0.3630291
TCGA-55-8204,LUAD,TIS,0.5169014,0.021087894
TCGA-05-4395,LUAD,TMB,0.31940064,0.15638947
TCGA-05-4395,LUAD,PSMB5,0.12453623,1.2684091
TCGA-05-4395,LUAD,PSMB6,-0.019562984,0.22952178
TCGA-05-4395,LUAD,PSMB7,0.25333923,2.1276107
TCGA-05-4395,LUAD,PSMB8,0.7445178,1.1167679
TCGA-05-4395,LUAD,PSMB9,0.89774954,1.215597
TCGA-05-4395,LUAD,PSMB10,0.6114358,1.1706988
TCGA-05-4395,LUAD,TAP1,0.6227058,0.85081977
TCGA-05-4395,LUAD,TAP2,0.48165607,0.95713425
TCGA-05-4395,LUAD,ERAP1,0.41457462,2.168111
TCGA-05-4395,LUAD,ERAP2,0.1604158,-1.0309563
TCGA-05-4395,LUAD,TAPBP,0.16240218,0.12346278
TCGA-05-4395,LUAD,CANX,0.7505678,1.1537933
TCGA-05-4395,LUAD,CALR,0.4638694,-0.2777422
TCGA-05-4395,LUAD,PDIA3,0.22931114,-0.23968151
TCGA-05-4395,LUAD,B2M,0.8888016,0.14991528
TCGA-05-4395,LUAD,HLA-A,0.63510865,0.88003904
TCGA-05-4395,LUAD,HLA-B,0.5660412,0.0622168
TCGA-05-4395,LUAD,HLA-C,0.7559816,0.3107859
TCGA-05-4395,LUAD,HLA-DQA1,0.5869802,0.3625786
TCGA-05-4395,LUAD,HLA-DRB1,0.60948473,0.1257806
TCGA-05-4395,LUAD,CMKLR1,0.55752414,-0.5323006
TCGA-05-4395,LUAD,HLA-E,0.5353756,-0.6598306
TCGA-05-4395,LUAD,NKG7,0.44126025,0.76891375
TCGA-05-4395,LUAD,CD8A,0.45109057,-0.25751376
TCGA-05-4395,LUAD,CCL5,0.28919417,1.1194813
TCGA-05-4395,LUAD,CXCL9,0.40469638,0.08631275
TCGA-05-4395,LUAD,CD27,0.16341683,-1.0526431
TCGA-05-4395,LUAD,CXCR6,0.35113668,0.048466466
TCGA-05-4395,LUAD,IDO1,0.16455597,-0.7584178
TCGA-05-4395,LUAD,STAT1,0.6375023,0.31036463
TCGA-05-4395,LUAD,CD274,0.6041857,-0.4239881
TCGA-05-4395,LUAD,CD276,-0.014715707,-0.6299639
TCGA-05-4395,LUAD,LAG3,0.22110514,-0.34133545
TCGA-05-4395,LUAD,PDCD1LG2,0.615579,0.033772677
TCGA-05-4395,LUAD,TIGIT,0.115265325,-0.62316245
TCGA-05-4395,LUAD,APM,0.6626532,0.9287087
TCGA-05-4395,LUAD,TIS,0.5485629,-0.09260649
TCGA-93-A4JO,LUAD,TMB,0.09734003,-1.4501147
TCGA-93-A4JO,LUAD,PSMB5,-0.27939618,-1.412437
TCGA-93-A4JO,LUAD,PSMB6,-0.19939265,-0.85474646
TCGA-93-A4JO,LUAD,PSMB7,-0.13278607,-1.2389525
TCGA-93-A4JO,LUAD,PSMB8,0.7106354,0.208523
TCGA-93-A4JO,LUAD,PSMB9,1.0862515,0.45768356
TCGA-93-A4JO,LUAD,PSMB10,1.1092894,0.49539834
TCGA-93-A4JO,LUAD,TAP1,0.57480514,-0.071916156
TCGA-93-A4JO,LUAD,TAP2,0.8278081,0.4217395
TCGA-93-A4JO,LUAD,ERAP1,0.31278685,-0.62033373
TCGA-93-A4JO,LUAD,ERAP2,0.5239249,1.1156254
TCGA-93-A4JO,LUAD,TAPBP,0.73186696,0.7177236
TCGA-93-A4JO,LUAD,CANX,0.17645064,-0.89627814
TCGA-93-A4JO,LUAD,CALR,-0.08534656,-0.62580216
TCGA-93-A4JO,LUAD,PDIA3,-0.13229576,-0.7647544
TCGA-93-A4JO,LUAD,B2M,0.78975904,0.2981005
TCGA-93-A4JO,LUAD,HLA-A,1.0154744,0.20946921
TCGA-93-A4JO,LUAD,HLA-B,0.7688976,0.29918355
TCGA-93-A4JO,LUAD,HLA-C,0.9642949,0.40170687
TCGA-93-A4JO,LUAD,HLA-DQA1,1.0541906,1.0040317
TCGA-93-A4JO,LUAD,HLA-DRB1,1.0869759,0.89478403
TCGA-93-A4JO,LUAD,CMKLR1,0.95846975,0.993072
TCGA-93-A4JO,LUAD,HLA-E,1.0212811,0.7479815
TCGA-93-A4JO,LUAD,NKG7,0.9868167,0.95578927
TCGA-93-A4JO,LUAD,CD8A,0.8256655,0.9251792
TCGA-93-A4JO,LUAD,CCL5,0.79614085,0.8538473
TCGA-93-A4JO,LUAD,CXCL9,0.886946,0.8472014
TCGA-93-A4JO,LUAD,CD27,0.7843541,0.81725854
TCGA-93-A4JO,LUAD,CXCR6,0.8853607,1.0306814
TCGA-93-A4JO,LUAD,IDO1,0.62962466,0.27987805
TCGA-93-A4JO,LUAD,STAT1,0.7986743,0.16239467
TCGA-93-A4JO,LUAD,CD274,0.55774564,0.12982996
TCGA-93-A4JO,LUAD,CD276,-0.52876157,-1.1905215
TCGA-93-A4JO,LUAD,LAG3,0.8893067,0.96955156
TCGA-93-A4JO,LUAD,PDCD1LG2,0.77349937,-0.09529507
TCGA-93-A4JO,LUAD,TIGIT,0.9927661,1.1056942
TCGA-93-A4JO,LUAD,APM,1.0420446,0.13182658
TCGA-93-A4JO,LUAD,TIS,0.94764423,0.7041432
TCGA-64-5781,LUAD,TMB,0.4921383,2.142297
TCGA-64-5781,LUAD,PSMB5,0.43469968,1.0926659
TCGA-64-5781,LUAD,PSMB6,0.07756647,0.47637585
TCGA-64-5781,LUAD,PSMB7,0.4377717,1.2834842
TCGA-64-5781,LUAD,PSMB8,1.0952451,1.7753754
TCGA-64-5781,LUAD,PSMB9,1.351001,1.8081468
TCGA-64-5781,LUAD,PSMB10,1.0285236,2.1030858
TCGA-64-5781,LUAD,TAP1,0.7751651,1.7648451
TCGA-64-5781,LUAD,TAP2,0.87850535,2.0571837
TCGA-64-5781,LUAD,ERAP1,0.00041064023,0.94004685
TCGA-64-5781,LUAD,ERAP2,0.3389483,-0.5279674
TCGA-64-5781,LUAD,TAPBP,0.25750905,2.3271897
TCGA-64-5781,LUAD,CANX,0.043809026,0.6120486
TCGA-64-5781,LUAD,CALR,0.087864086,0.81849223
TCGA-64-5781,LUAD,PDIA3,-0.079252526,1.2567831
TCGA-64-5781,LUAD,B2M,1.0074911,1.592513
TCGA-64-5781,LUAD,HLA-A,1.0221741,1.5503122
TCGA-64-5781,LUAD,HLA-B,1.1990958,1.6464077
TCGA-64-5781,LUAD,HLA-C,1.2233665,1.6240736
TCGA-64-5781,LUAD,HLA-DQA1,0.6645855,-0.08519844
TCGA-64-5781,LUAD,HLA-DRB1,0.82175004,0.35997802
TCGA-64-5781,LUAD,CMKLR1,0.71534,-1.25467
TCGA-64-5781,LUAD,HLA-E,0.9132495,0.7099377
TCGA-64-5781,LUAD,NKG7,1.0206907,1.8001508
TCGA-64-5781,LUAD,CD8A,0.99240625,2.0424628
TCGA-64-5781,LUAD,CCL5,1.1928123,2.3447
TCGA-64-5781,LUAD,CXCL9,1.0561696,0.74506545
TCGA-64-5781,LUAD,CD27,0.44696903,0.54668415
TCGA-64-5781,LUAD,CXCR6,0.7737154,1.6575606
TCGA-64-5781,LUAD,IDO1,0.9084405,0.3545705
TCGA-64-5781,LUAD,STAT1,0.7656277,1.2057707
TCGA-64-5781,LUAD,CD274,0.8997444,-0.034047965
TCGA-64-5781,LUAD,CD276,-0.47785568,-0.26253232
TCGA-64-5781,LUAD,LAG3,1.1187273,1.4010931
TCGA-64-5781,LUAD,PDCD1LG2,0.9581968,0.6656063
TCGA-64-5781,LUAD,TIGIT,0.73258746,1.2739656
TCGA-64-5781,LUAD,APM,1.0682119,1.967481
TCGA-64-5781,LUAD,TIS,1.276536,1.2905121
TCGA-NJ-A4YP,LUAD,TMB,-0.069722526,1.1325276
TCGA-NJ-A4YP,LUAD,PSMB5,-0.08870183,0.62247705
TCGA-NJ-A4YP,LUAD,PSMB6,-0.2028039,-0.16014919
TCGA-NJ-A4YP,LUAD,PSMB7,0.14847858,-0.26423308
TCGA-NJ-A4YP,LUAD,PSMB8,0.047475487,0.47620782
TCGA-NJ-A4YP,LUAD,PSMB9,-0.053539675,-0.11737898
TCGA-NJ-A4YP,LUAD,PSMB10,0.31944335,-0.073695675
TCGA-NJ-A4YP,LUAD,TAP1,-0.21229872,0.18400723
TCGA-NJ-A4YP,LUAD,TAP2,-0.09356389,1.1130967
TCGA-NJ-A4YP,LUAD,ERAP1,0.1454874,0.3134299
TCGA-NJ-A4YP,LUAD,ERAP2,-0.076721884,0.8882162
TCGA-NJ-A4YP,LUAD,TAPBP,0.1923022,1.0222359
TCGA-NJ-A4YP,LUAD,CANX,0.2336381,0.377492
TCGA-NJ-A4YP,LUAD,CALR,0.07718386,-0.7229532
TCGA-NJ-A4YP,LUAD,PDIA3,0.46285835,0.6784015
TCGA-NJ-A4YP,LUAD,B2M,0.06169461,0.05675265
TCGA-NJ-A4YP,LUAD,HLA-A,0.39128965,-0.30120996
TCGA-NJ-A4YP,LUAD,HLA-B,0.093893126,0.09128187
TCGA-NJ-A4YP,LUAD,HLA-C,-0.123190485,0.08849637
TCGA-NJ-A4YP,LUAD,HLA-DQA1,0.10002402,-0.18793309
TCGA-NJ-A4YP,LUAD,HLA-DRB1,-0.010939285,0.17828625
TCGA-NJ-A4YP,LUAD,CMKLR1,-0.054466493,0.42369434
TCGA-NJ-A4YP,LUAD,HLA-E,-0.22127628,-0.16339314
TCGA-NJ-A4YP,LUAD,NKG7,0.083372235,0.5654625
TCGA-NJ-A4YP,LUAD,CD8A,-0.08015525,0.037257105
TCGA-NJ-A4YP,LUAD,CCL5,0.0887309,0.61723214
TCGA-NJ-A4YP,LUAD,CXCL9,-0.023468995,0.97103506
TCGA-NJ-A4YP,LUAD,CD27,0.124981806,-0.6323733
TCGA-NJ-A4YP,LUAD,CXCR6,0.0075139133,-0.19304575
TCGA-NJ-A4YP,LUAD,IDO1,-0.19433884,0.25612205
TCGA-NJ-A4YP,LUAD,STAT1,-0.015645182,-0.04144321
TCGA-NJ-A4YP,LUAD,CD274,-0.28450465,-0.5546627
TCGA-NJ-A4YP,LUAD,CD276,-0.37514314,1.0433173
TCGA-NJ-A4YP,LUAD,LAG3,0.12481554,-0.05058349
TCGA-NJ-A4YP,LUAD,PDCD1LG2,-0.27973828,0.08557126
TCGA-NJ-A4YP,LUAD,TIGIT,0.018465245,0.16900969
TCGA-NJ-A4YP,LUAD,APM,0.030094355,0.42142957
TCGA-NJ-A4YP,LUAD,TIS,-0.17799155,0.08647586
TCGA-O1-A52J,LUAD,TMB,-0.24652624,-0.24468037
TCGA-O1-A52J,LUAD,PSMB5,-0.6396417,-0.7557483
TCGA-O1-A52J,LUAD,PSMB6,-0.5060456,-1.1137038
TCGA-O1-A52J,LUAD,PSMB7,-0.44675103,-1.6507719
TCGA-O1-A52J,LUAD,PSMB8,0.19242525,1.20784
TCGA-O1-A52J,LUAD,PSMB9,0.4169175,0.96810687
TCGA-O1-A52J,LUAD,PSMB10,0.223767,1.4914045
TCGA-O1-A52J,LUAD,TAP1,-0.16349247,0.2493608
TCGA-O1-A52J,LUAD,TAP2,-0.011472953,0.2984509
TCGA-O1-A52J,LUAD,ERAP1,-0.0801387,2.0439703
TCGA-O1-A52J,LUAD,ERAP2,0.42924356,-0.7375486
TCGA-O1-A52J,LUAD,TAPBP,0.25467604,1.6663505
TCGA-O1-A52J,LUAD,CANX,0.05311268,0.93312085
TCGA-O1-A52J,LUAD,CALR,-0.462988,0.56929404
TCGA-O1-A52J,LUAD,PDIA3,-0.30218646,0.14371207
TCGA-O1-A52J,LUAD,B2M,0.39185983,0.23466317
TCGA-O1-A52J,LUAD,HLA-A,0.6142394,0.2653579
TCGA-O1-A52J,LUAD,HLA-B,0.65811443,1.624068
TCGA-O1-A52J,LUAD,HLA-C,0.579592,1.9288474
TCGA-O1-A52J,LUAD,HLA-DQA1,0.9677418,1.5644143
TCGA-O1-A52J,LUAD,HLA-DRB1,0.8576945,1.6908783
TCGA-O1-A52J,LUAD,CMKLR1,0.13356893,-0.04810424
TCGA-O1-A52J,LUAD,HLA-E,0.71626246,2.7049952
TCGA-O1-A52J,LUAD,NKG7,-0.10728167,-0.8592194
TCGA-O1-A52J,LUAD,CD8A,-0.115727566,-0.8554534
TCGA-O1-A52J,LUAD,CCL5,-0.12591515,-0.56619
TCGA-O1-A52J,LUAD,CXCL9,0.039159197,-0.6335683
TCGA-O1-A52J,LUAD,CD27,0.38627377,-0.47712484
TCGA-O1-A52J,LUAD,CXCR6,0.18590263,-0.2668389
TCGA-O1-A52J,LUAD,IDO1,0.0044662235,-0.9668421
TCGA-O1-A52J,LUAD,STAT1,-0.1579457,-0.6338425
TCGA-O1-A52J,LUAD,CD274,0.00049744843,-0.48669633
TCGA-O1-A52J,LUAD,CD276,-0.5077652,-1.4248194
TCGA-O1-A52J,LUAD,LAG3,0.09272103,-0.059799798
TCGA-O1-A52J,LUAD,PDCD1LG2,-0.05325572,-0.17119059
TCGA-O1-A52J,LUAD,TIGIT,0.3584486,0.0144260945
TCGA-O1-A52J,LUAD,APM,0.23139337,0.913834
TCGA-O1-A52J,LUAD,TIS,0.24636948,0.6643684
TCGA-86-8669,LUAD,TMB,0.44777966,-0.5441087
TCGA-86-8669,LUAD,PSMB5,-0.007837057,0.6338849
TCGA-86-8669,LUAD,PSMB6,-0.14485106,1.5131215
TCGA-86-8669,LUAD,PSMB7,-0.12627691,-0.1868035
TCGA-86-8669,LUAD,PSMB8,0.033918403,-0.14169464
TCGA-86-8669,LUAD,PSMB9,0.003240563,-0.47482222
TCGA-86-8669,LUAD,PSMB10,-0.24395184,-0.04706481
TCGA-86-8669,LUAD,TAP1,-0.06733127,-0.38581786
TCGA-86-8669,LUAD,TAP2,-0.50669765,-0.73817724
TCGA-86-8669,LUAD,ERAP1,0.071681425,0.4299086
TCGA-86-8669,LUAD,ERAP2,-0.044163268,0.7074299
TCGA-86-8669,LUAD,TAPBP,0.09808206,0.22597474
TCGA-86-8669,LUAD,CANX,0.56330615,2.3846004
TCGA-86-8669,LUAD,CALR,0.39953142,-0.028758168
TCGA-86-8669,LUAD,PDIA3,0.40126866,0.13019261
TCGA-86-8669,LUAD,B2M,-0.19183245,-0.42658946
TCGA-86-8669,LUAD,HLA-A,0.22845745,0.6079717
TCGA-86-8669,LUAD,HLA-B,-0.08091273,-0.02952665
TCGA-86-8669,LUAD,HLA-C,0.15814614,0.056020766
TCGA-86-8669,LUAD,HLA-DQA1,0.08802522,0.034877393
TCGA-86-8669,LUAD,HLA-DRB1,-0.09559286,0.04201576
TCGA-86-8669,LUAD,CMKLR1,0.12746319,-0.020975368
TCGA-86-8669,LUAD,HLA-E,-0.28762412,0.37217456
TCGA-86-8669,LUAD,NKG7,0.25099787,-0.09951743
TCGA-86-8669,LUAD,CD8A,0.18928972,-0.16020042
TCGA-86-8669,LUAD,CCL5,-0.011604637,0.016842995
TCGA-86-8669,LUAD,CXCL9,0.21760106,0.010905041
TCGA-86-8669,LUAD,CD27,0.32401738,0.9513384
TCGA-86-8669,LUAD,CXCR6,0.36533827,-0.022520578
TCGA-86-8669,LUAD,IDO1,0.18177643,-0.10285933
TCGA-86-8669,LUAD,STAT1,0.0340816,-0.7224221
TCGA-86-8669,LUAD,CD274,-0.52934474,-0.53601503
TCGA-86-8669,LUAD,CD276,-0.657873,-0.8418256
TCGA-86-8669,LUAD,LAG3,0.25923467,-0.5650088
TCGA-86-8669,LUAD,PDCD1LG2,-0.24699447,-0.67573017
TCGA-86-8669,LUAD,TIGIT,0.090829015,-0.011878524
TCGA-86-8669,LUAD,APM,-0.12639117,0.30698317
TCGA-86-8669,LUAD,TIS,-0.041213624,-0.30881673
TCGA-35-4122,LUAD,TMB,0.3063825,0.43603024
TCGA-35-4122,LUAD,PSMB5,-0.42432004,1.0254672
TCGA-35-4122,LUAD,PSMB6,-0.10536279,1.3949481
TCGA-35-4122,LUAD,PSMB7,0.0480627,1.0405099
TCGA-35-4122,LUAD,PSMB8,1.4251239,2.6824784
TCGA-35-4122,LUAD,PSMB9,1.682975,2.7022161
TCGA-35-4122,LUAD,PSMB10,1.277776,2.3694031
TCGA-35-4122,LUAD,TAP1,1.3289539,1.6238097
TCGA-35-4122,LUAD,TAP2,1.574301,0.31456533
TCGA-35-4122,LUAD,ERAP1,0.7230648,0.06302641
TCGA-35-4122,LUAD,ERAP2,0.75508344,0.38613108
TCGA-35-4122,LUAD,TAPBP,0.75958204,-1.1279013
TCGA-35-4122,LUAD,CANX,0.24819648,0.49547082
TCGA-35-4122,LUAD,CALR,-0.3097574,0.6059408
TCGA-35-4122,LUAD,PDIA3,-0.72684824,-1.0757507
TCGA-35-4122,LUAD,B2M,1.2317045,2.4131274
TCGA-35-4122,LUAD,HLA-A,1.1439011,0.9115002
TCGA-35-4122,LUAD,HLA-B,1.2363229,1.0702804
TCGA-35-4122,LUAD,HLA-C,1.3053722,1.984607
TCGA-35-4122,LUAD,HLA-DQA1,1.169593,1.5146085
TCGA-35-4122,LUAD,HLA-DRB1,1.1159575,1.8930005
TCGA-35-4122,LUAD,CMKLR1,1.0894078,1.2937416
TCGA-35-4122,LUAD,HLA-E,1.168096,0.93065023
TCGA-35-4122,LUAD,NKG7,1.3309435,1.8460118
TCGA-35-4122,LUAD,CD8A,1.4470392,1.4987351
TCGA-35-4122,LUAD,CCL5,1.2183311,1.3994282
TCGA-35-4122,LUAD,CXCL9,1.2784328,0.6712146
TCGA-35-4122,LUAD,CD27,0.77669317,1.0271466
TCGA-35-4122,LUAD,CXCR6,1.328799,2.0957115
TCGA-35-4122,LUAD,IDO1,0.9861704,1.468853
TCGA-35-4122,LUAD,STAT1,1.4644758,0.7684541
TCGA-35-4122,LUAD,CD274,1.4166176,0.9547139
TCGA-35-4122,LUAD,CD276,-0.27237603,0.6921413
TCGA-35-4122,LUAD,LAG3,1.2085276,0.51652646
TCGA-35-4122,LUAD,PDCD1LG2,1.3215544,2.1468503
TCGA-35-4122,LUAD,TIGIT,1.2861055,0.30864066
TCGA-35-4122,LUAD,APM,1.2579682,1.7471092
TCGA-35-4122,LUAD,TIS,1.5105213,1.6388031
TCGA-75-7027,LUAD,TMB,0.26521295,0.036758572
TCGA-75-7027,LUAD,PSMB5,0.30243868,-0.10969033
TCGA-75-7027,LUAD,PSMB6,0.09353298,0.57137364
TCGA-75-7027,LUAD,PSMB7,-0.065491065,-0.6206858
TCGA-75-7027,LUAD,PSMB8,-0.005270946,-0.00044401982
TCGA-75-7027,LUAD,PSMB9,0.07223016,-1.0862145
TCGA-75-7027,LUAD,PSMB10,0.0723925,-0.57235
TCGA-75-7027,LUAD,TAP1,0.07049558,-0.7830933
TCGA-75-7027,LUAD,TAP2,0.18253365,-0.89782375
TCGA-75-7027,LUAD,ERAP1,0.11058861,0.8356047
TCGA-75-7027,LUAD,ERAP2,0.08878209,-1.3956558
TCGA-75-7027,LUAD,TAPBP,-0.03667362,-0.8704848
TCGA-75-7027,LUAD,CANX,0.079744875,0.24130292
TCGA-75-7027,LUAD,CALR,0.025919747,-0.3723879
TCGA-75-7027,LUAD,PDIA3,0.12819377,1.1941125
TCGA-75-7027,LUAD,B2M,-4.4214725e-05,-0.33017346
TCGA-75-7027,LUAD,HLA-A,0.3064038,-0.45027357
TCGA-75-7027,LUAD,HLA-B,-0.0679661,-0.39453074
TCGA-75-7027,LUAD,HLA-C,0.13487843,-0.78121614
TCGA-75-7027,LUAD,HLA-DQA1,0.12285392,-0.39656618
TCGA-75-7027,LUAD,HLA-DRB1,-0.1443594,-0.76970285
TCGA-75-7027,LUAD,CMKLR1,0.023434091,-0.80370134
TCGA-75-7027,LUAD,HLA-E,-0.15141658,-0.8421763
TCGA-75-7027,LUAD,NKG7,-0.011688286,-0.9131976
TCGA-75-7027,LUAD,CD8A,0.005763197,-0.6801346
TCGA-75-7027,LUAD,CCL5,-0.04021082,-0.6655295
TCGA-75-7027,LUAD,CXCL9,0.18125792,-0.37998086
TCGA-75-7027,LUAD,CD27,0.104276225,-0.90606564
TCGA-75-7027,LUAD,CXCR6,-0.10132464,-0.5561168
TCGA-75-7027,LUAD,IDO1,0.06806393,-0.72675735
TCGA-75-7027,LUAD,STAT1,0.24208534,-0.12470134
TCGA-75-7027,LUAD,CD274,-0.061082948,-1.0469061
TCGA-75-7027,LUAD,CD276,-0.198643,0.92071414
TCGA-75-7027,LUAD,LAG3,0.122750245,-0.8998408
TCGA-75-7027,LUAD,PDCD1LG2,-0.07158693,-0.5658536
TCGA-75-7027,LUAD,TIGIT,-0.1049905,-0.33512703
TCGA-75-7027,LUAD,APM,0.19360088,-0.6532891
TCGA-75-7027,LUAD,TIS,-0.026480008,-0.8092502
TCGA-44-6148,LUAD,TMB,-0.18042889,-2.3545282
TCGA-44-6148,LUAD,PSMB5,-0.5241319,-1.506936
TCGA-44-6148,LUAD,PSMB6,-0.38613698,-0.3645267
TCGA-44-6148,LUAD,PSMB7,-0.39307147,-1.0570354
TCGA-44-6148,LUAD,PSMB8,-0.5768653,-0.9613843
TCGA-44-6148,LUAD,PSMB9,-0.9429542,-1.0266118
TCGA-44-6148,LUAD,PSMB10,-0.44030815,-0.20357855
TCGA-44-6148,LUAD,TAP1,-1.1005493,-1.5834994
TCGA-44-6148,LUAD,TAP2,-1.0385358,-1.6231706
TCGA-44-6148,LUAD,ERAP1,-0.27980167,0.026390277
TCGA-44-6148,LUAD,ERAP2,-0.037130404,1.1392288
TCGA-44-6148,LUAD,TAPBP,-0.2763863,-0.33352542
TCGA-44-6148,LUAD,CANX,0.19369422,-0.018205313
TCGA-44-6148,LUAD,CALR,-0.185426,-1.4381562
TCGA-44-6148,LUAD,PDIA3,0.54472893,-0.6074653
TCGA-44-6148,LUAD,B2M,-0.61899406,-0.55247676
TCGA-44-6148,LUAD,HLA-A,-0.40046343,-0.87852967
TCGA-44-6148,LUAD,HLA-B,-0.4727296,-0.5164728
TCGA-44-6148,LUAD,HLA-C,-0.63957024,-0.38503796
TCGA-44-6148,LUAD,HLA-DQA1,-0.4717617,0.5501953
TCGA-44-6148,LUAD,HLA-DRB1,-0.15728155,0.7534003
TCGA-44-6148,LUAD,CMKLR1,-0.38287407,0.30349705
TCGA-44-6148,LUAD,HLA-E,-0.5937508,-0.15988259
TCGA-44-6148,LUAD,NKG7,-0.72380805,-0.49608
TCGA-44-6148,LUAD,CD8A,-0.57742065,-0.50421566
TCGA-44-6148,LUAD,CCL5,-0.63726676,-0.74517834
TCGA-44-6148,LUAD,CXCL9,-0.6528359,-1.4173952
TCGA-44-6148,LUAD,CD27,-0.5242765,0.6335192
TCGA-44-6148,LUAD,CXCR6,-0.51184577,0.07852445
TCGA-44-6148,LUAD,IDO1,-0.6329503,-0.9886214
TCGA-44-6148,LUAD,STAT1,-0.6542411,-1.3676503
TCGA-44-6148,LUAD,CD274,-0.90559614,-0.63935834
TCGA-44-6148,LUAD,CD276,-0.5936431,-1.6532956
TCGA-44-6148,LUAD,LAG3,-0.56240207,1.0158712
TCGA-44-6148,LUAD,PDCD1LG2,-0.9682991,-0.35589382
TCGA-44-6148,LUAD,TIGIT,-0.6805621,-0.82114625
TCGA-44-6148,LUAD,APM,-0.7838615,-0.9106475
TCGA-44-6148,LUAD,TIS,-0.8490871,-0.36617303
TCGA-55-6971,LUAD,TMB,0.490371,-1.0129255
TCGA-55-6971,LUAD,PSMB5,-0.39708376,-0.0900017
TCGA-55-6971,LUAD,PSMB6,-0.10749849,-0.43537542
TCGA-55-6971,LUAD,PSMB7,-0.37690988,-0.83248705
TCGA-55-6971,LUAD,PSMB8,0.7315524,0.15209778
TCGA-55-6971,LUAD,PSMB9,0.4692728,0.6313228
TCGA-55-6971,LUAD,PSMB10,0.66646993,0.64361
TCGA-55-6971,LUAD,TAP1,0.5475007,0.6379506
TCGA-55-6971,LUAD,TAP2,0.64842945,1.0701816
TCGA-55-6971,LUAD,ERAP1,0.90734005,0.37001652
TCGA-55-6971,LUAD,ERAP2,0.33782175,1.0743403
TCGA-55-6971,LUAD,TAPBP,0.54939455,0.55810976
TCGA-55-6971,LUAD,CANX,0.57232195,0.33166838
TCGA-55-6971,LUAD,CALR,0.30574313,-0.04753186
TCGA-55-6971,LUAD,PDIA3,0.6193019,0.065121695
TCGA-55-6971,LUAD,B2M,0.78722954,0.780442
TCGA-55-6971,LUAD,HLA-A,0.6949341,0.14334066
TCGA-55-6971,LUAD,HLA-B,0.6543299,0.60280555
TCGA-55-6971,LUAD,HLA-C,0.72947,0.73836684
TCGA-55-6971,LUAD,HLA-DQA1,0.60936445,0.82846254
TCGA-55-6971,LUAD,HLA-DRB1,0.55751497,0.675983
TCGA-55-6971,LUAD,CMKLR1,0.96162623,1.7745146
TCGA-55-6971,LUAD,HLA-E,0.5527362,0.7826787
TCGA-55-6971,LUAD,NKG7,0.99610054,1.3904252
TCGA-55-6971,LUAD,CD8A,1.1847261,1.8690163
TCGA-55-6971,LUAD,CCL5,0.84540683,1.1170152
TCGA-55-6971,LUAD,CXCL9,0.9684943,1.0458795
TCGA-55-6971,LUAD,CD27,1.3608495,1.9587665
TCGA-55-6971,LUAD,CXCR6,1.1953429,1.8581507
TCGA-55-6971,LUAD,IDO1,0.64583063,1.2470161
TCGA-55-6971,LUAD,STAT1,0.8173504,1.2682354
TCGA-55-6971,LUAD,CD274,0.26720196,0.23132542
TCGA-55-6971,LUAD,CD276,-0.83744544,-0.64298046
TCGA-55-6971,LUAD,LAG3,0.9202391,1.8624284
TCGA-55-6971,LUAD,PDCD1LG2,0.65531313,1.1167284
TCGA-55-6971,LUAD,TIGIT,1.1940161,2.590094
TCGA-55-6971,LUAD,APM,0.6998992,0.7189482
TCGA-55-6971,LUAD,TIS,0.9527093,1.4664744
TCGA-49-6761,LUAD,TMB,-0.0060263453,-0.2687601
TCGA-49-6761,LUAD,PSMB5,-0.14556476,-0.56129265
TCGA-49-6761,LUAD,PSMB6,0.16746107,-0.003941709
TCGA-49-6761,LUAD,PSMB7,0.18516621,-0.20482813
TCGA-49-6761,LUAD,PSMB8,1.3083845,0.44444904
TCGA-49-6761,LUAD,PSMB9,1.1986492,0.3147807
TCGA-49-6761,LUAD,PSMB10,1.0515834,0.019808585
TCGA-49-6761,LUAD,TAP1,0.911689,0.6065158
TCGA-49-6761,LUAD,TAP2,1.1554925,0.89610106
TCGA-49-6761,LUAD,ERAP1,0.5807262,-1.0377932
TCGA-49-6761,LUAD,ERAP2,0.72101384,1.0953673
TCGA-49-6761,LUAD,TAPBP,0.77006465,0.78135335
TCGA-49-6761,LUAD,CANX,0.15422955,0.46120086
TCGA-49-6761,LUAD,CALR,-0.006509125,-0.18601564
TCGA-49-6761,LUAD,PDIA3,-0.31536657,-0.80585873
TCGA-49-6761,LUAD,B2M,1.042124,-0.24226907
TCGA-49-6761,LUAD,HLA-A,1.0950167,1.0345768
TCGA-49-6761,LUAD,HLA-B,1.0354264,-0.094650894
TCGA-49-6761,LUAD,HLA-C,1.0617203,0.014348229
TCGA-49-6761,LUAD,HLA-DQA1,0.9236995,0.401432
TCGA-49-6761,LUAD,HLA-DRB1,1.089595,0.41642982
TCGA-49-6761,LUAD,CMKLR1,0.92680275,0.6144372
TCGA-49-6761,LUAD,HLA-E,1.047378,-0.14764765
TCGA-49-6761,LUAD,NKG7,1.0214105,1.2158225
TCGA-49-6761,LUAD,CD8A,1.1671594,0.824487
TCGA-49-6761,LUAD,CCL5,1.046982,1.2824174
TCGA-49-6761,LUAD,CXCL9,0.9192649,0.93037874
TCGA-49-6761,LUAD,CD27,0.8397077,-0.20837247
TCGA-49-6761,LUAD,CXCR6,1.0091203,0.9970264
TCGA-49-6761,LUAD,IDO1,0.8539732,0.30685985
TCGA-49-6761,LUAD,STAT1,0.81628466,0.87684727
TCGA-49-6761,LUAD,CD274,0.616503,1.3880948
TCGA-49-6761,LUAD,CD276,-0.23722811,0.6557636
TCGA-49-6761,LUAD,LAG3,0.8214337,1.670139
TCGA-49-6761,LUAD,PDCD1LG2,0.8743509,0.085954696
TCGA-49-6761,LUAD,TIGIT,1.0310105,1.7224243
TCGA-49-6761,LUAD,APM,0.99827063,0.37516338
TCGA-49-6761,LUAD,TIS,1.2676222,0.85433036
TCGA-44-A47B,LUAD,TMB,-0.06756064,-1.505795
TCGA-44-A47B,LUAD,PSMB5,-0.7348474,-1.2052151
TCGA-44-A47B,LUAD,PSMB6,-0.44881827,-1.9373263
TCGA-44-A47B,LUAD,PSMB7,-0.5030672,-1.359603
TCGA-44-A47B,LUAD,PSMB8,0.4788395,-0.9159637
TCGA-44-A47B,LUAD,PSMB9,0.5993172,-0.55341244
TCGA-44-A47B,LUAD,PSMB10,0.49877232,-0.52000296
TCGA-44-A47B,LUAD,TAP1,0.40429562,-0.5129136
TCGA-44-A47B,LUAD,TAP2,0.47022313,-0.44862798
TCGA-44-A47B,LUAD,ERAP1,0.6854023,-0.406293
TCGA-44-A47B,LUAD,ERAP2,0.31968153,-1.0649816
TCGA-44-A47B,LUAD,TAPBP,0.23814324,0.21349481
TCGA-44-A47B,LUAD,CANX,0.122964405,-0.4395475
TCGA-44-A47B,LUAD,CALR,-0.024229879,-0.5551451
TCGA-44-A47B,LUAD,PDIA3,0.26503292,-0.22334912
TCGA-44-A47B,LUAD,B2M,0.74663657,-0.090948224
TCGA-44-A47B,LUAD,HLA-A,0.37332794,-0.5260391
TCGA-44-A47B,LUAD,HLA-B,0.55523765,-0.60865843
TCGA-44-A47B,LUAD,HLA-C,0.5567722,-0.6423682
TCGA-44-A47B,LUAD,HLA-DQA1,0.8043035,-0.40597722
TCGA-44-A47B,LUAD,HLA-DRB1,0.5945205,-0.1761829
TCGA-44-A47B,LUAD,CMKLR1,0.81033915,-0.08575362
TCGA-44-A47B,LUAD,HLA-E,0.34506607,-0.24052505
TCGA-44-A47B,LUAD,NKG7,0.50101453,0.12146291
TCGA-44-A47B,LUAD,CD8A,0.7272295,0.7954393
TCGA-44-A47B,LUAD,CCL5,0.5248579,0.55283886
TCGA-44-A47B,LUAD,CXCL9,0.76014024,0.25118065
TCGA-44-A47B,LUAD,CD27,0.70698214,-0.7170299
TCGA-44-A47B,LUAD,CXCR6,0.79158944,0.28073162
TCGA-44-A47B,LUAD,IDO1,0.6187365,-0.24864621
TCGA-44-A47B,LUAD,STAT1,0.8705366,-0.19053277
TCGA-44-A47B,LUAD,CD274,0.24183242,-0.9199682
TCGA-44-A47B,LUAD,CD276,-0.68045884,-0.8058899
TCGA-44-A47B,LUAD,LAG3,0.73394763,1.191151
TCGA-44-A47B,LUAD,PDCD1LG2,0.57117856,-0.6559614
TCGA-44-A47B,LUAD,TIGIT,0.7248565,0.043642648
TCGA-44-A47B,LUAD,APM,0.39352053,-0.9929819
TCGA-44-A47B,LUAD,TIS,0.94532,-0.22369467
TCGA-99-7458,LUAD,TMB,-0.14640191,1.0233778
TCGA-99-7458,LUAD,PSMB5,-0.62987125,-1.7107584
TCGA-99-7458,LUAD,PSMB6,-0.60394907,-1.6603677
TCGA-99-7458,LUAD,PSMB7,-0.48920506,-0.8283795
TCGA-99-7458,LUAD,PSMB8,0.5673167,0.27877182
TCGA-99-7458,LUAD,PSMB9,0.54311067,0.41499737
TCGA-99-7458,LUAD,PSMB10,0.56976205,1.1161649
TCGA-99-7458,LUAD,TAP1,0.28895804,0.41641915
TCGA-99-7458,LUAD,TAP2,0.3861274,0.124273226
TCGA-99-7458,LUAD,ERAP1,0.22729048,2.4222276
TCGA-99-7458,LUAD,ERAP2,0.6099515,-0.6928099
TCGA-99-7458,LUAD,TAPBP,0.33123732,0.29845515
TCGA-99-7458,LUAD,CANX,0.19525895,1.2397753
TCGA-99-7458,LUAD,CALR,-0.33796895,-0.07029834
TCGA-99-7458,LUAD,PDIA3,-0.41859204,-0.4038571
TCGA-99-7458,LUAD,B2M,0.60729825,1.0093925
TCGA-99-7458,LUAD,HLA-A,0.60035545,0.79255503
TCGA-99-7458,LUAD,HLA-B,0.91545945,0.93256664
TCGA-99-7458,LUAD,HLA-C,0.8728382,1.078198
TCGA-99-7458,LUAD,HLA-DQA1,0.9454979,0.9666274
TCGA-99-7458,LUAD,HLA-DRB1,1.156636,1.056325
TCGA-99-7458,LUAD,CMKLR1,0.79280555,0.7376389
TCGA-99-7458,LUAD,HLA-E,1.0246212,0.66869336
TCGA-99-7458,LUAD,NKG7,0.20180818,0.5866176
TCGA-99-7458,LUAD,CD8A,0.3786002,1.2162046
TCGA-99-7458,LUAD,CCL5,0.28544587,0.94513017
TCGA-99-7458,LUAD,CXCL9,0.35962322,0.99644834
TCGA-99-7458,LUAD,CD27,0.5185769,0.6237958
TCGA-99-7458,LUAD,CXCR6,0.4760604,1.2749555
TCGA-99-7458,LUAD,IDO1,0.298851,-0.13733426
TCGA-99-7458,LUAD,STAT1,0.37303686,0.63724416
TCGA-99-7458,LUAD,CD274,0.22904296,1.1772985
TCGA-99-7458,LUAD,CD276,-0.65506446,-0.92666763
TCGA-99-7458,LUAD,LAG3,0.1786908,0.044265885
TCGA-99-7458,LUAD,PDCD1LG2,0.35934725,1.0139836
TCGA-99-7458,LUAD,TIGIT,0.4741695,1.6419584
TCGA-99-7458,LUAD,APM,0.54573643,0.5428654
TCGA-99-7458,LUAD,TIS,0.5618337,0.91025084
TCGA-53-7624,LUAD,TMB,0.73604393,1.699297
TCGA-53-7624,LUAD,PSMB5,0.21053128,-0.5511462
TCGA-53-7624,LUAD,PSMB6,0.24500147,0.66160065
TCGA-53-7624,LUAD,PSMB7,0.15350418,0.7282688
TCGA-53-7624,LUAD,PSMB8,0.42299104,1.1836351
TCGA-53-7624,LUAD,PSMB9,0.36371922,1.691847
TCGA-53-7624,LUAD,PSMB10,0.16936521,1.1507233
TCGA-53-7624,LUAD,TAP1,0.080369934,2.3243995
TCGA-53-7624,LUAD,TAP2,0.10168481,2.866939
TCGA-53-7624,LUAD,ERAP1,-0.2778383,0.4059974
TCGA-53-7624,LUAD,ERAP2,0.04823581,-0.41028687
TCGA-53-7624,LUAD,TAPBP,-0.07728471,1.3970981
TCGA-53-7624,LUAD,CANX,0.1971877,-0.79501796
TCGA-53-7624,LUAD,CALR,0.10937271,-0.6571452
TCGA-53-7624,LUAD,PDIA3,0.063756526,-0.23941627
TCGA-53-7624,LUAD,B2M,0.10331732,0.84924614
TCGA-53-7624,LUAD,HLA-A,0.19551656,0.11778942
TCGA-53-7624,LUAD,HLA-B,0.14422111,0.0747066
TCGA-53-7624,LUAD,HLA-C,0.026147295,1.1242865
TCGA-53-7624,LUAD,HLA-DQA1,0.061906733,-0.33611122
TCGA-53-7624,LUAD,HLA-DRB1,-0.14372717,-0.2003346
TCGA-53-7624,LUAD,CMKLR1,0.18733768,-0.53478694
TCGA-53-7624,LUAD,HLA-E,-0.14004835,0.7889957
TCGA-53-7624,LUAD,NKG7,0.41778955,-0.01799955
TCGA-53-7624,LUAD,CD8A,0.23960558,-0.3249745
TCGA-53-7624,LUAD,CCL5,0.1537793,0.8962507
TCGA-53-7624,LUAD,CXCL9,0.16675013,0.8243033
TCGA-53-7624,LUAD,CD27,-0.19092308,-0.8409015
TCGA-53-7624,LUAD,CXCR6,-0.0135741085,-0.5111294
TCGA-53-7624,LUAD,IDO1,0.18829784,1.395337
TCGA-53-7624,LUAD,STAT1,0.3559137,2.2409909
TCGA-53-7624,LUAD,CD274,0.059157412,0.55635345
TCGA-53-7624,LUAD,CD276,-0.46762896,2.0068684
TCGA-53-7624,LUAD,LAG3,0.16651335,0.5525211
TCGA-53-7624,LUAD,PDCD1LG2,0.104893945,0.75455064
TCGA-53-7624,LUAD,TIGIT,-0.062607035,-0.43745846
TCGA-53-7624,LUAD,APM,0.062242545,1.1060807
TCGA-53-7624,LUAD,TIS,0.092600055,0.75823027
TCGA-69-8255,LUAD,TMB,0.22361374,0.36445424
TCGA-69-8255,LUAD,PSMB5,-0.083994314,1.33046
TCGA-69-8255,LUAD,PSMB6,-0.047503967,0.686305
TCGA-69-8255,LUAD,PSMB7,-0.060535073,0.3610992
TCGA-69-8255,LUAD,PSMB8,0.5826068,1.456048
TCGA-69-8255,LUAD,PSMB9,0.546101,1.2506162
TCGA-69-8255,LUAD,PSMB10,0.44817013,-0.0046420437
TCGA-69-8255,LUAD,TAP1,0.41463408,1.1333482
TCGA-69-8255,LUAD,TAP2,0.50286543,1.1411204
TCGA-69-8255,LUAD,ERAP1,0.5973586,0.302555
TCGA-69-8255,LUAD,ERAP2,0.31160948,0.3807722
TCGA-69-8255,LUAD,TAPBP,0.20357177,0.92362547
TCGA-69-8255,LUAD,CANX,0.4518485,1.1493652
TCGA-69-8255,LUAD,CALR,-0.00030308962,0.32217646
TCGA-69-8255,LUAD,PDIA3,0.17388465,1.9240072
TCGA-69-8255,LUAD,B2M,0.54691,0.75241977
TCGA-69-8255,LUAD,HLA-A,0.36549443,-0.2018612
TCGA-69-8255,LUAD,HLA-B,0.44303852,-0.07635264
TCGA-69-8255,LUAD,HLA-C,0.5119165,-0.4748393
TCGA-69-8255,LUAD,HLA-DQA1,0.40195313,0.18018377
TCGA-69-8255,LUAD,HLA-DRB1,0.21659324,-0.11117929
TCGA-69-8255,LUAD,CMKLR1,0.6405627,0.810966
TCGA-69-8255,LUAD,HLA-E,0.31301713,0.5084748
TCGA-69-8255,LUAD,NKG7,0.4892606,2.3047414
TCGA-69-8255,LUAD,CD8A,0.68338555,2.1033227
TCGA-69-8255,LUAD,CCL5,0.4566164,1.6701453
TCGA-69-8255,LUAD,CXCL9,0.54518545,1.4956305
TCGA-69-8255,LUAD,CD27,0.467169,0.54346615
TCGA-69-8255,LUAD,CXCR6,0.53765774,2.8943698
TCGA-69-8255,LUAD,IDO1,0.47830677,0.34525952
TCGA-69-8255,LUAD,STAT1,0.74625117,1.8867809
TCGA-69-8255,LUAD,CD274,0.2109055,-0.17199157
TCGA-69-8255,LUAD,CD276,-0.47502214,-1.2837974
TCGA-69-8255,LUAD,LAG3,0.60490674,2.6708758
TCGA-69-8255,LUAD,PDCD1LG2,0.5948829,-0.12374043
TCGA-69-8255,LUAD,TIGIT,0.601003,1.3968421
TCGA-69-8255,LUAD,APM,0.5925098,0.9847369
TCGA-69-8255,LUAD,TIS,0.58682185,1.4893017
TCGA-93-A4JN,LUAD,TMB,-0.33234715,-1.1845106
TCGA-93-A4JN,LUAD,PSMB5,-0.43293405,-0.65642554
TCGA-93-A4JN,LUAD,PSMB6,-0.4359401,-0.8933526
TCGA-93-A4JN,LUAD,PSMB7,-0.4560163,-1.4075305
TCGA-93-A4JN,LUAD,PSMB8,0.037294965,0.75701547
TCGA-93-A4JN,LUAD,PSMB9,0.088615276,0.7418387
TCGA-93-A4JN,LUAD,PSMB10,0.19568744,0.028626839
TCGA-93-A4JN,LUAD,TAP1,-0.3620004,0.8674023
TCGA-93-A4JN,LUAD,TAP2,-0.242902,0.66373336
TCGA-93-A4JN,LUAD,ERAP1,-0.1934263,-0.46010998
TCGA-93-A4JN,LUAD,ERAP2,0.41797882,-0.7178985
TCGA-93-A4JN,LUAD,TAPBP,0.1046948,0.81480324
TCGA-93-A4JN,LUAD,CANX,0.045488514,-1.2273518
TCGA-93-A4JN,LUAD,CALR,-0.53605986,-0.16993491
TCGA-93-A4JN,LUAD,PDIA3,-0.34017166,-0.5274784
TCGA-93-A4JN,LUAD,B2M,0.021887565,-0.015232889
TCGA-93-A4JN,LUAD,HLA-A,0.24006419,1.0460011
TCGA-93-A4JN,LUAD,HLA-B,0.27641436,0.9085396
TCGA-93-A4JN,LUAD,HLA-C,0.21428438,1.2308384
TCGA-93-A4JN,LUAD,HLA-DQA1,0.660452,-0.40822813
TCGA-93-A4JN,LUAD,HLA-DRB1,0.6846344,0.19242193
TCGA-93-A4JN,LUAD,CMKLR1,0.13981925,-0.13655932
TCGA-93-A4JN,LUAD,HLA-E,0.34724975,0.2490477
TCGA-93-A4JN,LUAD,NKG7,-0.09071403,-0.75499886
TCGA-93-A4JN,LUAD,CD8A,-0.2061378,-0.88798213
TCGA-93-A4JN,LUAD,CCL5,-0.030972457,-0.75922614
TCGA-93-A4JN,LUAD,CXCL9,-0.17034614,-0.6648225
TCGA-93-A4JN,LUAD,CD27,0.22677012,0.7414927
TCGA-93-A4JN,LUAD,CXCR6,-0.03278932,-0.31477904
TCGA-93-A4JN,LUAD,IDO1,0.0046542524,-0.2451363
TCGA-93-A4JN,LUAD,STAT1,-0.3164373,0.4805103
TCGA-93-A4JN,LUAD,CD274,0.00015895069,-0.36085725
TCGA-93-A4JN,LUAD,CD276,-0.42055273,-0.4563549
TCGA-93-A4JN,LUAD,LAG3,-0.031497695,1.3714341
TCGA-93-A4JN,LUAD,PDCD1LG2,-0.13191222,-0.4724402
TCGA-93-A4JN,LUAD,TIGIT,0.18546252,0.44697064
TCGA-93-A4JN,LUAD,APM,0.03103503,0.3214456
TCGA-93-A4JN,LUAD,TIS,-0.031519473,-0.11511313
TCGA-44-7660,LUAD,TMB,0.28803366,0.5137441
TCGA-44-7660,LUAD,PSMB5,-0.331307,0.1841385
TCGA-44-7660,LUAD,PSMB6,-0.23073153,0.18105778
TCGA-44-7660,LUAD,PSMB7,-0.46450943,-1.0909265
TCGA-44-7660,LUAD,PSMB8,-0.40623745,-0.48188233
TCGA-44-7660,LUAD,PSMB9,-0.41446367,-0.32321686
TCGA-44-7660,LUAD,PSMB10,-0.618514,-0.1253925
TCGA-44-7660,LUAD,TAP1,-0.3817403,-0.89868534
TCGA-44-7660,LUAD,TAP2,-0.34291452,-0.47742945
TCGA-44-7660,LUAD,ERAP1,-0.114942685,-0.5156971
TCGA-44-7660,LUAD,ERAP2,0.18169093,-0.9644895
TCGA-44-7660,LUAD,TAPBP,-0.2061344,0.44862288
TCGA-44-7660,LUAD,CANX,0.31581777,-0.24426146
TCGA-44-7660,LUAD,CALR,-0.04163898,-0.32403308
TCGA-44-7660,LUAD,PDIA3,-0.03247573,-0.12408436
TCGA-44-7660,LUAD,B2M,-0.29179305,-0.74447423
TCGA-44-7660,LUAD,HLA-A,-0.26698685,-0.17272168
TCGA-44-7660,LUAD,HLA-B,-0.4523204,-0.37266722
TCGA-44-7660,LUAD,HLA-C,-0.40827188,-0.8122543
TCGA-44-7660,LUAD,HLA-DQA1,-0.14905496,0.14377159
TCGA-44-7660,LUAD,HLA-DRB1,-0.34580764,-0.13708389
TCGA-44-7660,LUAD,CMKLR1,-0.04163035,-0.41899908
TCGA-44-7660,LUAD,HLA-E,-0.6556266,-1.24291
TCGA-44-7660,LUAD,NKG7,-0.43086165,-0.21245752
TCGA-44-7660,LUAD,CD8A,-0.39947528,-0.7905923
TCGA-44-7660,LUAD,CCL5,-0.39023787,-0.48144716
TCGA-44-7660,LUAD,CXCL9,-0.21843752,0.21484257
TCGA-44-7660,LUAD,CD27,-0.22553167,-0.43575948
TCGA-44-7660,LUAD,CXCR6,-0.05829419,-0.56141055
TCGA-44-7660,LUAD,IDO1,-0.2606961,0.24357668
TCGA-44-7660,LUAD,STAT1,0.20768094,-0.7681602
TCGA-44-7660,LUAD,CD274,-0.5613819,-0.059238255
TCGA-44-7660,LUAD,CD276,-0.64610934,-0.57113314
TCGA-44-7660,LUAD,LAG3,-0.21259415,0.9008331
TCGA-44-7660,LUAD,PDCD1LG2,-0.22779322,-0.38499156
TCGA-44-7660,LUAD,TIGIT,-0.10761472,0.40026334
TCGA-44-7660,LUAD,APM,-0.48352957,-0.6429556
TCGA-44-7660,LUAD,TIS,-0.35736883,-0.488295
TCGA-86-8278,LUAD,TMB,-0.42921734,-0.90882486
TCGA-86-8278,LUAD,PSMB5,-0.17336226,-0.738431
TCGA-86-8278,LUAD,PSMB6,-0.41570473,-1.809803
TCGA-86-8278,LUAD,PSMB7,-0.32186666,-0.18278016
TCGA-86-8278,LUAD,PSMB8,0.36334437,-0.10160686
TCGA-86-8278,LUAD,PSMB9,0.10394704,-0.90892076
TCGA-86-8278,LUAD,PSMB10,0.23524508,0.013017718
TCGA-86-8278,LUAD,TAP1,0.11170019,-0.25761247
TCGA-86-8278,LUAD,TAP2,0.09414114,-0.5184381
TCGA-86-8278,LUAD,ERAP1,0.47370663,1.0310576
TCGA-86-8278,LUAD,ERAP2,0.16089532,0.86893743
TCGA-86-8278,LUAD,TAPBP,0.37195197,-0.01130958
TCGA-86-8278,LUAD,CANX,0.46240583,1.5183543
TCGA-86-8278,LUAD,CALR,0.13194826,2.4324408
TCGA-86-8278,LUAD,PDIA3,0.35070693,1.0302397
TCGA-86-8278,LUAD,B2M,0.47521132,0.29606307
TCGA-86-8278,LUAD,HLA-A,0.44364196,0.95854145
TCGA-86-8278,LUAD,HLA-B,0.42731062,0.4093081
TCGA-86-8278,LUAD,HLA-C,0.4591228,0.38521484
TCGA-86-8278,LUAD,HLA-DQA1,0.38278294,0.2717965
TCGA-86-8278,LUAD,HLA-DRB1,0.500064,0.66641396
TCGA-86-8278,LUAD,CMKLR1,0.24963793,-0.15028347
TCGA-86-8278,LUAD,HLA-E,0.3727938,0.32379833
TCGA-86-8278,LUAD,NKG7,0.16670543,-0.7952757
TCGA-86-8278,LUAD,CD8A,-0.011284208,-0.80931926
TCGA-86-8278,LUAD,CCL5,0.0743057,-0.38987738
TCGA-86-8278,LUAD,CXCL9,0.11983602,-0.23541366
TCGA-86-8278,LUAD,CD27,0.29980025,0.032077443
TCGA-86-8278,LUAD,CXCR6,0.25631312,-0.5785758
TCGA-86-8278,LUAD,IDO1,0.27953827,1.2234911
TCGA-86-8278,LUAD,STAT1,0.28337172,-0.23654068
TCGA-86-8278,LUAD,CD274,-0.1739814,-0.075497754
TCGA-86-8278,LUAD,CD276,-0.2475079,1.1239077
TCGA-86-8278,LUAD,LAG3,0.058962017,1.3529488
TCGA-86-8278,LUAD,PDCD1LG2,-0.04452412,-0.19699137
TCGA-86-8278,LUAD,TIGIT,0.18938956,-0.957714
TCGA-86-8278,LUAD,APM,0.24117811,0.3800144
TCGA-86-8278,LUAD,TIS,0.3351588,0.06765568
TCGA-44-3919,LUAD,TMB,0.4523921,-1.73036
TCGA-44-3919,LUAD,PSMB5,-0.67255116,-0.7336998
TCGA-44-3919,LUAD,PSMB6,-0.44017568,-1.2210612
TCGA-44-3919,LUAD,PSMB7,-0.37708777,-0.29064044
TCGA-44-3919,LUAD,PSMB8,1.2154235,0.8774315
TCGA-44-3919,LUAD,PSMB9,1.2208159,0.8173545
TCGA-44-3919,LUAD,PSMB10,1.1110672,0.37634763
TCGA-44-3919,LUAD,TAP1,1.05812,0.87935764
TCGA-44-3919,LUAD,TAP2,1.2268087,0.58251286
TCGA-44-3919,LUAD,ERAP1,0.8403435,1.2440226
TCGA-44-3919,LUAD,ERAP2,0.76143193,0.9612006
TCGA-44-3919,LUAD,TAPBP,0.90822953,0.42445615
TCGA-44-3919,LUAD,CANX,0.39853683,0.24184963
TCGA-44-3919,LUAD,CALR,-0.13005751,0.405799
TCGA-44-3919,LUAD,PDIA3,-0.50469387,-0.98044896
TCGA-44-3919,LUAD,B2M,1.155328,0.80585074
TCGA-44-3919,LUAD,HLA-A,1.0423975,1.4734019
TCGA-44-3919,LUAD,HLA-B,1.2462972,1.236091
TCGA-44-3919,LUAD,HLA-C,1.199874,1.0585904
TCGA-44-3919,LUAD,HLA-DQA1,1.310385,1.3240211
TCGA-44-3919,LUAD,HLA-DRB1,1.1805067,1.4195622
TCGA-44-3919,LUAD,CMKLR1,1.5173703,1.269594
TCGA-44-3919,LUAD,HLA-E,1.0933295,0.82284534
TCGA-44-3919,LUAD,NKG7,1.0330503,0.43401387
TCGA-44-3919,LUAD,CD8A,1.2927096,0.8734327
TCGA-44-3919,LUAD,CCL5,1.0189344,0.4276601
TCGA-44-3919,LUAD,CXCL9,1.2579505,1.0889095
TCGA-44-3919,LUAD,CD27,1.0925006,1.0862666
TCGA-44-3919,LUAD,CXCR6,1.3212998,0.8290072
TCGA-44-3919,LUAD,IDO1,0.865564,0.96205413
TCGA-44-3919,LUAD,STAT1,1.3892944,1.2018678
TCGA-44-3919,LUAD,CD274,0.73685205,0.5894475
TCGA-44-3919,LUAD,CD276,-0.6402858,-0.75098294
TCGA-44-3919,LUAD,LAG3,1.1276697,0.4156834
TCGA-44-3919,LUAD,PDCD1LG2,1.0375793,0.8856655
TCGA-44-3919,LUAD,TIGIT,1.3885058,0.9669884
TCGA-44-3919,LUAD,APM,1.253466,0.9363962
TCGA-44-3919,LUAD,TIS,1.3821323,0.95804036
TCGA-95-7039,LUAD,TMB,0.44324565,2.3155994
TCGA-95-7039,LUAD,PSMB5,-0.076577604,-0.43694493
TCGA-95-7039,LUAD,PSMB6,-0.30206984,0.0011136613
TCGA-95-7039,LUAD,PSMB7,-0.34498164,-1.0437083
TCGA-95-7039,LUAD,PSMB8,-0.09825878,0.3822538
TCGA-95-7039,LUAD,PSMB9,0.029302556,-0.17018126
TCGA-95-7039,LUAD,PSMB10,-0.1076403,-0.086931944
TCGA-95-7039,LUAD,TAP1,-0.13904934,-0.050646413
TCGA-95-7039,LUAD,TAP2,-0.00869232,-0.40894848
TCGA-95-7039,LUAD,ERAP1,-0.45021915,-0.28226513
TCGA-95-7039,LUAD,ERAP2,0.09438626,0.8574137
TCGA-95-7039,LUAD,TAPBP,0.15244362,0.14425048
TCGA-95-7039,LUAD,CANX,-0.16305664,-0.70223683
TCGA-95-7039,LUAD,CALR,-0.19722614,-0.22967131
TCGA-95-7039,LUAD,PDIA3,-0.25751224,-0.7702899
TCGA-95-7039,LUAD,B2M,-0.23681393,-1.083135
TCGA-95-7039,LUAD,HLA-A,0.22799464,0.5337468
TCGA-95-7039,LUAD,HLA-B,0.17545241,0.19649749
TCGA-95-7039,LUAD,HLA-C,0.049613766,-0.15596253
TCGA-95-7039,LUAD,HLA-DQA1,0.21008734,-0.17985222
TCGA-95-7039,LUAD,HLA-DRB1,0.26742712,-0.30165395
TCGA-95-7039,LUAD,CMKLR1,-0.23981631,-0.26647377
TCGA-95-7039,LUAD,HLA-E,-0.03273146,0.2758268
TCGA-95-7039,LUAD,NKG7,-0.31927562,0.088235855
TCGA-95-7039,LUAD,CD8A,-0.19811721,0.044849418
TCGA-95-7039,LUAD,CCL5,-0.34496102,0.05673911
TCGA-95-7039,LUAD,CXCL9,-0.18409672,0.7319399
TCGA-95-7039,LUAD,CD27,0.050090093,-0.9956572
TCGA-95-7039,LUAD,CXCR6,-0.43483838,-0.3506078
TCGA-95-7039,LUAD,IDO1,-0.20145726,-0.4435824
TCGA-95-7039,LUAD,STAT1,-0.22958131,-0.14394118
TCGA-95-7039,LUAD,CD274,-0.2662627,0.20250483
TCGA-95-7039,LUAD,CD276,-0.26891986,-0.37699524
TCGA-95-7039,LUAD,LAG3,-0.14014904,0.7148256
TCGA-95-7039,LUAD,PDCD1LG2,-0.3882502,-0.29375327
TCGA-95-7039,LUAD,TIGIT,-0.15793504,-0.47456488
TCGA-95-7039,LUAD,APM,-0.09958151,-0.109034605
TCGA-95-7039,LUAD,TIS,-0.21615216,-0.2754146
TCGA-69-7980,LUAD,TMB,-0.021635067,1.7283508
TCGA-69-7980,LUAD,PSMB5,-0.31466824,-0.86817956
TCGA-69-7980,LUAD,PSMB6,-0.2833045,-0.04303681
TCGA-69-7980,LUAD,PSMB7,-0.32210565,-0.15992284
TCGA-69-7980,LUAD,PSMB8,0.051778883,0.81349915
TCGA-69-7980,LUAD,PSMB9,0.10141595,0.56357604
TCGA-69-7980,LUAD,PSMB10,0.05686154,0.92843723
TCGA-69-7980,LUAD,TAP1,-0.1541996,0.39265364
TCGA-69-7980,LUAD,TAP2,-0.12864973,1.0758425
TCGA-69-7980,LUAD,ERAP1,0.11999722,0.24560533
TCGA-69-7980,LUAD,ERAP2,0.26754096,1.5102489
TCGA-69-7980,LUAD,TAPBP,0.28580618,1.1176751
TCGA-69-7980,LUAD,CANX,0.33325166,-0.59770936
TCGA-69-7980,LUAD,CALR,-0.116478786,-0.28422394
TCGA-69-7980,LUAD,PDIA3,0.16270891,-0.36410314
TCGA-69-7980,LUAD,B2M,0.022732545,0.21270254
TCGA-69-7980,LUAD,HLA-A,0.15529469,1.0521562
TCGA-69-7980,LUAD,HLA-B,0.16822557,1.3786025
TCGA-69-7980,LUAD,HLA-C,0.17642829,0.7988044
TCGA-69-7980,LUAD,HLA-DQA1,0.33062306,-0.25761768
TCGA-69-7980,LUAD,HLA-DRB1,0.24453321,-0.16620171
TCGA-69-7980,LUAD,CMKLR1,0.105905056,0.5789824
TCGA-69-7980,LUAD,HLA-E,0.13322498,0.6394367
TCGA-69-7980,LUAD,NKG7,-0.2091318,0.60996646
TCGA-69-7980,LUAD,CD8A,0.01960507,0.6310442
TCGA-69-7980,LUAD,CCL5,-0.030948242,0.74265933
TCGA-69-7980,LUAD,CXCL9,7.27281e-05,1.0860976
TCGA-69-7980,LUAD,CD27,0.18731022,-0.14617518
TCGA-69-7980,LUAD,CXCR6,-0.002120185,0.9368216
TCGA-69-7980,LUAD,IDO1,0.0002584666,-0.03908064
TCGA-69-7980,LUAD,STAT1,0.035372384,0.8906485
TCGA-69-7980,LUAD,CD274,-0.2860386,0.26919037
TCGA-69-7980,LUAD,CD276,-0.49222144,1.3961527
TCGA-69-7980,LUAD,LAG3,-0.15463519,0.7059684
TCGA-69-7980,LUAD,PDCD1LG2,-0.21623573,-0.09102712
TCGA-69-7980,LUAD,TIGIT,0.06293768,0.36664155
TCGA-69-7980,LUAD,APM,0.07653339,0.9053316
TCGA-69-7980,LUAD,TIS,-0.08782725,0.6028983
TCGA-NJ-A55A,LUAD,TMB,-0.121936485,-0.9214378
TCGA-NJ-A55A,LUAD,PSMB5,-0.563939,-1.290068
TCGA-NJ-A55A,LUAD,PSMB6,-0.5769614,-1.1054296
TCGA-NJ-A55A,LUAD,PSMB7,-0.5776964,-0.8201708
TCGA-NJ-A55A,LUAD,PSMB8,0.13973452,-0.1723303
TCGA-NJ-A55A,LUAD,PSMB9,-0.007979927,-0.17273961
TCGA-NJ-A55A,LUAD,PSMB10,0.29034945,0.34077525
TCGA-NJ-A55A,LUAD,TAP1,-0.010673886,-0.5611644
TCGA-NJ-A55A,LUAD,TAP2,0.048371624,0.109752476
TCGA-NJ-A55A,LUAD,ERAP1,0.04413424,0.5235517
TCGA-NJ-A55A,LUAD,ERAP2,0.23980825,-0.46097034
TCGA-NJ-A55A,LUAD,TAPBP,0.38599366,0.15967086
TCGA-NJ-A55A,LUAD,CANX,-0.04454387,-0.69257754
TCGA-NJ-A55A,LUAD,CALR,-0.42518505,-1.6165955
TCGA-NJ-A55A,LUAD,PDIA3,-0.28399152,-1.008457
TCGA-NJ-A55A,LUAD,B2M,0.06804205,0.1409424
TCGA-NJ-A55A,LUAD,HLA-A,0.39805552,-0.37900087
TCGA-NJ-A55A,LUAD,HLA-B,0.3905146,-0.14833573
TCGA-NJ-A55A,LUAD,HLA-C,0.32599688,-0.19752176
TCGA-NJ-A55A,LUAD,HLA-DQA1,0.5250865,0.2158517
TCGA-NJ-A55A,LUAD,HLA-DRB1,0.65717775,0.26478857
TCGA-NJ-A55A,LUAD,CMKLR1,0.17164822,0.61796445
TCGA-NJ-A55A,LUAD,HLA-E,0.38154712,0.4317907
TCGA-NJ-A55A,LUAD,NKG7,-0.07718094,0.4203065
TCGA-NJ-A55A,LUAD,CD8A,-0.050444968,0.41986147
TCGA-NJ-A55A,LUAD,CCL5,0.007139814,0.715198
TCGA-NJ-A55A,LUAD,CXCL9,0.05327841,0.78777015
TCGA-NJ-A55A,LUAD,CD27,0.43681097,1.1295582
TCGA-NJ-A55A,LUAD,CXCR6,0.08662451,0.21676771
TCGA-NJ-A55A,LUAD,IDO1,-0.13560572,-0.5887898
TCGA-NJ-A55A,LUAD,STAT1,-0.12900402,-0.3856754
TCGA-NJ-A55A,LUAD,CD274,-0.29472408,-0.116233274
TCGA-NJ-A55A,LUAD,CD276,-0.5257106,-1.7039096
TCGA-NJ-A55A,LUAD,LAG3,0.21366182,0.16565724
TCGA-NJ-A55A,LUAD,PDCD1LG2,-0.41636437,0.06928987
TCGA-NJ-A55A,LUAD,TIGIT,0.18636821,0.95397615
TCGA-NJ-A55A,LUAD,APM,0.098226234,-0.49628606
TCGA-NJ-A55A,LUAD,TIS,0.10372297,0.21826003
TCGA-86-8673,LUAD,TMB,-0.021950724,0.97938305
TCGA-86-8673,LUAD,PSMB5,0.14230648,0.2507862
TCGA-86-8673,LUAD,PSMB6,0.35831428,0.9748864
TCGA-86-8673,LUAD,PSMB7,0.010390996,0.08728576
TCGA-86-8673,LUAD,PSMB8,0.052827604,0.08470897
TCGA-86-8673,LUAD,PSMB9,-0.1708592,0.012502395
TCGA-86-8673,LUAD,PSMB10,0.042651437,0.30697644
TCGA-86-8673,LUAD,TAP1,-0.36443934,-1.3012295
TCGA-86-8673,LUAD,TAP2,-0.44539684,-0.57330257
TCGA-86-8673,LUAD,ERAP1,-0.02943343,-1.2343074
TCGA-86-8673,LUAD,ERAP2,0.09911737,1.4036776
TCGA-86-8673,LUAD,TAPBP,0.32031405,0.3457429
TCGA-86-8673,LUAD,CANX,0.45480314,-0.68027616
TCGA-86-8673,LUAD,CALR,0.40098357,-0.19578551
TCGA-86-8673,LUAD,PDIA3,0.7908451,0.7608658
TCGA-86-8673,LUAD,B2M,-0.15921184,-0.7531689
TCGA-86-8673,LUAD,HLA-A,0.10669567,-0.040085156
TCGA-86-8673,LUAD,HLA-B,-0.041767202,-0.52296585
TCGA-86-8673,LUAD,HLA-C,0.06163051,-0.25477153
TCGA-86-8673,LUAD,HLA-DQA1,-0.22317739,-0.5664876
TCGA-86-8673,LUAD,HLA-DRB1,0.06664884,-0.40151727
TCGA-86-8673,LUAD,CMKLR1,-0.14769629,-0.6212059
TCGA-86-8673,LUAD,HLA-E,-0.18957253,-0.8970013
TCGA-86-8673,LUAD,NKG7,-0.045582023,0.6518828
TCGA-86-8673,LUAD,CD8A,-0.13423216,0.41759187
TCGA-86-8673,LUAD,CCL5,-0.009853256,0.60259855
TCGA-86-8673,LUAD,CXCL9,-0.4822464,-0.38611764
TCGA-86-8673,LUAD,CD27,-1.9088388e-06,-0.19841981
TCGA-86-8673,LUAD,CXCR6,-0.035402488,-0.16378313
TCGA-86-8673,LUAD,IDO1,-0.12996528,-0.2157248
TCGA-86-8673,LUAD,STAT1,-0.32948554,-1.3616428
TCGA-86-8673,LUAD,CD274,-0.4247116,-1.1185322
TCGA-86-8673,LUAD,CD276,-0.27283463,0.6073179
TCGA-86-8673,LUAD,LAG3,0.051750045,0.14929092
TCGA-86-8673,LUAD,PDCD1LG2,-0.52105755,-0.7207931
TCGA-86-8673,LUAD,TIGIT,-0.15568076,-0.3128618
TCGA-86-8673,LUAD,APM,-0.07429728,-0.0535115
TCGA-86-8673,LUAD,TIS,-0.21442358,-0.37344292
TCGA-69-7765,LUAD,TMB,-0.2794337,1.2710932
TCGA-69-7765,LUAD,PSMB5,-0.4836131,-1.1746703
TCGA-69-7765,LUAD,PSMB6,-0.5102687,-1.6398432
TCGA-69-7765,LUAD,PSMB7,-0.48691815,-0.7545962
TCGA-69-7765,LUAD,PSMB8,-0.01388743,-0.13855518
TCGA-69-7765,LUAD,PSMB9,0.04544946,0.032862734
TCGA-69-7765,LUAD,PSMB10,0.019317579,-0.38952708
TCGA-69-7765,LUAD,TAP1,-0.2391657,-0.17626815
TCGA-69-7765,LUAD,TAP2,-0.17598149,-0.13844372
TCGA-69-7765,LUAD,ERAP1,0.16672087,0.7101782
TCGA-69-7765,LUAD,ERAP2,0.33986762,-1.0587124
TCGA-69-7765,LUAD,TAPBP,0.18480864,0.21993406
TCGA-69-7765,LUAD,CANX,0.2041033,-0.2904916
TCGA-69-7765,LUAD,CALR,-0.42617816,-0.3866875
TCGA-69-7765,LUAD,PDIA3,-0.26840523,-1.2818378
TCGA-69-7765,LUAD,B2M,0.07120477,0.7607733
TCGA-69-7765,LUAD,HLA-A,0.08589954,0.21074587
TCGA-69-7765,LUAD,HLA-B,0.20268123,0.67092395
TCGA-69-7765,LUAD,HLA-C,0.24178907,0.2200214
TCGA-69-7765,LUAD,HLA-DQA1,0.37536544,0.4373809
TCGA-69-7765,LUAD,HLA-DRB1,0.46638662,0.9463053
TCGA-69-7765,LUAD,CMKLR1,0.011861059,-0.09883082
TCGA-69-7765,LUAD,HLA-E,0.1697981,0.34113848
TCGA-69-7765,LUAD,NKG7,-0.32945642,0.0004282884
TCGA-69-7765,LUAD,CD8A,-0.16885981,0.07610605
TCGA-69-7765,LUAD,CCL5,-0.2810845,-0.15200642
TCGA-69-7765,LUAD,CXCL9,-0.2365242,0.08346512
TCGA-69-7765,LUAD,CD27,-0.04518703,0.6025228
TCGA-69-7765,LUAD,CXCR6,-0.15494691,0.2514124
TCGA-69-7765,LUAD,IDO1,-0.06426189,-0.42264238
TCGA-69-7765,LUAD,STAT1,-0.14617863,0.4438634
TCGA-69-7765,LUAD,CD274,-0.24310835,-0.19493656
TCGA-69-7765,LUAD,CD276,-0.44707018,0.101304546
TCGA-69-7765,LUAD,LAG3,-0.49673438,-0.24375872
TCGA-69-7765,LUAD,PDCD1LG2,-0.26911566,-0.020245416
TCGA-69-7765,LUAD,TIGIT,-0.06628959,0.41826594
TCGA-69-7765,LUAD,APM,-0.101776026,-0.26103988
TCGA-69-7765,LUAD,TIS,-0.084229566,0.08198475
TCGA-44-A4SU,LUAD,TMB,0.079231724,-0.52468455
TCGA-44-A4SU,LUAD,PSMB5,-0.11642251,-0.016516669
TCGA-44-A4SU,LUAD,PSMB6,-0.018190902,-0.7289005
TCGA-44-A4SU,LUAD,PSMB7,-0.24258156,-1.5108069
TCGA-44-A4SU,LUAD,PSMB8,-0.053091507,0.2185651
TCGA-44-A4SU,LUAD,PSMB9,-0.21003985,-0.2889389
TCGA-44-A4SU,LUAD,PSMB10,-0.006084861,0.1282404
TCGA-44-A4SU,LUAD,TAP1,-0.39337307,-0.41398007
TCGA-44-A4SU,LUAD,TAP2,-0.5000557,-0.29851106
TCGA-44-A4SU,LUAD,ERAP1,-0.19070272,0.19090188
TCGA-44-A4SU,LUAD,ERAP2,-0.26762047,0.12597205
TCGA-44-A4SU,LUAD,TAPBP,0.07072823,0.64226425
TCGA-44-A4SU,LUAD,CANX,0.25179926,-0.8939926
TCGA-44-A4SU,LUAD,CALR,0.25062966,-0.6874927
TCGA-44-A4SU,LUAD,PDIA3,0.6763288,-0.7108519
TCGA-44-A4SU,LUAD,B2M,-0.23091249,-0.6362678
TCGA-44-A4SU,LUAD,HLA-A,0.24714994,0.5017701
TCGA-44-A4SU,LUAD,HLA-B,-0.11678074,0.47974417
TCGA-44-A4SU,LUAD,HLA-C,-0.04532797,0.57494843
TCGA-44-A4SU,LUAD,HLA-DQA1,-0.18320034,-0.48165432
TCGA-44-A4SU,LUAD,HLA-DRB1,-0.14560528,-0.17287546
TCGA-44-A4SU,LUAD,CMKLR1,0.024037635,-0.70275134
TCGA-44-A4SU,LUAD,HLA-E,-0.2861291,0.37689716
TCGA-44-A4SU,LUAD,NKG7,-0.1297786,-0.57792485
TCGA-44-A4SU,LUAD,CD8A,-0.29516453,-0.6000171
TCGA-44-A4SU,LUAD,CCL5,-0.016455892,-0.50201684
TCGA-44-A4SU,LUAD,CXCL9,-0.18670903,0.34789807
TCGA-44-A4SU,LUAD,CD27,0.34579635,1.29884
TCGA-44-A4SU,LUAD,CXCR6,0.03475718,-0.35038352
TCGA-44-A4SU,LUAD,IDO1,-0.09820838,0.8686997
TCGA-44-A4SU,LUAD,STAT1,-0.31372637,-0.6016623
TCGA-44-A4SU,LUAD,CD274,-0.72564024,-0.34829053
TCGA-44-A4SU,LUAD,CD276,-0.6732763,-0.50055355
TCGA-44-A4SU,LUAD,LAG3,0.12809698,-0.008950366
TCGA-44-A4SU,LUAD,PDCD1LG2,-0.48211727,-0.89883107
TCGA-44-A4SU,LUAD,TIGIT,0.014537111,0.34076497
TCGA-44-A4SU,LUAD,APM,-0.29688454,-0.10424794
TCGA-44-A4SU,LUAD,TIS,-0.20211951,-0.23649026
TCGA-78-7154,LUAD,TMB,0.49576893,-0.044195004
TCGA-78-7154,LUAD,PSMB5,0.13486902,-0.44652018
TCGA-78-7154,LUAD,PSMB6,0.027338112,-0.49523062
TCGA-78-7154,LUAD,PSMB7,0.067224436,-0.7699004
TCGA-78-7154,LUAD,PSMB8,-0.29488152,-0.5360793
TCGA-78-7154,LUAD,PSMB9,-0.23124838,-0.57457703
TCGA-78-7154,LUAD,PSMB10,-0.43201452,-0.47231266
TCGA-78-7154,LUAD,TAP1,-0.2312536,-0.7597425
TCGA-78-7154,LUAD,TAP2,-0.298019,-0.1549625
TCGA-78-7154,LUAD,ERAP1,-0.319334,0.7557583
TCGA-78-7154,LUAD,ERAP2,0.1327028,-1.4190215
TCGA-78-7154,LUAD,TAPBP,-0.13728136,-1.1624701
TCGA-78-7154,LUAD,CANX,0.31511384,2.30196
TCGA-78-7154,LUAD,CALR,0.26742524,-0.5911401
TCGA-78-7154,LUAD,PDIA3,-0.011508483,0.9407857
TCGA-78-7154,LUAD,B2M,-0.47760326,0.2114488
TCGA-78-7154,LUAD,HLA-A,-0.023370128,-0.12188963
TCGA-78-7154,LUAD,HLA-B,-0.4762044,-0.5945657
TCGA-78-7154,LUAD,HLA-C,-0.33886975,-0.49394915
TCGA-78-7154,LUAD,HLA-DQA1,-0.21328501,-0.66183436
TCGA-78-7154,LUAD,HLA-DRB1,-0.25004557,-0.71195847
TCGA-78-7154,LUAD,CMKLR1,-0.18228371,-0.16161972
TCGA-78-7154,LUAD,HLA-E,-0.6443615,-0.77536434
TCGA-78-7154,LUAD,NKG7,-0.15364613,-0.21653938
TCGA-78-7154,LUAD,CD8A,-0.24349542,-0.5186518
TCGA-78-7154,LUAD,CCL5,-0.3231333,-0.3669015
TCGA-78-7154,LUAD,CXCL9,-0.20473388,-0.009864585
TCGA-78-7154,LUAD,CD27,-0.3252564,-1.199579
TCGA-78-7154,LUAD,CXCR6,-0.21370065,-0.659664
TCGA-78-7154,LUAD,IDO1,-0.14589462,-0.437652
TCGA-78-7154,LUAD,STAT1,-0.09759128,0.33522326
TCGA-78-7154,LUAD,CD274,-0.474734,-0.9393034
TCGA-78-7154,LUAD,CD276,-0.5979867,-0.10565247
TCGA-78-7154,LUAD,LAG3,0.027840197,-0.96231323
TCGA-78-7154,LUAD,PDCD1LG2,-0.4858458,-0.8044167
TCGA-78-7154,LUAD,TIGIT,-0.27337688,-0.5936335
TCGA-78-7154,LUAD,APM,-0.24461031,-0.50660276
TCGA-78-7154,LUAD,TIS,-0.43224278,-0.83595175
TCGA-49-4488,LUAD,TMB,-0.11518018,0.34864804
TCGA-49-4488,LUAD,PSMB5,-0.04980298,1.8393588
TCGA-49-4488,LUAD,PSMB6,0.15404908,0.7030119
TCGA-49-4488,LUAD,PSMB7,0.029759109,0.9999265
TCGA-49-4488,LUAD,PSMB8,0.68278086,1.4974579
TCGA-49-4488,LUAD,PSMB9,0.4749143,1.2825606
TCGA-49-4488,LUAD,PSMB10,0.4749052,1.6088636
TCGA-49-4488,LUAD,TAP1,0.053219557,1.2184969
TCGA-49-4488,LUAD,TAP2,0.16677973,0.12986246
TCGA-49-4488,LUAD,ERAP1,0.01778971,-1.0608124
TCGA-49-4488,LUAD,ERAP2,0.27100053,0.6137562
TCGA-49-4488,LUAD,TAPBP,0.54450786,1.6477308
TCGA-49-4488,LUAD,CANX,0.11348462,-1.0790312
TCGA-49-4488,LUAD,CALR,0.09910029,0.09850446
TCGA-49-4488,LUAD,PDIA3,0.0654215,-0.5296701
TCGA-49-4488,LUAD,B2M,0.41630775,0.84335434
TCGA-49-4488,LUAD,HLA-A,0.73713,1.7076412
TCGA-49-4488,LUAD,HLA-B,0.49332672,1.5066651
TCGA-49-4488,LUAD,HLA-C,0.6000244,1.3212514
TCGA-49-4488,LUAD,HLA-DQA1,0.62083554,0.35591328
TCGA-49-4488,LUAD,HLA-DRB1,0.7042163,0.5830808
TCGA-49-4488,LUAD,CMKLR1,0.17020518,-0.68532276
TCGA-49-4488,LUAD,HLA-E,0.53714514,0.4881772
TCGA-49-4488,LUAD,NKG7,0.3288518,0.89566773
TCGA-49-4488,LUAD,CD8A,0.4490263,0.8750539
TCGA-49-4488,LUAD,CCL5,0.3428021,0.64042073
TCGA-49-4488,LUAD,CXCL9,0.2113121,0.6296674
TCGA-49-4488,LUAD,CD27,0.37164867,0.0403941
TCGA-49-4488,LUAD,CXCR6,0.41804752,0.23064163
TCGA-49-4488,LUAD,IDO1,0.35541043,0.21562733
TCGA-49-4488,LUAD,STAT1,0.18325189,-0.28311893
TCGA-49-4488,LUAD,CD274,0.12352268,0.14517589
TCGA-49-4488,LUAD,CD276,-0.31725764,-1.0904818
TCGA-49-4488,LUAD,LAG3,0.2224125,-0.506305
TCGA-49-4488,LUAD,PDCD1LG2,-0.023069292,-0.7392272
TCGA-49-4488,LUAD,TIGIT,0.50132895,-0.24233228
TCGA-49-4488,LUAD,APM,0.42936143,1.3759196
TCGA-49-4488,LUAD,TIS,0.5284281,0.21712975
TCGA-67-6215,LUAD,TMB,-0.32991865,-0.79996836
TCGA-67-6215,LUAD,PSMB5,-0.3292984,-1.3925002
TCGA-67-6215,LUAD,PSMB6,-0.44804558,-1.2697892
TCGA-67-6215,LUAD,PSMB7,-0.43209392,-0.77086806
TCGA-67-6215,LUAD,PSMB8,-0.32285172,-0.054025047
TCGA-67-6215,LUAD,PSMB9,-0.42383996,-0.6258214
TCGA-67-6215,LUAD,PSMB10,-0.3317722,0.6005155
TCGA-67-6215,LUAD,TAP1,-0.6909462,-0.57555336
TCGA-67-6215,LUAD,TAP2,-0.6240506,-0.5997712
TCGA-67-6215,LUAD,ERAP1,-0.27310047,0.66155446
TCGA-67-6215,LUAD,ERAP2,0.12543966,0.4130488
TCGA-67-6215,LUAD,TAPBP,-0.25875443,0.96531785
TCGA-67-6215,LUAD,CANX,0.2644955,2.144394
TCGA-67-6215,LUAD,CALR,-0.17985027,0.331932
TCGA-67-6215,LUAD,PDIA3,-0.08917419,0.51615644
TCGA-67-6215,LUAD,B2M,-0.2840603,-0.35629615
TCGA-67-6215,LUAD,HLA-A,-0.09599233,-0.52348596
TCGA-67-6215,LUAD,HLA-B,-0.14671424,-0.46393216
TCGA-67-6215,LUAD,HLA-C,-0.051055443,-0.4729786
TCGA-67-6215,LUAD,HLA-DQA1,0.22606644,0.037477955
TCGA-67-6215,LUAD,HLA-DRB1,0.4387167,0.5598448
TCGA-67-6215,LUAD,CMKLR1,-0.17668991,-0.24622233
TCGA-67-6215,LUAD,HLA-E,-0.013517952,0.2819708
TCGA-67-6215,LUAD,NKG7,-0.41802764,-1.0926814
TCGA-67-6215,LUAD,CD8A,-0.62131494,-1.2546389
TCGA-67-6215,LUAD,CCL5,-0.64914477,-1.4956992
TCGA-67-6215,LUAD,CXCL9,-0.58302814,-0.85099405
TCGA-67-6215,LUAD,CD27,-0.1423116,-1.1804979
TCGA-67-6215,LUAD,CXCR6,-0.11826925,-1.039529
TCGA-67-6215,LUAD,IDO1,-0.41393557,-1.163393
TCGA-67-6215,LUAD,STAT1,-0.40547436,-0.7617517
TCGA-67-6215,LUAD,CD274,-0.721565,-0.86016256
TCGA-67-6215,LUAD,CD276,-0.9686074,-0.21004239
TCGA-67-6215,LUAD,LAG3,-0.7601275,-1.3138447
TCGA-67-6215,LUAD,PDCD1LG2,-0.6154313,-0.97702646
TCGA-67-6215,LUAD,TIGIT,-0.4460364,-1.1626945
TCGA-67-6215,LUAD,APM,-0.32657066,-0.14684685
TCGA-67-6215,LUAD,TIS,-0.569466,-0.7681713
TCGA-62-A472,LUAD,TMB,-0.3209725,-1.3617975
TCGA-62-A472,LUAD,PSMB5,-0.5845442,-0.7732821
TCGA-62-A472,LUAD,PSMB6,-0.30692387,-1.2471752
TCGA-62-A472,LUAD,PSMB7,-0.36084467,-0.34550345
TCGA-62-A472,LUAD,PSMB8,0.57946,-0.08610464
TCGA-62-A472,LUAD,PSMB9,0.54884195,-0.08923148
TCGA-62-A472,LUAD,PSMB10,0.6754691,0.658379
TCGA-62-A472,LUAD,TAP1,0.26273707,-0.40659297
TCGA-62-A472,LUAD,TAP2,0.3829147,0.85926825
TCGA-62-A472,LUAD,ERAP1,0.33695155,-0.34165528
TCGA-62-A472,LUAD,ERAP2,0.42666483,0.99200505
TCGA-62-A472,LUAD,TAPBP,0.44316706,-0.74207884
TCGA-62-A472,LUAD,CANX,0.20074534,0.18505505
TCGA-62-A472,LUAD,CALR,-0.40638486,-2.032103
TCGA-62-A472,LUAD,PDIA3,0.0015356392,-0.93107444
TCGA-62-A472,LUAD,B2M,0.74852574,0.28533086
TCGA-62-A472,LUAD,HLA-A,0.5845019,-0.3673694
TCGA-62-A472,LUAD,HLA-B,0.7340545,-0.11049591
TCGA-62-A472,LUAD,HLA-C,0.9332886,-0.74833363
TCGA-62-A472,LUAD,HLA-DQA1,0.83217156,0.4724609
TCGA-62-A472,LUAD,HLA-DRB1,1.0241948,0.46232706
TCGA-62-A472,LUAD,CMKLR1,0.6612827,-0.019762661
TCGA-62-A472,LUAD,HLA-E,0.7026101,-0.6218776
TCGA-62-A472,LUAD,NKG7,0.49819595,0.460485
TCGA-62-A472,LUAD,CD8A,0.6257644,0.74401736
TCGA-62-A472,LUAD,CCL5,0.6390539,0.2662576
TCGA-62-A472,LUAD,CXCL9,0.40644103,0.43438923
TCGA-62-A472,LUAD,CD27,0.56550753,-0.29819053
TCGA-62-A472,LUAD,CXCR6,0.6524495,0.479183
TCGA-62-A472,LUAD,IDO1,0.32953826,-0.2697071
TCGA-62-A472,LUAD,STAT1,0.3585711,0.7951121
TCGA-62-A472,LUAD,CD274,0.44148368,0.8410927
TCGA-62-A472,LUAD,CD276,-0.6199593,-1.4710872
TCGA-62-A472,LUAD,LAG3,0.37559205,0.34250972
TCGA-62-A472,LUAD,PDCD1LG2,0.33831534,-0.25763157
TCGA-62-A472,LUAD,TIGIT,0.76594394,0.36040893
TCGA-62-A472,LUAD,APM,0.5757648,-0.24300745
TCGA-62-A472,LUAD,TIS,0.7467799,0.14089338
TCGA-55-6985,LUAD,TMB,0.2356523,0.8761729
TCGA-55-6985,LUAD,PSMB5,-0.6417084,-0.4675068
TCGA-55-6985,LUAD,PSMB6,-0.36670154,-0.8737209
TCGA-55-6985,LUAD,PSMB7,-0.4106552,-1.1891719
TCGA-55-6985,LUAD,PSMB8,0.73688704,0.44427398
TCGA-55-6985,LUAD,PSMB9,0.5987562,0.3863288
TCGA-55-6985,LUAD,PSMB10,0.7326352,0.46177852
TCGA-55-6985,LUAD,TAP1,0.64440036,0.3345213
TCGA-55-6985,LUAD,TAP2,0.7455386,0.16166317
TCGA-55-6985,LUAD,ERAP1,0.63963187,0.6568454
TCGA-55-6985,LUAD,ERAP2,0.6382047,-1.1935575
TCGA-55-6985,LUAD,TAPBP,0.65063,0.6009707
TCGA-55-6985,LUAD,CANX,0.27033293,-0.054006733
TCGA-55-6985,LUAD,CALR,0.07366823,0.01259875
TCGA-55-6985,LUAD,PDIA3,-0.085533515,-0.8481982
TCGA-55-6985,LUAD,B2M,0.7023381,0.32442084
TCGA-55-6985,LUAD,HLA-A,0.8423939,0.657971
TCGA-55-6985,LUAD,HLA-B,0.89219904,0.8420284
TCGA-55-6985,LUAD,HLA-C,0.9381002,0.64124966
TCGA-55-6985,LUAD,HLA-DQA1,0.921325,0.5043535
TCGA-55-6985,LUAD,HLA-DRB1,0.7950917,0.57832396
TCGA-55-6985,LUAD,CMKLR1,0.9482765,0.584925
TCGA-55-6985,LUAD,HLA-E,0.8232404,0.5929133
TCGA-55-6985,LUAD,NKG7,0.8294633,1.014412
TCGA-55-6985,LUAD,CD8A,0.8868357,0.59085584
TCGA-55-6985,LUAD,CCL5,0.9125573,0.8885531
TCGA-55-6985,LUAD,CXCL9,0.8979826,1.4222848
TCGA-55-6985,LUAD,CD27,1.2773542,0.6071874
TCGA-55-6985,LUAD,CXCR6,1.0219511,0.8400137
TCGA-55-6985,LUAD,IDO1,0.6927532,0.35912547
TCGA-55-6985,LUAD,STAT1,0.8570887,0.88122255
TCGA-55-6985,LUAD,CD274,0.26404798,0.3122941
TCGA-55-6985,LUAD,CD276,-0.5759745,0.3131957
TCGA-55-6985,LUAD,LAG3,0.910807,0.96579754
TCGA-55-6985,LUAD,PDCD1LG2,0.5665883,0.48382047
TCGA-55-6985,LUAD,TIGIT,1.1285709,0.93487877
TCGA-55-6985,LUAD,APM,0.7585175,0.19545409
TCGA-55-6985,LUAD,TIS,0.9797087,0.75864714
TCGA-91-A4BC,LUAD,TMB,0.5079722,0.83502847
TCGA-91-A4BC,LUAD,PSMB5,-0.042907808,0.1023477
TCGA-91-A4BC,LUAD,PSMB6,0.052977882,0.26805934
TCGA-91-A4BC,LUAD,PSMB7,-0.12673832,-0.5573775
TCGA-91-A4BC,LUAD,PSMB8,0.56167907,0.58761114
TCGA-91-A4BC,LUAD,PSMB9,0.5377244,1.2644957
TCGA-91-A4BC,LUAD,PSMB10,0.4350721,0.8267609
TCGA-91-A4BC,LUAD,TAP1,0.5895417,0.5891016
TCGA-91-A4BC,LUAD,TAP2,0.7008173,0.81786823
TCGA-91-A4BC,LUAD,ERAP1,0.60865325,0.076693535
TCGA-91-A4BC,LUAD,ERAP2,0.13583076,1.395541
TCGA-91-A4BC,LUAD,TAPBP,0.50154066,0.4792383
TCGA-91-A4BC,LUAD,CANX,0.39997107,-0.37265736
TCGA-91-A4BC,LUAD,CALR,0.1628063,-0.8389651
TCGA-91-A4BC,LUAD,PDIA3,0.29968786,-0.4937928
TCGA-91-A4BC,LUAD,B2M,0.3478535,0.4992569
TCGA-91-A4BC,LUAD,HLA-A,0.5915284,0.55278933
TCGA-91-A4BC,LUAD,HLA-B,0.36070746,0.73977804
TCGA-91-A4BC,LUAD,HLA-C,0.4283498,0.8087831
TCGA-91-A4BC,LUAD,HLA-DQA1,0.40392342,0.020885117
TCGA-91-A4BC,LUAD,HLA-DRB1,0.20160088,-0.037960105
TCGA-91-A4BC,LUAD,CMKLR1,0.8689415,0.9129174
TCGA-91-A4BC,LUAD,HLA-E,0.26030037,0.85961175
TCGA-91-A4BC,LUAD,NKG7,0.8814869,3.051179
TCGA-91-A4BC,LUAD,CD8A,0.9685844,3.0124319
TCGA-91-A4BC,LUAD,CCL5,0.7463321,2.645997
TCGA-91-A4BC,LUAD,CXCL9,0.8949426,1.2929667
TCGA-91-A4BC,LUAD,CD27,0.83873653,1.5870484
TCGA-91-A4BC,LUAD,CXCR6,0.8681387,3.5935278
TCGA-91-A4BC,LUAD,IDO1,0.518458,0.30827472
TCGA-91-A4BC,LUAD,STAT1,0.4709639,0.40083677
TCGA-91-A4BC,LUAD,CD274,0.26753983,-0.29616177
TCGA-91-A4BC,LUAD,CD276,-0.60777265,-0.22116941
TCGA-91-A4BC,LUAD,LAG3,1.0259151,3.177795
TCGA-91-A4BC,LUAD,PDCD1LG2,0.5255388,0.0612352
TCGA-91-A4BC,LUAD,TIGIT,0.9341265,1.989995
TCGA-91-A4BC,LUAD,APM,0.58940464,0.8310703
TCGA-91-A4BC,LUAD,TIS,0.7678806,2.1027596
TCGA-69-7978,LUAD,TMB,0.29713887,1.1901397
TCGA-69-7978,LUAD,PSMB5,-0.4981156,-1.8758988
TCGA-69-7978,LUAD,PSMB6,-0.22556624,-1.1703186
TCGA-69-7978,LUAD,PSMB7,-0.16574797,-0.8579038
TCGA-69-7978,LUAD,PSMB8,1.2426999,0.3535528
TCGA-69-7978,LUAD,PSMB9,1.4013233,0.76957285
TCGA-69-7978,LUAD,PSMB10,1.2171342,0.7063909
TCGA-69-7978,LUAD,TAP1,1.2445196,1.0414177
TCGA-69-7978,LUAD,TAP2,1.1521002,1.9359707
TCGA-69-7978,LUAD,ERAP1,0.7866057,1.6366681
TCGA-69-7978,LUAD,ERAP2,0.5701775,1.3243111
TCGA-69-7978,LUAD,TAPBP,0.8284682,1.2581518
TCGA-69-7978,LUAD,CANX,0.202158,0.021120612
TCGA-69-7978,LUAD,CALR,-0.20499456,0.022836357
TCGA-69-7978,LUAD,PDIA3,-0.48121253,-0.37204868
TCGA-69-7978,LUAD,B2M,1.170813,0.73463005
TCGA-69-7978,LUAD,HLA-A,1.0903836,1.3173598
TCGA-69-7978,LUAD,HLA-B,1.306224,1.523253
TCGA-69-7978,LUAD,HLA-C,1.1621921,1.384309
TCGA-69-7978,LUAD,HLA-DQA1,1.1594412,1.8888501
TCGA-69-7978,LUAD,HLA-DRB1,1.2949313,1.5927547
TCGA-69-7978,LUAD,CMKLR1,1.221906,1.9511191
TCGA-69-7978,LUAD,HLA-E,1.0761702,0.84729713
TCGA-69-7978,LUAD,NKG7,1.1422164,1.3645564
TCGA-69-7978,LUAD,CD8A,1.3108655,1.4135433
TCGA-69-7978,LUAD,CCL5,1.2007592,1.1432683
TCGA-69-7978,LUAD,CXCL9,1.2259598,1.2726375
TCGA-69-7978,LUAD,CD27,0.96498996,1.6274279
TCGA-69-7978,LUAD,CXCR6,1.2066277,1.3727651
TCGA-69-7978,LUAD,IDO1,1.112086,1.4377017
TCGA-69-7978,LUAD,STAT1,1.1750568,1.5237584
TCGA-69-7978,LUAD,CD274,0.98811376,1.8789946
TCGA-69-7978,LUAD,CD276,-0.22083965,0.41847813
TCGA-69-7978,LUAD,LAG3,1.0593938,1.7271764
TCGA-69-7978,LUAD,PDCD1LG2,1.1647685,1.8704106
TCGA-69-7978,LUAD,TIGIT,1.2709155,1.9653054
TCGA-69-7978,LUAD,APM,1.074541,1.104408
TCGA-69-7978,LUAD,TIS,1.4343433,1.7195462
TCGA-49-4510,LUAD,TMB,-0.47339335,-1.4869975
TCGA-49-4510,LUAD,PSMB5,-0.07652835,0.8148787
TCGA-49-4510,LUAD,PSMB6,0.031950694,1.0439497
TCGA-49-4510,LUAD,PSMB7,-0.10803219,-0.75011647
TCGA-49-4510,LUAD,PSMB8,-0.016839117,0.5311337
TCGA-49-4510,LUAD,PSMB9,-0.41609272,-0.29261133
TCGA-49-4510,LUAD,PSMB10,-0.15443741,-0.13767098
TCGA-49-4510,LUAD,TAP1,-0.89347804,-0.94840735
TCGA-49-4510,LUAD,TAP2,-0.8117852,-0.9132703
TCGA-49-4510,LUAD,ERAP1,-0.07731116,-1.0021367
TCGA-49-4510,LUAD,ERAP2,0.09739949,-1.1958929
TCGA-49-4510,LUAD,TAPBP,0.0370123,-0.46168005
TCGA-49-4510,LUAD,CANX,0.311193,0.8002266
TCGA-49-4510,LUAD,CALR,-0.13015515,0.023175713
TCGA-49-4510,LUAD,PDIA3,0.59184,1.3516599
TCGA-49-4510,LUAD,B2M,-0.15932989,0.668859
TCGA-49-4510,LUAD,HLA-A,0.10347042,0.7786377
TCGA-49-4510,LUAD,HLA-B,-0.25805208,0.009527386
TCGA-49-4510,LUAD,HLA-C,-0.25628495,0.6249768
TCGA-49-4510,LUAD,HLA-DQA1,0.040492874,-0.054354772
TCGA-49-4510,LUAD,HLA-DRB1,0.2801924,0.6868715
TCGA-49-4510,LUAD,CMKLR1,-0.5419167,-0.5353202
TCGA-49-4510,LUAD,HLA-E,0.062091224,-0.13353163
TCGA-49-4510,LUAD,NKG7,-0.43519273,0.037560355
TCGA-49-4510,LUAD,CD8A,-0.3831316,-0.69664156
TCGA-49-4510,LUAD,CCL5,-0.37704864,-0.6895489
TCGA-49-4510,LUAD,CXCL9,-0.7741827,-0.7976681
TCGA-49-4510,LUAD,CD27,-0.2528909,0.8133512
TCGA-49-4510,LUAD,CXCR6,-0.26094568,0.10929831
TCGA-49-4510,LUAD,IDO1,-0.23463528,-0.9590995
TCGA-49-4510,LUAD,STAT1,-0.6854824,-1.4998392
TCGA-49-4510,LUAD,CD274,-0.7857107,-0.7742841
TCGA-49-4510,LUAD,CD276,-0.576022,-1.1792078
TCGA-49-4510,LUAD,LAG3,-0.78757846,-0.35678232
TCGA-49-4510,LUAD,PDCD1LG2,-0.84919107,-0.76918334
TCGA-49-4510,LUAD,TIGIT,-0.40290833,-1.1623847
TCGA-49-4510,LUAD,APM,-0.40737,0.029070668
TCGA-49-4510,LUAD,TIS,-0.56119764,-0.63828075
TCGA-44-2665,LUAD,TMB,-0.4646174,-1.5248382
TCGA-44-2665,LUAD,PSMB5,-0.44184762,-4.489835
TCGA-44-2665,LUAD,PSMB6,-0.60573596,-5.320847
TCGA-44-2665,LUAD,PSMB7,-0.474518,-3.2422147
TCGA-44-2665,LUAD,PSMB8,0.1751622,-2.1563332
TCGA-44-2665,LUAD,PSMB9,-0.03041004,-0.83302736
TCGA-44-2665,LUAD,PSMB10,0.02642051,-2.054676
TCGA-44-2665,LUAD,TAP1,-0.19784728,-1.8170519
TCGA-44-2665,LUAD,TAP2,-0.3087944,1.5301932
TCGA-44-2665,LUAD,ERAP1,0.35573545,2.3786414
TCGA-44-2665,LUAD,ERAP2,0.31525087,1.8872894
TCGA-44-2665,LUAD,TAPBP,-0.068632364,-0.56840473
TCGA-44-2665,LUAD,CANX,0.37488022,2.0621605
TCGA-44-2665,LUAD,CALR,-0.077172466,-4.6208577
TCGA-44-2665,LUAD,PDIA3,-0.0042977096,-1.6567132
TCGA-44-2665,LUAD,B2M,0.09093821,0.028415216
TCGA-44-2665,LUAD,HLA-A,-0.013917079,-1.2150589
TCGA-44-2665,LUAD,HLA-B,0.16627124,-0.6139383
TCGA-44-2665,LUAD,HLA-C,-0.11276853,-1.5742972
TCGA-44-2665,LUAD,HLA-DQA1,0.32288465,0.75536186
TCGA-44-2665,LUAD,HLA-DRB1,0.4670403,-0.70531714
TCGA-44-2665,LUAD,CMKLR1,0.12541974,-0.03232281
TCGA-44-2665,LUAD,HLA-E,-0.06909765,-1.2124133
TCGA-44-2665,LUAD,NKG7,-0.17315665,-1.5743217
TCGA-44-2665,LUAD,CD8A,-0.16024303,-0.33884355
TCGA-44-2665,LUAD,CCL5,-0.22444272,-1.2617291
TCGA-44-2665,LUAD,CXCL9,-0.3506249,-0.18192871
TCGA-44-2665,LUAD,CD27,-0.018425817,-0.8907626
TCGA-44-2665,LUAD,CXCR6,0.0036173225,0.60908
TCGA-44-2665,LUAD,IDO1,-0.15586843,0.6905953
TCGA-44-2665,LUAD,STAT1,0.054504555,0.22183163
TCGA-44-2665,LUAD,CD274,-0.33424836,1.1468914
TCGA-44-2665,LUAD,CD276,-0.58952534,-1.3809488
TCGA-44-2665,LUAD,LAG3,-0.26480645,-1.6756316
TCGA-44-2665,LUAD,PDCD1LG2,-0.1596895,1.2026244
TCGA-44-2665,LUAD,TIGIT,-0.05456259,2.2090495
TCGA-44-2665,LUAD,APM,-0.11386945,-1.6029739
TCGA-44-2665,LUAD,TIS,-0.0031479895,-0.039986722
TCGA-64-5774,LUAD,TMB,0.57471097,-0.52468455
TCGA-64-5774,LUAD,PSMB5,0.5805877,0.6705072
TCGA-64-5774,LUAD,PSMB6,0.33580038,-0.1122149
TCGA-64-5774,LUAD,PSMB7,0.18343945,-0.7051844
TCGA-64-5774,LUAD,PSMB8,0.002726674,-0.085968025
TCGA-64-5774,LUAD,PSMB9,-0.05437355,-0.3427168
TCGA-64-5774,LUAD,PSMB10,0.14303079,-0.62720203
TCGA-64-5774,LUAD,TAP1,-0.42483503,-0.7806851
TCGA-64-5774,LUAD,TAP2,-0.52195406,-1.6278423
TCGA-64-5774,LUAD,ERAP1,-0.60584706,1.0190794
TCGA-64-5774,LUAD,ERAP2,-0.21068545,0.8227744
TCGA-64-5774,LUAD,TAPBP,-0.50308585,-0.41791934
TCGA-64-5774,LUAD,CANX,0.20703991,0.6072519
TCGA-64-5774,LUAD,CALR,0.56146765,1.0747347
TCGA-64-5774,LUAD,PDIA3,0.84131783,1.6035528
TCGA-64-5774,LUAD,B2M,0.19011286,-1.2655091
TCGA-64-5774,LUAD,HLA-A,-0.0124105215,-0.06888028
TCGA-64-5774,LUAD,HLA-B,0.02542749,-1.2995576
TCGA-64-5774,LUAD,HLA-C,0.22575097,-0.45779687
TCGA-64-5774,LUAD,HLA-DQA1,-0.43124276,-1.2826537
TCGA-64-5774,LUAD,HLA-DRB1,-0.44788408,-1.5561395
TCGA-64-5774,LUAD,CMKLR1,-0.03696227,-1.1795475
TCGA-64-5774,LUAD,HLA-E,-0.41393557,-2.0983083
TCGA-64-5774,LUAD,NKG7,0.0012087822,-1.2584635
TCGA-64-5774,LUAD,CD8A,0.05764277,-0.7064459
TCGA-64-5774,LUAD,CCL5,-0.013083878,-1.3381157
TCGA-64-5774,LUAD,CXCL9,-0.23516288,-0.9158069
TCGA-64-5774,LUAD,CD27,0.11623514,-0.14731224
TCGA-64-5774,LUAD,CXCR6,-0.09453334,-0.60011667
TCGA-64-5774,LUAD,IDO1,-0.23491593,-0.5985628
TCGA-64-5774,LUAD,STAT1,-0.40261602,-0.65001255
TCGA-64-5774,LUAD,CD274,-0.28074336,-0.7916057
TCGA-64-5774,LUAD,CD276,-0.14572978,-0.33366132
TCGA-64-5774,LUAD,LAG3,0.26517686,-0.59351695
TCGA-64-5774,LUAD,PDCD1LG2,-0.3628249,-1.3327526
TCGA-64-5774,LUAD,TIGIT,-0.15943561,-0.7970495
TCGA-64-5774,LUAD,APM,0.03026377,-0.24920908
TCGA-64-5774,LUAD,TIS,0.10106258,-1.4621994
TCGA-78-7167,LUAD,TMB,-0.55099213,-0.9861947
TCGA-78-7167,LUAD,PSMB5,-0.44730884,-0.55069214
TCGA-78-7167,LUAD,PSMB6,0.1166447,0.39094114
TCGA-78-7167,LUAD,PSMB7,-0.4548337,-0.9425339
TCGA-78-7167,LUAD,PSMB8,-0.21125972,-1.465348
TCGA-78-7167,LUAD,PSMB9,-0.77287245,-1.9550232
TCGA-78-7167,LUAD,PSMB10,-0.31717473,-1.4221965
TCGA-78-7167,LUAD,TAP1,-1.1371027,-2.1770453
TCGA-78-7167,LUAD,TAP2,-1.0401903,-2.2554462
TCGA-78-7167,LUAD,ERAP1,-0.44341898,-0.45689645
TCGA-78-7167,LUAD,ERAP2,-0.08724739,-0.41212875
TCGA-78-7167,LUAD,TAPBP,0.091500975,-1.0053233
TCGA-78-7167,LUAD,CANX,0.3278182,0.39816606
TCGA-78-7167,LUAD,CALR,-0.1326382,0.16271856
TCGA-78-7167,LUAD,PDIA3,0.86221915,1.7626513
TCGA-78-7167,LUAD,B2M,-0.42869368,-1.1879892
TCGA-78-7167,LUAD,HLA-A,-0.030235056,-0.616374
TCGA-78-7167,LUAD,HLA-B,-0.36256504,-1.6441219
TCGA-78-7167,LUAD,HLA-C,-0.31600127,-1.0460923
TCGA-78-7167,LUAD,HLA-DQA1,-0.20536861,-1.3717706
TCGA-78-7167,LUAD,HLA-DRB1,0.2877844,-1.4594325
TCGA-78-7167,LUAD,CMKLR1,-0.5201601,-0.8393971
TCGA-78-7167,LUAD,HLA-E,0.054140203,-0.8084538
TCGA-78-7167,LUAD,NKG7,-0.8169575,-0.9309825
TCGA-78-7167,LUAD,CD8A,-0.9923296,-0.90723896
TCGA-78-7167,LUAD,CCL5,-0.62878376,-0.88884366
TCGA-78-7167,LUAD,CXCL9,-0.9483619,-0.76158106
TCGA-78-7167,LUAD,CD27,-0.58089936,-0.71866524
TCGA-78-7167,LUAD,CXCR6,-0.47023457,-1.137671
TCGA-78-7167,LUAD,IDO1,-0.53503525,-1.15567
TCGA-78-7167,LUAD,STAT1,-1.068379,-0.9871156
TCGA-78-7167,LUAD,CD274,-1.1884401,-1.5603235
TCGA-78-7167,LUAD,CD276,-0.7391074,-1.7333808
TCGA-78-7167,LUAD,LAG3,-1.1075315,-1.0281001
TCGA-78-7167,LUAD,PDCD1LG2,-1.2373755,-1.3061844
TCGA-78-7167,LUAD,TIGIT,-1.0872375,-1.2806983
TCGA-78-7167,LUAD,APM,-0.4833533,-1.5054737
TCGA-78-7167,LUAD,TIS,-0.8520857,-1.9676261
TCGA-55-7570,LUAD,TMB,0.3547621,0.716525
TCGA-55-7570,LUAD,PSMB5,0.11452844,1.7509111
TCGA-55-7570,LUAD,PSMB6,-0.06279343,2.7561133
TCGA-55-7570,LUAD,PSMB7,-0.1740303,0.047103044
TCGA-55-7570,LUAD,PSMB8,-0.22262678,-1.152664
TCGA-55-7570,LUAD,PSMB9,-0.19421616,-1.1751987
TCGA-55-7570,LUAD,PSMB10,-0.24747649,-1.6043302
TCGA-55-7570,LUAD,TAP1,-0.19270824,-0.7159024
TCGA-55-7570,LUAD,TAP2,-0.055178396,-0.692608
TCGA-55-7570,LUAD,ERAP1,-0.19252011,-0.695521
TCGA-55-7570,LUAD,ERAP2,0.119878136,0.4776714
TCGA-55-7570,LUAD,TAPBP,-0.28266758,-2.5258331
TCGA-55-7570,LUAD,CANX,0.18421333,-0.56158626
TCGA-55-7570,LUAD,CALR,-0.0046288194,-0.73040605
TCGA-55-7570,LUAD,PDIA3,-0.13758835,1.3510941
TCGA-55-7570,LUAD,B2M,-0.21093276,-1.1304561
TCGA-55-7570,LUAD,HLA-A,-0.18894783,-0.4592265
TCGA-55-7570,LUAD,HLA-B,-0.20834896,-1.786128
TCGA-55-7570,LUAD,HLA-C,-0.27698094,-2.0684905
TCGA-55-7570,LUAD,HLA-DQA1,-0.14679351,-0.87251234
TCGA-55-7570,LUAD,HLA-DRB1,-0.28415862,-1.1514983
TCGA-55-7570,LUAD,CMKLR1,-0.05894975,-1.1019276
TCGA-55-7570,LUAD,HLA-E,-0.32720426,-2.114641
TCGA-55-7570,LUAD,NKG7,-0.2018849,-0.53902304
TCGA-55-7570,LUAD,CD8A,-0.09695081,0.12377159
TCGA-55-7570,LUAD,CCL5,-0.4658936,-0.89925605
TCGA-55-7570,LUAD,CXCL9,-0.10992243,-0.35539028
TCGA-55-7570,LUAD,CD27,-0.28054962,-0.42634052
TCGA-55-7570,LUAD,CXCR6,-0.19694467,-0.41129863
TCGA-55-7570,LUAD,IDO1,-0.350245,-0.82148665
TCGA-55-7570,LUAD,STAT1,0.08174972,-0.5945644
TCGA-55-7570,LUAD,CD274,-0.17798087,-1.0010338
TCGA-55-7570,LUAD,CD276,-0.3773381,0.2774423
TCGA-55-7570,LUAD,LAG3,-0.24482599,-0.49428898
TCGA-55-7570,LUAD,PDCD1LG2,-0.060913157,-1.2402302
TCGA-55-7570,LUAD,TIGIT,-0.34719554,-0.68596005
TCGA-55-7570,LUAD,APM,-0.26890036,-0.9682578
TCGA-55-7570,LUAD,TIS,-0.29818064,-1.2041293
TCGA-78-7146,LUAD,TMB,0.30015045,0.6053963
TCGA-78-7146,LUAD,PSMB5,0.26584715,-1.3142488
TCGA-78-7146,LUAD,PSMB6,0.2761656,-0.80124676
TCGA-78-7146,LUAD,PSMB7,0.20449996,-0.80987513
TCGA-78-7146,LUAD,PSMB8,0.35648984,0.42058772
TCGA-78-7146,LUAD,PSMB9,0.32329112,0.5148608
TCGA-78-7146,LUAD,PSMB10,0.12130964,0.2601853
TCGA-78-7146,LUAD,TAP1,0.07749417,-0.015176123
TCGA-78-7146,LUAD,TAP2,0.24342656,1.7547948
TCGA-78-7146,LUAD,ERAP1,0.16143695,0.48118344
TCGA-78-7146,LUAD,ERAP2,0.25557613,1.8091683
TCGA-78-7146,LUAD,TAPBP,-0.051559675,0.066520184
TCGA-78-7146,LUAD,CANX,0.5172929,1.7900031
TCGA-78-7146,LUAD,CALR,0.090205655,-0.20671691
TCGA-78-7146,LUAD,PDIA3,0.17853127,-1.5056527
TCGA-78-7146,LUAD,B2M,0.2742647,-1.0325334
TCGA-78-7146,LUAD,HLA-A,0.32461756,-0.68763787
TCGA-78-7146,LUAD,HLA-B,0.09954991,-0.61417097
TCGA-78-7146,LUAD,HLA-C,0.14650992,-0.9381112
TCGA-78-7146,LUAD,HLA-DQA1,0.056390364,-0.41083035
TCGA-78-7146,LUAD,HLA-DRB1,0.025848132,-0.5103496
TCGA-78-7146,LUAD,CMKLR1,-0.03653568,-0.42597032
TCGA-78-7146,LUAD,HLA-E,-0.090228245,-0.7030745
TCGA-78-7146,LUAD,NKG7,0.20196553,-0.4033666
TCGA-78-7146,LUAD,CD8A,0.16078192,-0.10595236
TCGA-78-7146,LUAD,CCL5,-0.029095327,-0.405299
TCGA-78-7146,LUAD,CXCL9,0.12728201,-0.032115888
TCGA-78-7146,LUAD,CD27,-0.13614495,-1.2948806
TCGA-78-7146,LUAD,CXCR6,-0.04436598,-0.42980644
TCGA-78-7146,LUAD,IDO1,0.21532205,-0.48616502
TCGA-78-7146,LUAD,STAT1,0.41693988,0.40505877
TCGA-78-7146,LUAD,CD274,0.116167665,0.31320748
TCGA-78-7146,LUAD,CD276,-0.4086141,0.33399668
TCGA-78-7146,LUAD,LAG3,0.05180217,-0.7165945
TCGA-78-7146,LUAD,PDCD1LG2,0.058623224,-0.20495827
TCGA-78-7146,LUAD,TIGIT,-0.09265582,-0.39162618
TCGA-78-7146,LUAD,APM,0.18289742,0.05710311
TCGA-78-7146,LUAD,TIS,0.18658671,-0.486472
TCGA-44-3398,LUAD,TMB,-0.3388262,-0.2687601
TCGA-44-3398,LUAD,PSMB5,-0.5422424,0.50872904
TCGA-44-3398,LUAD,PSMB6,-0.7155868,0.49023744
TCGA-44-3398,LUAD,PSMB7,-0.3945255,1.0916592
TCGA-44-3398,LUAD,PSMB8,0.17962933,1.2354643
TCGA-44-3398,LUAD,PSMB9,0.08064425,0.74567544
TCGA-44-3398,LUAD,PSMB10,0.19040792,1.0153843
TCGA-44-3398,LUAD,TAP1,-0.10680115,-0.03211637
TCGA-44-3398,LUAD,TAP2,0.02690063,-0.06188551
TCGA-44-3398,LUAD,ERAP1,0.5165609,1.1945524
TCGA-44-3398,LUAD,ERAP2,0.49379984,2.302294
TCGA-44-3398,LUAD,TAPBP,0.10579033,-0.74201524
TCGA-44-3398,LUAD,CANX,0.36563438,1.3620161
TCGA-44-3398,LUAD,CALR,-0.3232172,0.13021955
TCGA-44-3398,LUAD,PDIA3,-0.16832522,-0.601422
TCGA-44-3398,LUAD,B2M,0.4311513,2.059793
TCGA-44-3398,LUAD,HLA-A,-0.0130281625,1.3313341
TCGA-44-3398,LUAD,HLA-B,0.4271602,0.87078404
TCGA-44-3398,LUAD,HLA-C,0.16576557,1.2309395
TCGA-44-3398,LUAD,HLA-DQA1,0.59887725,1.1105561
TCGA-44-3398,LUAD,HLA-DRB1,0.56927633,1.4460071
TCGA-44-3398,LUAD,CMKLR1,0.35346144,0.13478461
TCGA-44-3398,LUAD,HLA-E,-0.023728054,0.43116972
TCGA-44-3398,LUAD,NKG7,-0.10998832,0.8307157
TCGA-44-3398,LUAD,CD8A,0.032481708,0.101229236
TCGA-44-3398,LUAD,CCL5,0.030911654,-0.09893492
TCGA-44-3398,LUAD,CXCL9,0.07731006,-0.58190334
TCGA-44-3398,LUAD,CD27,0.117471434,0.17231812
TCGA-44-3398,LUAD,CXCR6,0.11906632,0.7212003
TCGA-44-3398,LUAD,IDO1,0.11605233,1.4684387
TCGA-44-3398,LUAD,STAT1,0.24508159,-0.48919538
TCGA-44-3398,LUAD,CD274,-0.050088435,0.91027784
TCGA-44-3398,LUAD,CD276,-0.2707372,0.33288372
TCGA-44-3398,LUAD,LAG3,-0.09578775,-0.6422449
TCGA-44-3398,LUAD,PDCD1LG2,0.48603502,1.0275663
TCGA-44-3398,LUAD,TIGIT,0.15450683,-0.5208858
TCGA-44-3398,LUAD,APM,-0.012126493,1.3605311
TCGA-44-3398,LUAD,TIS,0.2371471,0.57618284
TCGA-O2-A52W,LUSC,TMB,0.18599327,-0.65583366
TCGA-O2-A52W,LUSC,PSMB5,0.5155361,0.3158919
TCGA-O2-A52W,LUSC,PSMB6,0.5657884,-0.7359724
TCGA-O2-A52W,LUSC,PSMB7,0.649094,-2.056221
TCGA-O2-A52W,LUSC,PSMB8,-1.0587925,-1.3558875
TCGA-O2-A52W,LUSC,PSMB9,-1.0376318,-1.05164
TCGA-O2-A52W,LUSC,PSMB10,-1.0320379,-1.7678075
TCGA-O2-A52W,LUSC,TAP1,-0.7236905,-1.4029008
TCGA-O2-A52W,LUSC,TAP2,-0.5238227,0.4106704
TCGA-O2-A52W,LUSC,ERAP1,-0.7908009,-0.7603805
TCGA-O2-A52W,LUSC,ERAP2,-0.51939994,0.34292015
TCGA-O2-A52W,LUSC,TAPBP,-0.93891966,-0.5619496
TCGA-O2-A52W,LUSC,CANX,-0.591622,-1.3719496
TCGA-O2-A52W,LUSC,CALR,-0.03683182,-0.070773475
TCGA-O2-A52W,LUSC,PDIA3,-0.17933585,-0.4018031
TCGA-O2-A52W,LUSC,B2M,-1.2770876,-1.3430533
TCGA-O2-A52W,LUSC,HLA-A,-1.0787551,-1.566829
TCGA-O2-A52W,LUSC,HLA-B,-1.1864847,-1.7509406
TCGA-O2-A52W,LUSC,HLA-C,-1.1808106,-2.7800927
TCGA-O2-A52W,LUSC,HLA-DQA1,-1.2861662,-0.3698622
TCGA-O2-A52W,LUSC,HLA-DRB1,-1.4785721,-0.73485726
TCGA-O2-A52W,LUSC,CMKLR1,-1.4397994,-1.2012722
TCGA-O2-A52W,LUSC,HLA-E,-1.006744,-1.7996804
TCGA-O2-A52W,LUSC,NKG7,-0.9381617,-1.1725953
TCGA-O2-A52W,LUSC,CD8A,-1.0626485,-0.74210274
TCGA-O2-A52W,LUSC,CCL5,-1.2169011,-1.0029199
TCGA-O2-A52W,LUSC,CXCL9,-0.9964876,-0.9216219
TCGA-O2-A52W,LUSC,CD27,-0.94239104,-0.7770494
TCGA-O2-A52W,LUSC,CXCR6,-1.1397556,-1.2688396
TCGA-O2-A52W,LUSC,IDO1,-0.72256666,0.008903225
TCGA-O2-A52W,LUSC,STAT1,-1.0770137,-1.3458072
TCGA-O2-A52W,LUSC,CD274,-0.29540455,-1.2322358
TCGA-O2-A52W,LUSC,CD276,0.2753407,-0.90475965
TCGA-O2-A52W,LUSC,LAG3,-0.7086462,-1.0353196
TCGA-O2-A52W,LUSC,PDCD1LG2,-0.84565955,-1.088329
TCGA-O2-A52W,LUSC,TIGIT,-0.98853385,-0.8493892
TCGA-O2-A52W,LUSC,APM,-1.1697495,-1.6866611
TCGA-O2-A52W,LUSC,TIS,-1.2994335,-1.8134253
TCGA-58-A46L,LUSC,TMB,0.23972443,0.023574866
TCGA-58-A46L,LUSC,PSMB5,0.262596,0.34090713
TCGA-58-A46L,LUSC,PSMB6,0.38454854,-1.4033633
TCGA-58-A46L,LUSC,PSMB7,0.56687576,-0.18162519
TCGA-58-A46L,LUSC,PSMB8,-1.0379586,-0.93643904
TCGA-58-A46L,LUSC,PSMB9,-0.9972933,-0.2133856
TCGA-58-A46L,LUSC,PSMB10,-1.2187929,-0.24865577
TCGA-58-A46L,LUSC,TAP1,-0.52901167,0.18250434
TCGA-58-A46L,LUSC,TAP2,-0.59695846,-0.052162625
TCGA-58-A46L,LUSC,ERAP1,-0.44937745,-0.28860214
TCGA-58-A46L,LUSC,ERAP2,-0.94558287,0.4086564
TCGA-58-A46L,LUSC,TAPBP,-1.006136,-0.89166003
TCGA-58-A46L,LUSC,CANX,-0.46982747,-1.3778068
TCGA-58-A46L,LUSC,CALR,-0.41424185,-0.7464724
TCGA-58-A46L,LUSC,PDIA3,0.07358694,-0.5047671
TCGA-58-A46L,LUSC,B2M,-1.2011383,-0.6882062
TCGA-58-A46L,LUSC,HLA-A,-1.2175522,-0.8787148
TCGA-58-A46L,LUSC,HLA-B,-1.2691962,-0.7544187
TCGA-58-A46L,LUSC,HLA-C,-1.1639179,-1.0220791
TCGA-58-A46L,LUSC,HLA-DQA1,-1.3095143,0.3035313
TCGA-58-A46L,LUSC,HLA-DRB1,-1.244085,-0.27268842
TCGA-58-A46L,LUSC,CMKLR1,-0.98076093,0.10696586
TCGA-58-A46L,LUSC,HLA-E,-1.214224,-0.69776994
TCGA-58-A46L,LUSC,NKG7,-0.63084745,0.72271097
TCGA-58-A46L,LUSC,CD8A,-0.74269015,0.6012263
TCGA-58-A46L,LUSC,CCL5,-0.85093194,0.4915091
TCGA-58-A46L,LUSC,CXCL9,-0.6375162,1.2401934
TCGA-58-A46L,LUSC,CD27,-0.7390626,-0.011565118
TCGA-58-A46L,LUSC,CXCR6,-0.8929494,0.5545443
TCGA-58-A46L,LUSC,IDO1,-0.72438335,-0.06903427
TCGA-58-A46L,LUSC,STAT1,-0.7602883,1.211487
TCGA-58-A46L,LUSC,CD274,0.25210682,-0.053777933
TCGA-58-A46L,LUSC,CD276,0.2123053,-0.37767065
TCGA-58-A46L,LUSC,LAG3,-0.64617836,0.509737
TCGA-58-A46L,LUSC,PDCD1LG2,-0.6146902,-0.094494
TCGA-58-A46L,LUSC,TIGIT,-0.85537606,0.7725042
TCGA-58-A46L,LUSC,APM,-1.2732193,-0.7114408
TCGA-58-A46L,LUSC,TIS,-0.88698065,0.27185163
TCGA-37-4135,LUSC,TMB,0.2014962,0.33266848
TCGA-37-4135,LUSC,PSMB5,0.40134653,1.2349261
TCGA-37-4135,LUSC,PSMB6,0.78440875,0.5361301
TCGA-37-4135,LUSC,PSMB7,0.9461115,0.9894493
TCGA-37-4135,LUSC,PSMB8,-0.15155467,2.3648052
TCGA-37-4135,LUSC,PSMB9,-0.10018381,1.5206565
TCGA-37-4135,LUSC,PSMB10,-0.30534405,2.3462834
TCGA-37-4135,LUSC,TAP1,-0.04396518,0.4060268
TCGA-37-4135,LUSC,TAP2,-0.46138525,-1.6042298
TCGA-37-4135,LUSC,ERAP1,-0.41275397,-1.414924
TCGA-37-4135,LUSC,ERAP2,-0.27514744,0.49547765
TCGA-37-4135,LUSC,TAPBP,-0.721651,-2.2628152
TCGA-37-4135,LUSC,CANX,-0.25894055,0.38093147
TCGA-37-4135,LUSC,CALR,-0.11808796,1.3927542
TCGA-37-4135,LUSC,PDIA3,-0.34399685,-0.86710787
TCGA-37-4135,LUSC,B2M,-0.41946507,0.9367044
TCGA-37-4135,LUSC,HLA-A,-0.16407584,0.4449363
TCGA-37-4135,LUSC,HLA-B,-0.41152287,0.49164128
TCGA-37-4135,LUSC,HLA-C,-0.35345498,0.8309564
TCGA-37-4135,LUSC,HLA-DQA1,-0.42744368,0.123343386
TCGA-37-4135,LUSC,HLA-DRB1,-0.7318554,0.32798654
TCGA-37-4135,LUSC,CMKLR1,-0.51664937,-1.0489031
TCGA-37-4135,LUSC,HLA-E,-0.7293161,-0.7844626
TCGA-37-4135,LUSC,NKG7,0.34612525,0.28835157
TCGA-37-4135,LUSC,CD8A,0.2803554,-0.12716843
TCGA-37-4135,LUSC,CCL5,-0.19016472,-0.27990153
TCGA-37-4135,LUSC,CXCL9,0.046460338,0.63928473
TCGA-37-4135,LUSC,CD27,-0.11495695,-1.0074749
TCGA-37-4135,LUSC,CXCR6,-0.2631608,0.0061773057
TCGA-37-4135,LUSC,IDO1,-0.034001905,0.8572413
TCGA-37-4135,LUSC,STAT1,-0.056149982,-0.71830237
TCGA-37-4135,LUSC,CD274,-0.03241835,-0.8666659
TCGA-37-4135,LUSC,CD276,-0.18600345,0.33404842
TCGA-37-4135,LUSC,LAG3,0.14496516,-1.004303
TCGA-37-4135,LUSC,PDCD1LG2,-0.1627943,-0.3583306
TCGA-37-4135,LUSC,TIGIT,-0.30558276,-1.1819869
TCGA-37-4135,LUSC,APM,-0.31846842,0.84621644
TCGA-37-4135,LUSC,TIS,-0.29655653,0.03591645
TCGA-56-8625,LUSC,TMB,-0.1445353,0.9017633
TCGA-56-8625,LUSC,PSMB5,-0.06971644,-1.1275221
TCGA-56-8625,LUSC,PSMB6,-0.44076744,-1.3715764
TCGA-56-8625,LUSC,PSMB7,-0.072894,-0.784849
TCGA-56-8625,LUSC,PSMB8,-1.0139067,-0.4606495
TCGA-56-8625,LUSC,PSMB9,-0.89278346,0.29653564
TCGA-56-8625,LUSC,PSMB10,-0.86358434,0.68381476
TCGA-56-8625,LUSC,TAP1,-0.64161366,0.48670116
TCGA-56-8625,LUSC,TAP2,-0.517861,-0.043941356
TCGA-56-8625,LUSC,ERAP1,-0.37360233,0.8500941
TCGA-56-8625,LUSC,ERAP2,-0.49832088,0.7153021
TCGA-56-8625,LUSC,TAPBP,-0.70954525,-0.0050369045
TCGA-56-8625,LUSC,CANX,-0.5714036,0.6114759
TCGA-56-8625,LUSC,CALR,-0.24970508,-0.2703336
TCGA-56-8625,LUSC,PDIA3,-0.114634536,-1.3011498
TCGA-56-8625,LUSC,B2M,-0.9580752,0.6642876
TCGA-56-8625,LUSC,HLA-A,-1.0682983,0.4285682
TCGA-56-8625,LUSC,HLA-B,-0.9989384,0.6947255
TCGA-56-8625,LUSC,HLA-C,-1.1017172,0.6401595
TCGA-56-8625,LUSC,HLA-DQA1,-0.72879446,1.9693716
TCGA-56-8625,LUSC,HLA-DRB1,-0.7193801,1.228451
TCGA-56-8625,LUSC,CMKLR1,-0.6207222,2.220903
TCGA-56-8625,LUSC,HLA-E,-0.68086237,0.81509006
TCGA-56-8625,LUSC,NKG7,-0.6574435,1.381996
TCGA-56-8625,LUSC,CD8A,-0.74231184,1.2511857
TCGA-56-8625,LUSC,CCL5,-0.78324413,1.4598125
TCGA-56-8625,LUSC,CXCL9,-0.6929025,1.9178811
TCGA-56-8625,LUSC,CD27,-0.6436839,1.2461036
TCGA-56-8625,LUSC,CXCR6,-0.53194344,1.8112466
TCGA-56-8625,LUSC,IDO1,-0.6479222,0.47799942
TCGA-56-8625,LUSC,STAT1,-0.68004096,1.336462
TCGA-56-8625,LUSC,CD274,-0.55876905,0.5811521
TCGA-56-8625,LUSC,CD276,0.09064145,0.4724444
TCGA-56-8625,LUSC,LAG3,-0.8300592,1.2569782
TCGA-56-8625,LUSC,PDCD1LG2,-0.6261275,1.959778
TCGA-56-8625,LUSC,TIGIT,-0.4584303,1.7583785
TCGA-56-8625,LUSC,APM,-1.1606895,0.29633075
TCGA-56-8625,LUSC,TIS,-0.72341686,1.6704053
TCGA-60-2708,LUSC,TMB,0.24229701,-0.28503725
TCGA-60-2708,LUSC,PSMB5,0.015887305,3.1405394
TCGA-60-2708,LUSC,PSMB6,-0.04592842,0.90784127
TCGA-60-2708,LUSC,PSMB7,0.07617499,0.58296096
TCGA-60-2708,LUSC,PSMB8,-0.3692996,-1.8387636
TCGA-60-2708,LUSC,PSMB9,-0.3329254,-1.4401423
TCGA-60-2708,LUSC,PSMB10,-0.2920661,-1.4459324
TCGA-60-2708,LUSC,TAP1,-0.1543924,-0.92514426
TCGA-60-2708,LUSC,TAP2,-0.03229253,-0.71939117
TCGA-60-2708,LUSC,ERAP1,-0.22687516,-0.7974143
TCGA-60-2708,LUSC,ERAP2,-0.11557945,0.6991427
TCGA-60-2708,LUSC,TAPBP,0.023095865,-1.1763903
TCGA-60-2708,LUSC,CANX,-0.3225755,0.19645105
TCGA-60-2708,LUSC,CALR,0.45342788,1.1974083
TCGA-60-2708,LUSC,PDIA3,0.16125578,-0.28256023
TCGA-60-2708,LUSC,B2M,-0.2006013,-1.2018657
TCGA-60-2708,LUSC,HLA-A,-0.2296509,-0.94990265
TCGA-60-2708,LUSC,HLA-B,-0.19543472,-0.9304552
TCGA-60-2708,LUSC,HLA-C,-0.2716267,-1.0937685
TCGA-60-2708,LUSC,HLA-DQA1,-0.44187203,-0.5797607
TCGA-60-2708,LUSC,HLA-DRB1,-0.30039755,-0.5170743
TCGA-60-2708,LUSC,CMKLR1,-0.2534396,0.5323845
TCGA-60-2708,LUSC,HLA-E,-0.16031608,-0.8538462
TCGA-60-2708,LUSC,NKG7,-0.34440064,-1.6751748
TCGA-60-2708,LUSC,CD8A,-0.31947303,-1.4504813
TCGA-60-2708,LUSC,CCL5,-0.2579558,-0.4151371
TCGA-60-2708,LUSC,CXCL9,-0.45364967,-1.5890149
TCGA-60-2708,LUSC,CD27,-0.2636385,-1.3199081
TCGA-60-2708,LUSC,CXCR6,-0.45986885,-1.4423982
TCGA-60-2708,LUSC,IDO1,-0.33949155,-0.86830777
TCGA-60-2708,LUSC,STAT1,-0.29672092,-1.3599738
TCGA-60-2708,LUSC,CD274,0.04063577,0.56738377
TCGA-60-2708,LUSC,CD276,0.9102783,1.6727341
TCGA-60-2708,LUSC,LAG3,-0.26016685,-1.2887204
TCGA-60-2708,LUSC,PDCD1LG2,0.077225454,1.826211
TCGA-60-2708,LUSC,TIGIT,-0.41122517,-1.0887377
TCGA-60-2708,LUSC,APM,-0.1708667,-0.7497374
TCGA-60-2708,LUSC,TIS,-0.23552386,-0.42960373
TCGA-77-7463,LUSC,TMB,-0.112136886,0.7247323
TCGA-77-7463,LUSC,PSMB5,0.10016724,1.8610804
TCGA-77-7463,LUSC,PSMB6,0.2346857,1.4777782
TCGA-77-7463,LUSC,PSMB7,0.4700667,-0.14763276
TCGA-77-7463,LUSC,PSMB8,0.1663071,-2.3275378
TCGA-77-7463,LUSC,PSMB9,0.42705864,-0.98882276
TCGA-77-7463,LUSC,PSMB10,0.042685308,-2.098018
TCGA-77-7463,LUSC,TAP1,0.35987568,-1.0312785
TCGA-77-7463,LUSC,TAP2,0.37116185,-1.3933277
TCGA-77-7463,LUSC,ERAP1,0.44217572,-1.0373162
TCGA-77-7463,LUSC,ERAP2,0.12562817,-1.4743264
TCGA-77-7463,LUSC,TAPBP,0.3767237,-0.61892486
TCGA-77-7463,LUSC,CANX,-0.04188237,-0.94457495
TCGA-77-7463,LUSC,CALR,0.04346167,-2.1085875
TCGA-77-7463,LUSC,PDIA3,0.3301162,0.070336774
TCGA-77-7463,LUSC,B2M,0.07309933,-1.2587306
TCGA-77-7463,LUSC,HLA-A,0.10927047,-2.037467
TCGA-77-7463,LUSC,HLA-B,0.22821733,-1.8000702
TCGA-77-7463,LUSC,HLA-C,-0.01305683,-2.6859088
TCGA-77-7463,LUSC,HLA-DQA1,-0.091083296,-1.3301417
TCGA-77-7463,LUSC,HLA-DRB1,-0.24369457,-1.2207526
TCGA-77-7463,LUSC,CMKLR1,-0.04456648,-0.75848174
TCGA-77-7463,LUSC,HLA-E,0.1818147,-1.2802263
TCGA-77-7463,LUSC,NKG7,0.36987036,-0.73549956
TCGA-77-7463,LUSC,CD8A,0.2775457,-1.395467
TCGA-77-7463,LUSC,CCL5,0.22530904,-1.0293522
TCGA-77-7463,LUSC,CXCL9,0.13954207,-0.81049997
TCGA-77-7463,LUSC,CD27,0.13151298,-1.7295607
TCGA-77-7463,LUSC,CXCR6,0.15694398,-1.0549977
TCGA-77-7463,LUSC,IDO1,0.14135948,-1.1052862
TCGA-77-7463,LUSC,STAT1,0.3489781,-1.5522379
TCGA-77-7463,LUSC,CD274,0.46468115,0.7332883
TCGA-77-7463,LUSC,CD276,0.64396495,0.28045273
TCGA-77-7463,LUSC,LAG3,0.34385556,-1.1064589
TCGA-77-7463,LUSC,PDCD1LG2,0.3457239,-0.29164913
TCGA-77-7463,LUSC,TIGIT,0.37209636,-1.1091734
TCGA-77-7463,LUSC,APM,0.17945035,-1.962234
TCGA-77-7463,LUSC,TIS,0.39275807,-1.4292443
TCGA-66-2791,LUSC,TMB,0.22379282,0.34864804
TCGA-66-2791,LUSC,PSMB5,0.24019673,1.2377088
TCGA-66-2791,LUSC,PSMB6,0.56100816,0.36989328
TCGA-66-2791,LUSC,PSMB7,0.96531916,1.5423689
TCGA-66-2791,LUSC,PSMB8,0.9978981,0.7544778
TCGA-66-2791,LUSC,PSMB9,1.1806595,0.9710457
TCGA-66-2791,LUSC,PSMB10,1.0692903,0.60946614
TCGA-66-2791,LUSC,TAP1,1.3345382,1.3867744
TCGA-66-2791,LUSC,TAP2,0.61335164,1.6640717
TCGA-66-2791,LUSC,ERAP1,0.41273308,0.17867638
TCGA-66-2791,LUSC,ERAP2,-0.011858446,0.37354678
TCGA-66-2791,LUSC,TAPBP,0.40209427,0.69801205
TCGA-66-2791,LUSC,CANX,0.21110138,1.3903962
TCGA-66-2791,LUSC,CALR,0.69979304,0.1929815
TCGA-66-2791,LUSC,PDIA3,-0.24916811,-0.96980745
TCGA-66-2791,LUSC,B2M,0.89300764,0.7561339
TCGA-66-2791,LUSC,HLA-A,0.62950957,0.3366377
TCGA-66-2791,LUSC,HLA-B,0.7414424,0.26045978
TCGA-66-2791,LUSC,HLA-C,0.5417298,0.5068661
TCGA-66-2791,LUSC,HLA-DQA1,0.71134996,0.7646285
TCGA-66-2791,LUSC,HLA-DRB1,0.7077447,0.33431533
TCGA-66-2791,LUSC,CMKLR1,0.6896306,1.1221923
TCGA-66-2791,LUSC,HLA-E,0.5796841,0.6615486
TCGA-66-2791,LUSC,NKG7,1.317937,1.5914963
TCGA-66-2791,LUSC,CD8A,1.1159518,1.3731331
TCGA-66-2791,LUSC,CCL5,1.169741,1.0272919
TCGA-66-2791,LUSC,CXCL9,0.87818414,1.2225161
TCGA-66-2791,LUSC,CD27,0.85730714,1.1018878
TCGA-66-2791,LUSC,CXCR6,1.110141,1.3948566
TCGA-66-2791,LUSC,IDO1,0.70072186,0.42621028
TCGA-66-2791,LUSC,STAT1,0.95819616,1.8405478
TCGA-66-2791,LUSC,CD274,0.99686134,2.1682518
TCGA-66-2791,LUSC,CD276,0.41540462,0.7621257
TCGA-66-2791,LUSC,LAG3,1.0069677,1.2458043
TCGA-66-2791,LUSC,PDCD1LG2,1.2901415,1.4945879
TCGA-66-2791,LUSC,TIGIT,0.96028644,1.2032639
TCGA-66-2791,LUSC,APM,0.8216325,1.0307906
TCGA-66-2791,LUSC,TIS,1.3545703,1.3280066
TCGA-68-7755,LUSC,TMB,0.12137525,0.343341
TCGA-68-7755,LUSC,PSMB5,0.5504273,0.4640315
TCGA-68-7755,LUSC,PSMB6,0.3445535,0.7973776
TCGA-68-7755,LUSC,PSMB7,0.5587057,0.97738
TCGA-68-7755,LUSC,PSMB8,-0.55775726,-0.6827027
TCGA-68-7755,LUSC,PSMB9,-0.33966085,-0.53898937
TCGA-68-7755,LUSC,PSMB10,-0.502543,-0.9582143
TCGA-68-7755,LUSC,TAP1,-0.02161108,0.023095284
TCGA-68-7755,LUSC,TAP2,-0.052370965,1.0676136
TCGA-68-7755,LUSC,ERAP1,-0.4060195,-1.1165023
TCGA-68-7755,LUSC,ERAP2,-0.3099984,-0.117319986
TCGA-68-7755,LUSC,TAPBP,-0.44081646,-0.6617874
TCGA-68-7755,LUSC,CANX,-0.29822093,-0.30463374
TCGA-68-7755,LUSC,CALR,-0.1415228,-0.9450308
TCGA-68-7755,LUSC,PDIA3,-0.16616915,0.029350396
TCGA-68-7755,LUSC,B2M,-0.5950352,-1.0447369
TCGA-68-7755,LUSC,HLA-A,-0.6120702,-1.5275881
TCGA-68-7755,LUSC,HLA-B,-0.5486794,-1.2619187
TCGA-68-7755,LUSC,HLA-C,-0.596531,-0.7339442
TCGA-68-7755,LUSC,HLA-DQA1,-0.6061245,-0.9072695
TCGA-68-7755,LUSC,HLA-DRB1,-0.7457409,-1.146244
TCGA-68-7755,LUSC,CMKLR1,-0.46700945,-0.998794
TCGA-68-7755,LUSC,HLA-E,-0.604205,-0.9724945
TCGA-68-7755,LUSC,NKG7,-0.16370973,-0.73470503
TCGA-68-7755,LUSC,CD8A,-0.23462835,-0.8446846
TCGA-68-7755,LUSC,CCL5,-0.31711286,-1.1157653
TCGA-68-7755,LUSC,CXCL9,-0.048441045,0.32732505
TCGA-68-7755,LUSC,CD27,-0.35021085,-1.0325702
TCGA-68-7755,LUSC,CXCR6,-0.4142688,-0.85253525
TCGA-68-7755,LUSC,IDO1,-0.27058735,-0.96852744
TCGA-68-7755,LUSC,STAT1,-0.12538749,-0.199125
TCGA-68-7755,LUSC,CD274,0.015017425,1.3933754
TCGA-68-7755,LUSC,CD276,0.22305956,1.2604567
TCGA-68-7755,LUSC,LAG3,-0.1760215,-0.44991612
TCGA-68-7755,LUSC,PDCD1LG2,-0.1707909,0.5540797
TCGA-68-7755,LUSC,TIGIT,-0.24417207,-0.75744784
TCGA-68-7755,LUSC,APM,-0.41386643,-0.680887
TCGA-68-7755,LUSC,TIS,-0.37397176,-0.50557995
TCGA-18-3419,LUSC,TMB,0.09287284,0.4410107
TCGA-18-3419,LUSC,PSMB5,0.41591048,0.58943486
TCGA-18-3419,LUSC,PSMB6,0.3531274,-0.44876805
TCGA-18-3419,LUSC,PSMB7,0.657903,-1.2032205
TCGA-18-3419,LUSC,PSMB8,0.49304208,-0.3429493
TCGA-18-3419,LUSC,PSMB9,0.7961986,-0.24700283
TCGA-18-3419,LUSC,PSMB10,0.17130998,-0.458568
TCGA-18-3419,LUSC,TAP1,1.0188762,-0.043396898
TCGA-18-3419,LUSC,TAP2,0.64896417,-0.73986864
TCGA-18-3419,LUSC,ERAP1,0.20628372,0.021980662
TCGA-18-3419,LUSC,ERAP2,0.11113994,0.35673538
TCGA-18-3419,LUSC,TAPBP,0.25699973,0.08589175
TCGA-18-3419,LUSC,CANX,0.015585959,0.7347734
TCGA-18-3419,LUSC,CALR,0.13030568,1.7682579
TCGA-18-3419,LUSC,PDIA3,-0.29147935,-0.46650457
TCGA-18-3419,LUSC,B2M,0.6085218,-0.23935792
TCGA-18-3419,LUSC,HLA-A,0.110344365,-1.6769192
TCGA-18-3419,LUSC,HLA-B,0.43573612,-0.9034808
TCGA-18-3419,LUSC,HLA-C,0.053075522,-0.6775133
TCGA-18-3419,LUSC,HLA-DQA1,0.009994841,-0.70571905
TCGA-18-3419,LUSC,HLA-DRB1,0.009232628,-0.94896734
TCGA-18-3419,LUSC,CMKLR1,0.17880856,0.54492617
TCGA-18-3419,LUSC,HLA-E,0.2151258,0.048757065
TCGA-18-3419,LUSC,NKG7,0.8861416,0.43674648
TCGA-18-3419,LUSC,CD8A,0.90768635,0.70066446
TCGA-18-3419,LUSC,CCL5,0.88827115,-0.06926194
TCGA-18-3419,LUSC,CXCL9,0.6068868,0.80882114
TCGA-18-3419,LUSC,CD27,0.31480253,0.59237546
TCGA-18-3419,LUSC,CXCR6,0.6515077,0.90810144
TCGA-18-3419,LUSC,IDO1,0.48615304,1.6560098
TCGA-18-3419,LUSC,STAT1,0.71388066,0.94322145
TCGA-18-3419,LUSC,CD274,0.8292643,-0.14270993
TCGA-18-3419,LUSC,CD276,0.39858657,0.8537786
TCGA-18-3419,LUSC,LAG3,0.92204535,0.3034528
TCGA-18-3419,LUSC,PDCD1LG2,0.77844536,-0.008946018
TCGA-18-3419,LUSC,TIGIT,0.6435525,0.3718089
TCGA-18-3419,LUSC,APM,0.5323354,-0.39950353
TCGA-18-3419,LUSC,TIS,0.45668945,0.39148736
TCGA-18-4086,LUSC,TMB,-0.12560609,-0.4403452
TCGA-18-4086,LUSC,PSMB5,0.21914475,0.8303355
TCGA-18-4086,LUSC,PSMB6,0.18246868,1.2382644
TCGA-18-4086,LUSC,PSMB7,0.34205168,0.86180025
TCGA-18-4086,LUSC,PSMB8,-0.31888816,0.30648345
TCGA-18-4086,LUSC,PSMB9,-0.35049504,0.084072135
TCGA-18-4086,LUSC,PSMB10,-0.632584,-0.34450632
TCGA-18-4086,LUSC,TAP1,-0.012248373,0.5051411
TCGA-18-4086,LUSC,TAP2,-0.110238396,0.1779831
TCGA-18-4086,LUSC,ERAP1,0.08144239,-0.3782311
TCGA-18-4086,LUSC,ERAP2,-0.3182916,0.62842435
TCGA-18-4086,LUSC,TAPBP,-0.37693578,-0.1350002
TCGA-18-4086,LUSC,CANX,-0.28581208,-0.48864836
TCGA-18-4086,LUSC,CALR,-0.03902292,-0.56912106
TCGA-18-4086,LUSC,PDIA3,-0.044686604,-0.9350395
TCGA-18-4086,LUSC,B2M,-0.31564322,0.55239785
TCGA-18-4086,LUSC,HLA-A,-0.49023637,0.05621412
TCGA-18-4086,LUSC,HLA-B,-0.50238895,0.30099353
TCGA-18-4086,LUSC,HLA-C,-0.6402937,0.26257935
TCGA-18-4086,LUSC,HLA-DQA1,-0.74866235,-0.35474285
TCGA-18-4086,LUSC,HLA-DRB1,-0.6798141,-0.3820886
TCGA-18-4086,LUSC,CMKLR1,-0.48424706,-0.18831535
TCGA-18-4086,LUSC,HLA-E,-0.5232555,-0.30763823
TCGA-18-4086,LUSC,NKG7,-0.36981133,0.30473876
TCGA-18-4086,LUSC,CD8A,-0.27667174,0.028499242
TCGA-18-4086,LUSC,CCL5,-0.30523306,0.13399202
TCGA-18-4086,LUSC,CXCL9,-0.34746963,0.35116053
TCGA-18-4086,LUSC,CD27,-0.42990986,0.7901704
TCGA-18-4086,LUSC,CXCR6,-0.4138915,0.2736313
TCGA-18-4086,LUSC,IDO1,-0.36686864,-0.7557172
TCGA-18-4086,LUSC,STAT1,-0.11636307,0.12740086
TCGA-18-4086,LUSC,CD274,0.22232147,0.96683955
TCGA-18-4086,LUSC,CD276,0.4161005,0.822752
TCGA-18-4086,LUSC,LAG3,-0.2630055,-0.0904719
TCGA-18-4086,LUSC,PDCD1LG2,0.02083146,0.3680723
TCGA-18-4086,LUSC,TIGIT,-0.36602154,-0.39937574
TCGA-18-4086,LUSC,APM,-0.34979925,0.34144637
TCGA-18-4086,LUSC,TIS,-0.40281144,-0.011765593
TCGA-66-2789,LUSC,TMB,-0.004819286,0.52317315
TCGA-66-2789,LUSC,PSMB5,0.101926744,-0.4601882
TCGA-66-2789,LUSC,PSMB6,0.060017414,-0.05173209
TCGA-66-2789,LUSC,PSMB7,0.079155564,-0.78969353
TCGA-66-2789,LUSC,PSMB8,-0.52827203,-0.3747577
TCGA-66-2789,LUSC,PSMB9,-0.4387289,-0.5507558
TCGA-66-2789,LUSC,PSMB10,-0.501748,-1.082279
TCGA-66-2789,LUSC,TAP1,-0.35589594,-0.3429791
TCGA-66-2789,LUSC,TAP2,-0.5744502,-0.87407196
TCGA-66-2789,LUSC,ERAP1,-0.6837179,-0.45405024
TCGA-66-2789,LUSC,ERAP2,-0.56828374,-0.09121629
TCGA-66-2789,LUSC,TAPBP,-0.64749515,-0.72915775
TCGA-66-2789,LUSC,CANX,-0.4318262,0.2117796
TCGA-66-2789,LUSC,CALR,0.39157826,1.0485713
TCGA-66-2789,LUSC,PDIA3,-0.042163797,0.90447176
TCGA-66-2789,LUSC,B2M,-0.3491094,0.6979716
TCGA-66-2789,LUSC,HLA-A,-0.54042685,-0.3116173
TCGA-66-2789,LUSC,HLA-B,-0.45992106,-0.068640254
TCGA-66-2789,LUSC,HLA-C,-0.3656856,0.46797198
TCGA-66-2789,LUSC,HLA-DQA1,-0.3700048,0.1236124
TCGA-66-2789,LUSC,HLA-DRB1,-0.46671557,0.2120531
TCGA-66-2789,LUSC,CMKLR1,-0.62909096,-0.13465449
TCGA-66-2789,LUSC,HLA-E,-0.39441577,0.23272571
TCGA-66-2789,LUSC,NKG7,-0.7109877,-0.5039439
TCGA-66-2789,LUSC,CD8A,-0.65021896,-0.87161577
TCGA-66-2789,LUSC,CCL5,-0.8264721,-0.6416913
TCGA-66-2789,LUSC,CXCL9,-0.6992366,-0.64818674
TCGA-66-2789,LUSC,CD27,-0.34289026,-0.095881835
TCGA-66-2789,LUSC,CXCR6,-0.50116307,-0.37553152
TCGA-66-2789,LUSC,IDO1,-0.3314992,1.1455895
TCGA-66-2789,LUSC,STAT1,-0.63134706,-0.5077067
TCGA-66-2789,LUSC,CD274,-0.3271108,-0.47463843
TCGA-66-2789,LUSC,CD276,0.58609265,0.89833975
TCGA-66-2789,LUSC,LAG3,-0.7066017,-0.9435648
TCGA-66-2789,LUSC,PDCD1LG2,-0.37591618,-0.019275354
TCGA-66-2789,LUSC,TIGIT,-0.74112195,-1.0004424
TCGA-66-2789,LUSC,APM,-0.66775715,-0.22991353
TCGA-66-2789,LUSC,TIS,-0.5998636,-0.3754155
TCGA-66-2754,LUSC,TMB,0.32317197,0.289179
TCGA-66-2754,LUSC,PSMB5,0.6834246,0.2951158
TCGA-66-2754,LUSC,PSMB6,0.7254114,1.9132972
TCGA-66-2754,LUSC,PSMB7,0.65338665,0.5079131
TCGA-66-2754,LUSC,PSMB8,-0.37186193,-1.079876
TCGA-66-2754,LUSC,PSMB9,-0.2937406,-1.5515401
TCGA-66-2754,LUSC,PSMB10,-0.61238575,-1.3194387
TCGA-66-2754,LUSC,TAP1,-0.03482775,-1.9337045
TCGA-66-2754,LUSC,TAP2,-0.7048455,-1.8204285
TCGA-66-2754,LUSC,ERAP1,-0.6195054,-1.4638913
TCGA-66-2754,LUSC,ERAP2,-0.58275265,-0.61739844
TCGA-66-2754,LUSC,TAPBP,-0.8528158,-2.9376285
TCGA-66-2754,LUSC,CANX,-0.36964035,0.05266723
TCGA-66-2754,LUSC,CALR,0.39037067,0.085146956
TCGA-66-2754,LUSC,PDIA3,-0.3144969,-1.232215
TCGA-66-2754,LUSC,B2M,-0.49197578,-1.3684869
TCGA-66-2754,LUSC,HLA-A,-0.5496482,-1.4181703
TCGA-66-2754,LUSC,HLA-B,-0.5769757,-2.0651295
TCGA-66-2754,LUSC,HLA-C,-0.6146933,-2.2177687
TCGA-66-2754,LUSC,HLA-DQA1,-0.6166489,-1.0519532
TCGA-66-2754,LUSC,HLA-DRB1,-0.8283436,-1.3130778
TCGA-66-2754,LUSC,CMKLR1,-0.63508207,-0.74954486
TCGA-66-2754,LUSC,HLA-E,-0.82450217,-1.9057733
TCGA-66-2754,LUSC,NKG7,-0.14687276,-0.94125277
TCGA-66-2754,LUSC,CD8A,-0.029076498,-0.98405844
TCGA-66-2754,LUSC,CCL5,-0.3372898,-1.1916801
TCGA-66-2754,LUSC,CXCL9,-0.3770488,-0.8706791
TCGA-66-2754,LUSC,CD27,-0.25353932,-1.3966926
TCGA-66-2754,LUSC,CXCR6,-0.43849587,-0.8791842
TCGA-66-2754,LUSC,IDO1,-0.31650203,-0.8067822
TCGA-66-2754,LUSC,STAT1,-0.38832706,-0.78396165
TCGA-66-2754,LUSC,CD274,-0.063207574,-1.2217497
TCGA-66-2754,LUSC,CD276,0.31607938,-0.07369997
TCGA-66-2754,LUSC,LAG3,-0.20395179,-0.7488548
TCGA-66-2754,LUSC,PDCD1LG2,-0.23038062,-1.0110589
TCGA-66-2754,LUSC,TIGIT,-0.501897,-1.2297255
TCGA-66-2754,LUSC,APM,-0.61853445,-1.9207395
TCGA-66-2754,LUSC,TIS,-0.3967669,-1.6666865
TCGA-94-A5I6,LUSC,TMB,0.5911455,-0.29324454
TCGA-94-A5I6,LUSC,PSMB5,0.4810453,-0.17096901
TCGA-94-A5I6,LUSC,PSMB6,0.2937404,0.1616274
TCGA-94-A5I6,LUSC,PSMB7,0.5737566,-0.5028008
TCGA-94-A5I6,LUSC,PSMB8,-0.34467083,-1.0611886
TCGA-94-A5I6,LUSC,PSMB9,-0.35918206,-1.0764431
TCGA-94-A5I6,LUSC,PSMB10,-0.5808029,-1.11565
TCGA-94-A5I6,LUSC,TAP1,-0.002398646,-0.78350985
TCGA-94-A5I6,LUSC,TAP2,0.15441816,-0.717055
TCGA-94-A5I6,LUSC,ERAP1,-0.5740265,-0.3164135
TCGA-94-A5I6,LUSC,ERAP2,-0.6036333,-0.26690587
TCGA-94-A5I6,LUSC,TAPBP,-0.2548284,-0.75155085
TCGA-94-A5I6,LUSC,CANX,-0.7789528,0.3166762
TCGA-94-A5I6,LUSC,CALR,0.23358974,-0.05871826
TCGA-94-A5I6,LUSC,PDIA3,0.3376476,0.6270181
TCGA-94-A5I6,LUSC,B2M,-0.9746064,-1.2182593
TCGA-94-A5I6,LUSC,HLA-A,-0.6147417,-0.94526786
TCGA-94-A5I6,LUSC,HLA-B,-0.67904246,-1.4823209
TCGA-94-A5I6,LUSC,HLA-C,-0.6287469,-1.3859146
TCGA-94-A5I6,LUSC,HLA-DQA1,-1.2903366,-1.1821643
TCGA-94-A5I6,LUSC,HLA-DRB1,-1.2655402,-1.281974
TCGA-94-A5I6,LUSC,CMKLR1,-1.1514573,-1.0902541
TCGA-94-A5I6,LUSC,HLA-E,-0.8258346,-1.3867908
TCGA-94-A5I6,LUSC,NKG7,-0.59878045,-1.1390918
TCGA-94-A5I6,LUSC,CD8A,-0.6300729,-1.3784255
TCGA-94-A5I6,LUSC,CCL5,-0.67640984,-1.3346814
TCGA-94-A5I6,LUSC,CXCL9,-0.8179245,-0.862175
TCGA-94-A5I6,LUSC,CD27,-0.84363556,-1.1881809
TCGA-94-A5I6,LUSC,CXCR6,-1.0576928,-1.282528
TCGA-94-A5I6,LUSC,IDO1,-0.6600028,-1.438415
TCGA-94-A5I6,LUSC,STAT1,-0.40820304,-0.43923494
TCGA-94-A5I6,LUSC,CD274,-0.15467718,0.3996234
TCGA-94-A5I6,LUSC,CD276,0.70231706,1.0890723
TCGA-94-A5I6,LUSC,LAG3,-0.43098634,-1.1336681
TCGA-94-A5I6,LUSC,PDCD1LG2,-0.59987,-0.36616495
TCGA-94-A5I6,LUSC,TIGIT,-0.6316184,-1.0679059
TCGA-94-A5I6,LUSC,APM,-0.5176016,-1.0997375
TCGA-94-A5I6,LUSC,TIS,-0.7444874,-1.145863
TCGA-56-7580,LUSC,TMB,-0.032417215,-0.5637953
TCGA-56-7580,LUSC,PSMB5,-0.05137663,0.9234935
TCGA-56-7580,LUSC,PSMB6,-0.26752,0.93961287
TCGA-56-7580,LUSC,PSMB7,-0.20710702,-0.22473976
TCGA-56-7580,LUSC,PSMB8,-0.7111772,-0.19711573
TCGA-56-7580,LUSC,PSMB9,-0.57158417,-0.52357113
TCGA-56-7580,LUSC,PSMB10,-0.60935533,-0.79947263
TCGA-56-7580,LUSC,TAP1,-0.27485213,-0.33605492
TCGA-56-7580,LUSC,TAP2,-0.11950056,-0.46469718
TCGA-56-7580,LUSC,ERAP1,-0.19920504,0.2925078
TCGA-56-7580,LUSC,ERAP2,-0.4243967,-0.60656154
TCGA-56-7580,LUSC,TAPBP,-0.03864626,0.7868028
TCGA-56-7580,LUSC,CANX,-0.6410119,-1.1116024
TCGA-56-7580,LUSC,CALR,-0.27442753,-0.28674757
TCGA-56-7580,LUSC,PDIA3,0.16446821,-0.099569686
TCGA-56-7580,LUSC,B2M,-0.60498196,-0.60332114
TCGA-56-7580,LUSC,HLA-A,-0.5298989,-0.14537856
TCGA-56-7580,LUSC,HLA-B,-0.5507528,-0.5520467
TCGA-56-7580,LUSC,HLA-C,-0.6157544,-0.8451419
TCGA-56-7580,LUSC,HLA-DQA1,-0.65422744,-1.205035
TCGA-56-7580,LUSC,HLA-DRB1,-0.66781104,-1.4384223
TCGA-56-7580,LUSC,CMKLR1,-0.35426146,-1.1042724
TCGA-56-7580,LUSC,HLA-E,-0.5354992,-0.7496741
TCGA-56-7580,LUSC,NKG7,-0.34860325,-0.3507627
TCGA-56-7580,LUSC,CD8A,-0.641566,-0.7427248
TCGA-56-7580,LUSC,CCL5,-0.22629914,-0.6476559
TCGA-56-7580,LUSC,CXCL9,-0.5745565,-1.1756386
TCGA-56-7580,LUSC,CD27,-0.4031373,-0.60550034
TCGA-56-7580,LUSC,CXCR6,-0.48325467,-0.5254221
TCGA-56-7580,LUSC,IDO1,-0.3409774,-0.7313041
TCGA-56-7580,LUSC,STAT1,-0.42956528,-1.4136895
TCGA-56-7580,LUSC,CD274,-0.40922078,-1.1449751
TCGA-56-7580,LUSC,CD276,0.40636748,0.44140625
TCGA-56-7580,LUSC,LAG3,-0.43517962,-0.4737892
TCGA-56-7580,LUSC,PDCD1LG2,-0.45514506,-1.0421231
TCGA-56-7580,LUSC,TIGIT,-0.25839964,-0.6342228
TCGA-56-7580,LUSC,APM,-0.5963306,-0.41240975
TCGA-56-7580,LUSC,TIS,-0.55671966,-1.1739126
TCGA-77-A5G8,LUSC,TMB,0.17548086,-0.0099160215
TCGA-77-A5G8,LUSC,PSMB5,0.13826981,0.65392894
TCGA-77-A5G8,LUSC,PSMB6,0.19219035,-0.03546682
TCGA-77-A5G8,LUSC,PSMB7,0.51638174,-0.37797636
TCGA-77-A5G8,LUSC,PSMB8,-0.49791703,-1.5262923
TCGA-77-A5G8,LUSC,PSMB9,-0.23452589,-0.8258167
TCGA-77-A5G8,LUSC,PSMB10,-0.47509584,-0.564393
TCGA-77-A5G8,LUSC,TAP1,-0.017086029,-0.802076
TCGA-77-A5G8,LUSC,TAP2,-0.14758989,-0.29056638
TCGA-77-A5G8,LUSC,ERAP1,-0.14142951,-1.038784
TCGA-77-A5G8,LUSC,ERAP2,-0.20250559,-1.3291018
TCGA-77-A5G8,LUSC,TAPBP,-0.08995099,-1.126158
TCGA-77-A5G8,LUSC,CANX,-0.35140315,-1.224315
TCGA-77-A5G8,LUSC,CALR,-0.013703888,-0.27452552
TCGA-77-A5G8,LUSC,PDIA3,-0.08328685,0.22518131
TCGA-77-A5G8,LUSC,B2M,-0.40730658,-0.88287115
TCGA-77-A5G8,LUSC,HLA-A,-0.4055628,-1.034709
TCGA-77-A5G8,LUSC,HLA-B,-0.45704144,-1.1228671
TCGA-77-A5G8,LUSC,HLA-C,-0.7061256,-1.4529678
TCGA-77-A5G8,LUSC,HLA-DQA1,-0.7234353,0.13616206
TCGA-77-A5G8,LUSC,HLA-DRB1,-0.62730914,-0.37153107
TCGA-77-A5G8,LUSC,CMKLR1,-0.3678443,-0.5174612
TCGA-77-A5G8,LUSC,HLA-E,-0.5477872,-1.0800759
TCGA-77-A5G8,LUSC,NKG7,-0.02882427,0.25973952
TCGA-77-A5G8,LUSC,CD8A,-0.14945218,-0.3580318
TCGA-77-A5G8,LUSC,CCL5,-0.34051394,-0.06332819
TCGA-77-A5G8,LUSC,CXCL9,-0.2539129,0.122440815
TCGA-77-A5G8,LUSC,CD27,-0.17095523,-0.42424524
TCGA-77-A5G8,LUSC,CXCR6,-0.2506294,-0.65744245
TCGA-77-A5G8,LUSC,IDO1,-0.44971865,-0.39871928
TCGA-77-A5G8,LUSC,STAT1,-0.06424632,-0.60367036
TCGA-77-A5G8,LUSC,CD274,0.048802424,0.69472265
TCGA-77-A5G8,LUSC,CD276,0.4977457,0.08217767
TCGA-77-A5G8,LUSC,LAG3,-0.17143418,-0.1260359
TCGA-77-A5G8,LUSC,PDCD1LG2,-0.17394334,0.07749857
TCGA-77-A5G8,LUSC,TIGIT,-0.34024447,-0.52317166
TCGA-77-A5G8,LUSC,APM,-0.558681,-1.3044008
TCGA-77-A5G8,LUSC,TIS,-0.4139987,-0.5316909
TCGA-34-2596,LUSC,TMB,0.048790235,0.13814135
TCGA-34-2596,LUSC,PSMB5,0.24778959,-0.42813095
TCGA-34-2596,LUSC,PSMB6,0.75856054,0.9450022
TCGA-34-2596,LUSC,PSMB7,0.9217598,1.2334337
TCGA-34-2596,LUSC,PSMB8,0.059613723,-1.0267828
TCGA-34-2596,LUSC,PSMB9,0.060797315,-0.83847344
TCGA-34-2596,LUSC,PSMB10,-0.29055306,-0.779698
TCGA-34-2596,LUSC,TAP1,0.07284743,-0.5090583
TCGA-34-2596,LUSC,TAP2,0.06888421,-0.63935935
TCGA-34-2596,LUSC,ERAP1,0.013357106,0.91646016
TCGA-34-2596,LUSC,ERAP2,-0.09163763,-0.4876306
TCGA-34-2596,LUSC,TAPBP,-0.18895142,-0.9760452
TCGA-34-2596,LUSC,CANX,-0.08444903,-0.53295124
TCGA-34-2596,LUSC,CALR,0.3315815,-0.57014143
TCGA-34-2596,LUSC,PDIA3,0.23833175,0.14324297
TCGA-34-2596,LUSC,B2M,-0.19171157,-0.7500311
TCGA-34-2596,LUSC,HLA-A,-0.2551857,-1.2236987
TCGA-34-2596,LUSC,HLA-B,-0.2563297,-1.0389972
TCGA-34-2596,LUSC,HLA-C,-0.6295406,-1.1005507
TCGA-34-2596,LUSC,HLA-DQA1,-0.56453454,-0.3910431
TCGA-34-2596,LUSC,HLA-DRB1,-0.622276,-0.5070394
TCGA-34-2596,LUSC,CMKLR1,-0.26456165,0.0019997463
TCGA-34-2596,LUSC,HLA-E,-0.3346257,-0.7380211
TCGA-34-2596,LUSC,NKG7,0.276986,-0.060221277
TCGA-34-2596,LUSC,CD8A,0.21069124,-0.39147928
TCGA-34-2596,LUSC,CCL5,0.3535409,-0.5590958
TCGA-34-2596,LUSC,CXCL9,-0.24099469,-0.36777148
TCGA-34-2596,LUSC,CD27,0.007857537,0.2685012
TCGA-34-2596,LUSC,CXCR6,-0.10403725,-0.75987893
TCGA-34-2596,LUSC,IDO1,-0.24914268,-1.2565969
TCGA-34-2596,LUSC,STAT1,-0.073490545,0.29190168
TCGA-34-2596,LUSC,CD274,0.14396706,2.7808766
TCGA-34-2596,LUSC,CD276,0.5715911,1.9896625
TCGA-34-2596,LUSC,LAG3,0.38512313,-0.35017595
TCGA-34-2596,LUSC,PDCD1LG2,0.40844852,2.6153166
TCGA-34-2596,LUSC,TIGIT,0.03391207,-0.15777275
TCGA-34-2596,LUSC,APM,0.017509181,-0.83104163
TCGA-34-2596,LUSC,TIS,-0.16613686,0.59589314
TCGA-56-A4ZJ,LUSC,TMB,-0.014822294,-0.9599455
TCGA-56-A4ZJ,LUSC,PSMB5,-0.019715097,-0.55958617
TCGA-56-A4ZJ,LUSC,PSMB6,-0.13248232,-0.6825094
TCGA-56-A4ZJ,LUSC,PSMB7,-0.15970474,-1.0851842
TCGA-56-A4ZJ,LUSC,PSMB8,-0.48031107,-0.4065704
TCGA-56-A4ZJ,LUSC,PSMB9,-0.33091807,-0.32873276
TCGA-56-A4ZJ,LUSC,PSMB10,-0.3479055,-0.07200367
TCGA-56-A4ZJ,LUSC,TAP1,-0.22351956,-0.5134118
TCGA-56-A4ZJ,LUSC,TAP2,-0.00014722944,0.34831473
TCGA-56-A4ZJ,LUSC,ERAP1,-0.065391086,0.020017896
TCGA-56-A4ZJ,LUSC,ERAP2,-0.3652503,1.076834
TCGA-56-A4ZJ,LUSC,TAPBP,-0.060688246,0.49077016
TCGA-56-A4ZJ,LUSC,CANX,-0.5167543,-0.37113744
TCGA-56-A4ZJ,LUSC,CALR,-0.09967039,0.34770575
TCGA-56-A4ZJ,LUSC,PDIA3,0.08240819,0.5011831
TCGA-56-A4ZJ,LUSC,B2M,-0.5506843,0.30634588
TCGA-56-A4ZJ,LUSC,HLA-A,-0.34295756,-0.17110236
TCGA-56-A4ZJ,LUSC,HLA-B,-0.2910248,0.41157258
TCGA-56-A4ZJ,LUSC,HLA-C,-0.39811188,0.027465047
TCGA-56-A4ZJ,LUSC,HLA-DQA1,-0.42126647,0.6063853
TCGA-56-A4ZJ,LUSC,HLA-DRB1,-0.42065987,0.79347336
TCGA-56-A4ZJ,LUSC,CMKLR1,-0.22124377,0.9913654
TCGA-56-A4ZJ,LUSC,HLA-E,-0.124313034,0.54088986
TCGA-56-A4ZJ,LUSC,NKG7,-0.4303549,-0.045296364
TCGA-56-A4ZJ,LUSC,CD8A,-0.3893948,-0.51415795
TCGA-56-A4ZJ,LUSC,CCL5,-0.39565855,0.043580238
TCGA-56-A4ZJ,LUSC,CXCL9,-0.5972199,0.073173165
TCGA-56-A4ZJ,LUSC,CD27,-0.37372595,-0.74490905
TCGA-56-A4ZJ,LUSC,CXCR6,-0.43773794,-0.092498116
TCGA-56-A4ZJ,LUSC,IDO1,-0.16345055,-0.2406044
TCGA-56-A4ZJ,LUSC,STAT1,-0.145558,-0.5336932
TCGA-56-A4ZJ,LUSC,CD274,-0.2140328,-0.43863714
TCGA-56-A4ZJ,LUSC,CD276,0.57149565,0.8087235
TCGA-56-A4ZJ,LUSC,LAG3,-0.32333207,-0.7457744
TCGA-56-A4ZJ,LUSC,PDCD1LG2,-0.15719673,0.21843867
TCGA-56-A4ZJ,LUSC,TIGIT,-0.35981756,-0.69301313
TCGA-56-A4ZJ,LUSC,APM,-0.34214327,0.07312606
TCGA-56-A4ZJ,LUSC,TIS,-0.27779144,0.007192012
TCGA-77-8145,LUSC,TMB,-0.08596071,-0.5150687
TCGA-77-8145,LUSC,PSMB5,-0.09973575,0.65173024
TCGA-77-8145,LUSC,PSMB6,-0.036945533,-0.7036554
TCGA-77-8145,LUSC,PSMB7,-0.11948816,1.3990997
TCGA-77-8145,LUSC,PSMB8,-0.408595,-0.97318804
TCGA-77-8145,LUSC,PSMB9,-0.19662896,-0.79251224
TCGA-77-8145,LUSC,PSMB10,-0.22245581,-1.2716774
TCGA-77-8145,LUSC,TAP1,-0.062205702,-0.46406725
TCGA-77-8145,LUSC,TAP2,0.03244499,-1.2010175
TCGA-77-8145,LUSC,ERAP1,-0.1159976,-0.0073814527
TCGA-77-8145,LUSC,ERAP2,-0.110062145,-1.3964645
TCGA-77-8145,LUSC,TAPBP,0.23431477,-0.03728918
TCGA-77-8145,LUSC,CANX,-0.2362402,-1.0652031
TCGA-77-8145,LUSC,CALR,0.20966864,1.0744898
TCGA-77-8145,LUSC,PDIA3,0.30142993,0.11003474
TCGA-77-8145,LUSC,B2M,-0.18301597,-0.50351304
TCGA-77-8145,LUSC,HLA-A,-0.26222068,0.12339222
TCGA-77-8145,LUSC,HLA-B,-0.088867724,-0.54689014
TCGA-77-8145,LUSC,HLA-C,-0.12548241,0.30130997
TCGA-77-8145,LUSC,HLA-DQA1,-0.20324841,-1.0103288
TCGA-77-8145,LUSC,HLA-DRB1,-0.32788053,-1.1865708
TCGA-77-8145,LUSC,CMKLR1,-0.12405209,-0.92060566
TCGA-77-8145,LUSC,HLA-E,-0.084717296,-0.6877917
TCGA-77-8145,LUSC,NKG7,-0.23077083,-1.0528419
TCGA-77-8145,LUSC,CD8A,-0.17167827,-1.379984
TCGA-77-8145,LUSC,CCL5,-0.06312376,-0.98233974
TCGA-77-8145,LUSC,CXCL9,-0.41794214,-1.048735
TCGA-77-8145,LUSC,CD27,0.06785147,-0.6467512
TCGA-77-8145,LUSC,CXCR6,-0.40268987,-1.031954
TCGA-77-8145,LUSC,IDO1,0.05849684,-0.81148607
TCGA-77-8145,LUSC,STAT1,0.012250124,-0.27009562
TCGA-77-8145,LUSC,CD274,-0.13718966,-0.48395118
TCGA-77-8145,LUSC,CD276,0.6789201,1.9440349
TCGA-77-8145,LUSC,LAG3,-0.20387812,-0.34955093
TCGA-77-8145,LUSC,PDCD1LG2,0.039076705,-0.16332713
TCGA-77-8145,LUSC,TIGIT,-0.03651266,-0.8969085
TCGA-77-8145,LUSC,APM,-0.15819223,-0.61111087
TCGA-77-8145,LUSC,TIS,-0.118273355,-0.6919711
TCGA-NC-A5HR,LUSC,TMB,0.515295,0.5418502
TCGA-NC-A5HR,LUSC,PSMB5,0.42894244,0.34732598
TCGA-NC-A5HR,LUSC,PSMB6,0.33902505,-0.33335328
TCGA-NC-A5HR,LUSC,PSMB7,0.5750942,0.8474254
TCGA-NC-A5HR,LUSC,PSMB8,-0.48561907,-0.025872977
TCGA-NC-A5HR,LUSC,PSMB9,-0.14529637,0.26617345
TCGA-NC-A5HR,LUSC,PSMB10,-0.36517653,-0.5732462
TCGA-NC-A5HR,LUSC,TAP1,-0.15705796,-0.51511294
TCGA-NC-A5HR,LUSC,TAP2,-0.05463212,0.9490849
TCGA-NC-A5HR,LUSC,ERAP1,-0.3826768,-1.5497435
TCGA-NC-A5HR,LUSC,ERAP2,-0.45289212,-1.2789264
TCGA-NC-A5HR,LUSC,TAPBP,-0.49291325,-1.0639126
TCGA-NC-A5HR,LUSC,CANX,-0.82581586,-1.5349009
TCGA-NC-A5HR,LUSC,CALR,-0.29942387,-1.8520557
TCGA-NC-A5HR,LUSC,PDIA3,-0.34699845,-0.22071874
TCGA-NC-A5HR,LUSC,B2M,-0.74228364,-0.4674646
TCGA-NC-A5HR,LUSC,HLA-A,-0.5541915,-0.4148581
TCGA-NC-A5HR,LUSC,HLA-B,-0.7032956,-0.78525895
TCGA-NC-A5HR,LUSC,HLA-C,-0.66661483,-1.087719
TCGA-NC-A5HR,LUSC,HLA-DQA1,-0.8754469,-0.7774649
TCGA-NC-A5HR,LUSC,HLA-DRB1,-0.92429715,-0.83677506
TCGA-NC-A5HR,LUSC,CMKLR1,-0.6954613,-0.7060358
TCGA-NC-A5HR,LUSC,HLA-E,-0.48267263,-0.99331975
TCGA-NC-A5HR,LUSC,NKG7,0.19755071,-0.4574863
TCGA-NC-A5HR,LUSC,CD8A,-0.023005143,-0.23024137
TCGA-NC-A5HR,LUSC,CCL5,-0.12117299,-0.21988785
TCGA-NC-A5HR,LUSC,CXCL9,-0.11233064,0.42021105
TCGA-NC-A5HR,LUSC,CD27,-0.5608168,-0.7850454
TCGA-NC-A5HR,LUSC,CXCR6,-0.40937775,-0.74713326
TCGA-NC-A5HR,LUSC,IDO1,0.006712335,0.35912547
TCGA-NC-A5HR,LUSC,STAT1,-0.11115296,-0.6004326
TCGA-NC-A5HR,LUSC,CD274,0.17984745,0.79659563
TCGA-NC-A5HR,LUSC,CD276,-0.28722292,-0.5669286
TCGA-NC-A5HR,LUSC,LAG3,0.12608859,-0.27523047
TCGA-NC-A5HR,LUSC,PDCD1LG2,-0.4149931,0.15670551
TCGA-NC-A5HR,LUSC,TIGIT,-0.13065036,-0.5046142
TCGA-NC-A5HR,LUSC,APM,-0.4140788,-0.81375146
TCGA-NC-A5HR,LUSC,TIS,-0.40543264,-0.719845
TCGA-52-7812,LUSC,TMB,0.10929902,0.35393587
TCGA-52-7812,LUSC,PSMB5,0.053846408,0.8045873
TCGA-52-7812,LUSC,PSMB6,0.023160208,0.05530618
TCGA-52-7812,LUSC,PSMB7,0.38447708,1.1500626
TCGA-52-7812,LUSC,PSMB8,0.61981475,1.348928
TCGA-52-7812,LUSC,PSMB9,1.0908144,1.532138
TCGA-52-7812,LUSC,PSMB10,0.71454304,1.6167994
TCGA-52-7812,LUSC,TAP1,1.2401618,1.415376
TCGA-52-7812,LUSC,TAP2,1.0772533,1.7189515
TCGA-52-7812,LUSC,ERAP1,0.59809965,1.8129692
TCGA-52-7812,LUSC,ERAP2,0.41135007,-0.647198
TCGA-52-7812,LUSC,TAPBP,0.8607065,0.96334296
TCGA-52-7812,LUSC,CANX,0.2209888,0.6766919
TCGA-52-7812,LUSC,CALR,0.18658383,0.8583219
TCGA-52-7812,LUSC,PDIA3,-0.15124509,-0.2587924
TCGA-52-7812,LUSC,B2M,0.70257246,-0.4448424
TCGA-52-7812,LUSC,HLA-A,0.56744474,1.5639263
TCGA-52-7812,LUSC,HLA-B,0.7505339,1.4837393
TCGA-52-7812,LUSC,HLA-C,0.47965422,0.91765136
TCGA-52-7812,LUSC,HLA-DQA1,0.3853752,0.60537314
TCGA-52-7812,LUSC,HLA-DRB1,0.22024345,0.6155759
TCGA-52-7812,LUSC,CMKLR1,0.58415574,0.443797
TCGA-52-7812,LUSC,HLA-E,0.59739816,0.39142862
TCGA-52-7812,LUSC,NKG7,0.9488081,1.6238172
TCGA-52-7812,LUSC,CD8A,0.99854815,1.4510678
TCGA-52-7812,LUSC,CCL5,1.0575813,1.2445884
TCGA-52-7812,LUSC,CXCL9,0.8540748,1.7059327
TCGA-52-7812,LUSC,CD27,0.64603174,-0.316744
TCGA-52-7812,LUSC,CXCR6,0.7057018,0.5443854
TCGA-52-7812,LUSC,IDO1,0.49569756,0.9943845
TCGA-52-7812,LUSC,STAT1,1.1716974,1.3292952
TCGA-52-7812,LUSC,CD274,0.62458366,1.6207289
TCGA-52-7812,LUSC,CD276,0.4818991,1.3049623
TCGA-52-7812,LUSC,LAG3,1.1211536,1.126231
TCGA-52-7812,LUSC,PDCD1LG2,0.8690211,0.71936864
TCGA-52-7812,LUSC,TIGIT,0.98608047,0.4093941
TCGA-52-7812,LUSC,APM,0.79678875,1.374563
TCGA-52-7812,LUSC,TIS,1.0870249,1.2022058
TCGA-63-7020,LUSC,TMB,-0.020712148,-0.18999554
TCGA-63-7020,LUSC,PSMB5,0.15667164,0.2250942
TCGA-63-7020,LUSC,PSMB6,0.13038571,-0.1764888
TCGA-63-7020,LUSC,PSMB7,-0.11228527,-0.8191236
TCGA-63-7020,LUSC,PSMB8,-0.03530209,0.978615
TCGA-63-7020,LUSC,PSMB9,0.24484494,0.9780219
TCGA-63-7020,LUSC,PSMB10,0.034247257,1.1397564
TCGA-63-7020,LUSC,TAP1,0.043152373,1.7304494
TCGA-63-7020,LUSC,TAP2,-0.05083667,0.4610994
TCGA-63-7020,LUSC,ERAP1,-0.159367,-0.3571319
TCGA-63-7020,LUSC,ERAP2,-0.17245984,-1.0523834
TCGA-63-7020,LUSC,TAPBP,0.14284232,1.4620386
TCGA-63-7020,LUSC,CANX,-0.4294857,-0.16212286
TCGA-63-7020,LUSC,CALR,0.3120187,0.9771778
TCGA-63-7020,LUSC,PDIA3,0.17397673,0.9025454
TCGA-63-7020,LUSC,B2M,0.3505937,0.9805629
TCGA-63-7020,LUSC,HLA-A,0.025769066,0.9912477
TCGA-63-7020,LUSC,HLA-B,0.20158091,0.76628345
TCGA-63-7020,LUSC,HLA-C,0.16812055,0.87773
TCGA-63-7020,LUSC,HLA-DQA1,-0.16483559,-0.5355164
TCGA-63-7020,LUSC,HLA-DRB1,-0.3180967,-0.36959305
TCGA-63-7020,LUSC,CMKLR1,-0.10213882,0.36563697
TCGA-63-7020,LUSC,HLA-E,-0.11805546,1.023179
TCGA-63-7020,LUSC,NKG7,0.042404555,0.82245034
TCGA-63-7020,LUSC,CD8A,-0.060616367,0.46362105
TCGA-63-7020,LUSC,CCL5,0.17479916,0.5751612
TCGA-63-7020,LUSC,CXCL9,-0.14435275,0.6319551
TCGA-63-7020,LUSC,CD27,0.3657834,0.27052462
TCGA-63-7020,LUSC,CXCR6,-0.015211249,0.05049811
TCGA-63-7020,LUSC,IDO1,0.5161099,1.7284269
TCGA-63-7020,LUSC,STAT1,-0.04447743,1.5662384
TCGA-63-7020,LUSC,CD274,-0.25631475,-0.3797222
TCGA-63-7020,LUSC,CD276,0.46465412,1.154855
TCGA-63-7020,LUSC,LAG3,0.061673194,1.0564606
TCGA-63-7020,LUSC,PDCD1LG2,-0.06823231,-0.036410663
TCGA-63-7020,LUSC,TIGIT,-0.008379144,0.03339259
TCGA-63-7020,LUSC,APM,0.04813717,0.90881616
TCGA-63-7020,LUSC,TIS,0.01051065,0.71026444
TCGA-34-A5IX,LUSC,TMB,-0.2251961,0.3380145
TCGA-34-A5IX,LUSC,PSMB5,-0.04128357,-0.5409249
TCGA-34-A5IX,LUSC,PSMB6,0.15862799,-0.03329218
TCGA-34-A5IX,LUSC,PSMB7,0.08444404,0.20762534
TCGA-34-A5IX,LUSC,PSMB8,-0.46523023,-0.98798704
TCGA-34-A5IX,LUSC,PSMB9,-0.5680686,-1.1088305
TCGA-34-A5IX,LUSC,PSMB10,-0.33718008,-1.2657104
TCGA-34-A5IX,LUSC,TAP1,-0.3082374,-0.49128574
TCGA-34-A5IX,LUSC,TAP2,-0.17614886,0.6929854
TCGA-34-A5IX,LUSC,ERAP1,-0.1482429,-1.4277546
TCGA-34-A5IX,LUSC,ERAP2,-0.30206594,0.5492013
TCGA-34-A5IX,LUSC,TAPBP,-0.12594955,0.23680203
TCGA-34-A5IX,LUSC,CANX,-0.41534194,-1.817585
TCGA-34-A5IX,LUSC,CALR,-0.040661234,0.67062193
TCGA-34-A5IX,LUSC,PDIA3,0.25328642,0.3353145
TCGA-34-A5IX,LUSC,B2M,-0.41310054,-0.71311736
TCGA-34-A5IX,LUSC,HLA-A,-0.48288184,-0.97310853
TCGA-34-A5IX,LUSC,HLA-B,-0.6200353,-1.1050225
TCGA-34-A5IX,LUSC,HLA-C,-0.48782426,-1.55815
TCGA-34-A5IX,LUSC,HLA-DQA1,-0.7461882,-0.8439889
TCGA-34-A5IX,LUSC,HLA-DRB1,-0.69967806,-1.057266
TCGA-34-A5IX,LUSC,CMKLR1,-0.62145025,-0.974766
TCGA-34-A5IX,LUSC,HLA-E,-0.4196331,-1.4240191
TCGA-34-A5IX,LUSC,NKG7,-0.3117277,-0.3281732
TCGA-34-A5IX,LUSC,CD8A,-0.53502953,-0.41445988
TCGA-34-A5IX,LUSC,CCL5,-0.41110802,1.0076706
TCGA-34-A5IX,LUSC,CXCL9,-0.5063004,-0.58718544
TCGA-34-A5IX,LUSC,CD27,-0.5121342,-1.5864544
TCGA-34-A5IX,LUSC,CXCR6,-0.5390602,-1.0801426
TCGA-34-A5IX,LUSC,IDO1,-0.4613955,-0.6037561
TCGA-34-A5IX,LUSC,STAT1,-0.35570845,-0.90914595
TCGA-34-A5IX,LUSC,CD274,-0.09628944,-0.5455001
TCGA-34-A5IX,LUSC,CD276,0.5623039,1.305094
TCGA-34-A5IX,LUSC,LAG3,-0.51112324,-0.54427093
TCGA-34-A5IX,LUSC,PDCD1LG2,-0.24272683,-1.0131861
TCGA-34-A5IX,LUSC,TIGIT,-0.42893964,-0.3457176
TCGA-34-A5IX,LUSC,APM,-0.63328093,-0.883314
TCGA-34-A5IX,LUSC,TIS,-0.46771598,-0.76274186
TCGA-66-2800,LUSC,TMB,0.28683633,-0.20541143
TCGA-66-2800,LUSC,PSMB5,0.29918295,0.52867526
TCGA-66-2800,LUSC,PSMB6,0.19686386,1.2598095
TCGA-66-2800,LUSC,PSMB7,0.3157317,0.21779855
TCGA-66-2800,LUSC,PSMB8,-0.17448257,-0.75833565
TCGA-66-2800,LUSC,PSMB9,0.0045275926,-0.60876775
TCGA-66-2800,LUSC,PSMB10,-0.33590826,-0.76090866
TCGA-66-2800,LUSC,TAP1,0.10078051,-0.8152211
TCGA-66-2800,LUSC,TAP2,-0.13598135,-1.6519148
TCGA-66-2800,LUSC,ERAP1,-0.3178075,-2.9309342
TCGA-66-2800,LUSC,ERAP2,-0.36462754,-1.5866826
TCGA-66-2800,LUSC,TAPBP,-0.44322816,-1.3456945
TCGA-66-2800,LUSC,CANX,-0.32704574,-0.6442668
TCGA-66-2800,LUSC,CALR,0.036012698,-0.16776738
TCGA-66-2800,LUSC,PDIA3,-0.27538154,-0.7353298
TCGA-66-2800,LUSC,B2M,-0.13299386,-0.072052546
TCGA-66-2800,LUSC,HLA-A,-0.25032806,-0.3022684
TCGA-66-2800,LUSC,HLA-B,-0.21755545,-0.16448887
TCGA-66-2800,LUSC,HLA-C,-0.3889049,-0.46523133
TCGA-66-2800,LUSC,HLA-DQA1,-0.17534873,0.40308365
TCGA-66-2800,LUSC,HLA-DRB1,-0.25890332,0.18003485
TCGA-66-2800,LUSC,CMKLR1,-0.13631123,0.6697844
TCGA-66-2800,LUSC,HLA-E,-0.19438769,-0.058874782
TCGA-66-2800,LUSC,NKG7,-0.08000094,-0.19871424
TCGA-66-2800,LUSC,CD8A,-0.04013593,-0.5627697
TCGA-66-2800,LUSC,CCL5,-0.070452765,-0.6723835
TCGA-66-2800,LUSC,CXCL9,-0.043617357,-0.2824397
TCGA-66-2800,LUSC,CD27,0.034122545,-0.26984143
TCGA-66-2800,LUSC,CXCR6,-0.11316423,-0.5300465
TCGA-66-2800,LUSC,IDO1,-0.048008323,-0.9141267
TCGA-66-2800,LUSC,STAT1,0.0320246,-1.1885167
TCGA-66-2800,LUSC,CD274,0.14762115,0.04326185
TCGA-66-2800,LUSC,CD276,0.5419504,0.45213947
TCGA-66-2800,LUSC,LAG3,-0.059650175,-0.9840202
TCGA-66-2800,LUSC,PDCD1LG2,0.13077673,1.0940285
TCGA-66-2800,LUSC,TIGIT,-0.083315894,-0.53486794
TCGA-66-2800,LUSC,APM,-0.22997291,-1.034141
TCGA-66-2800,LUSC,TIS,-0.097986884,-0.3220406
TCGA-43-3920,LUSC,TMB,-0.028383378,0.23292531
TCGA-43-3920,LUSC,PSMB5,-0.2999144,1.2804438
TCGA-43-3920,LUSC,PSMB6,-0.25967434,1.2162282
TCGA-43-3920,LUSC,PSMB7,-0.09146799,-0.09614181
TCGA-43-3920,LUSC,PSMB8,-0.7626823,0.07640932
TCGA-43-3920,LUSC,PSMB9,-0.3380096,0.24951231
TCGA-43-3920,LUSC,PSMB10,-0.629413,-0.09214036
TCGA-43-3920,LUSC,TAP1,-0.12320505,-0.18411466
TCGA-43-3920,LUSC,TAP2,-0.16528232,-1.4051689
TCGA-43-3920,LUSC,ERAP1,-0.07050313,-0.41369504
TCGA-43-3920,LUSC,ERAP2,-0.12447474,0.7281447
TCGA-43-3920,LUSC,TAPBP,-0.29792005,-2.720986
TCGA-43-3920,LUSC,CANX,-0.30987817,0.65266734
TCGA-43-3920,LUSC,CALR,0.034061972,-0.8146747
TCGA-43-3920,LUSC,PDIA3,-0.028275633,0.02591977
TCGA-43-3920,LUSC,B2M,-0.5532798,1.6014365
TCGA-43-3920,LUSC,HLA-A,-0.58299667,-0.74317664
TCGA-43-3920,LUSC,HLA-B,-0.49287018,-0.16760442
TCGA-43-3920,LUSC,HLA-C,-0.5914068,-0.009439055
TCGA-43-3920,LUSC,HLA-DQA1,-0.4436267,0.46046698
TCGA-43-3920,LUSC,HLA-DRB1,-0.73834354,0.48473573
TCGA-43-3920,LUSC,CMKLR1,-0.23507755,-0.19856587
TCGA-43-3920,LUSC,HLA-E,-0.47757906,-0.46449745
TCGA-43-3920,LUSC,NKG7,-0.46935835,1.1052047
TCGA-43-3920,LUSC,CD8A,-0.49200696,1.1877918
TCGA-43-3920,LUSC,CCL5,-0.36245397,0.47721222
TCGA-43-3920,LUSC,CXCL9,-0.56075966,0.861762
TCGA-43-3920,LUSC,CD27,-0.30160338,0.19958006
TCGA-43-3920,LUSC,CXCR6,-0.408113,1.3155599
TCGA-43-3920,LUSC,IDO1,-0.39513856,1.2112621
TCGA-43-3920,LUSC,STAT1,-0.10802529,-0.10631504
TCGA-43-3920,LUSC,CD274,-0.34966755,-0.38784164
TCGA-43-3920,LUSC,CD276,0.5524541,0.15844491
TCGA-43-3920,LUSC,LAG3,-0.33988947,0.36869437
TCGA-43-3920,LUSC,PDCD1LG2,-0.32225484,1.554399
TCGA-43-3920,LUSC,TIGIT,-0.5096442,-0.47088048
TCGA-43-3920,LUSC,APM,-0.527964,0.033930857
TCGA-43-3920,LUSC,TIS,-0.2824586,0.45684975
TCGA-21-5783,LUSC,TMB,0.042620786,0.79268813
TCGA-21-5783,LUSC,PSMB5,0.2987011,-0.383703
TCGA-21-5783,LUSC,PSMB6,-0.025816914,-0.7441872
TCGA-21-5783,LUSC,PSMB7,0.24576409,0.050129842
TCGA-21-5783,LUSC,PSMB8,-0.56303334,-0.584567
TCGA-21-5783,LUSC,PSMB9,-0.43989858,-0.50278676
TCGA-21-5783,LUSC,PSMB10,-0.763912,-0.020041863
TCGA-21-5783,LUSC,TAP1,-0.19377418,-0.4862228
TCGA-21-5783,LUSC,TAP2,-0.26747406,-0.26117802
TCGA-21-5783,LUSC,ERAP1,-0.6062878,-0.6703988
TCGA-21-5783,LUSC,ERAP2,-0.4611187,1.4068302
TCGA-21-5783,LUSC,TAPBP,-0.55786115,-0.084633976
TCGA-21-5783,LUSC,CANX,-0.40676865,0.5317593
TCGA-21-5783,LUSC,CALR,0.15537462,-0.4923462
TCGA-21-5783,LUSC,PDIA3,0.044487268,1.5034338
TCGA-21-5783,LUSC,B2M,-0.4592575,-1.061875
TCGA-21-5783,LUSC,HLA-A,-0.46868438,-0.6219753
TCGA-21-5783,LUSC,HLA-B,-0.54110885,0.05338782
TCGA-21-5783,LUSC,HLA-C,-0.6821472,-0.2031766
TCGA-21-5783,LUSC,HLA-DQA1,-0.5324887,-1.0806463
TCGA-21-5783,LUSC,HLA-DRB1,-0.7588624,-1.3038533
TCGA-21-5783,LUSC,CMKLR1,-0.30820933,-1.5329132
TCGA-21-5783,LUSC,HLA-E,-0.585127,-1.4537327
TCGA-21-5783,LUSC,NKG7,-0.17554317,-1.4384508
TCGA-21-5783,LUSC,CD8A,-0.23413388,-1.0594532
TCGA-21-5783,LUSC,CCL5,-0.19141698,-1.2417762
TCGA-21-5783,LUSC,CXCL9,-0.29798466,-0.8615755
TCGA-21-5783,LUSC,CD27,-0.056311827,-1.097834
TCGA-21-5783,LUSC,CXCR6,-0.38929787,-1.1490985
TCGA-21-5783,LUSC,IDO1,-0.3780634,-1.050216
TCGA-21-5783,LUSC,STAT1,-0.2657019,-0.9380952
TCGA-21-5783,LUSC,CD274,-0.11928924,-0.95169586
TCGA-21-5783,LUSC,CD276,0.6664082,1.8440027
TCGA-21-5783,LUSC,LAG3,-0.17523362,-1.1725972
TCGA-21-5783,LUSC,PDCD1LG2,-0.16248839,-0.48204142
TCGA-21-5783,LUSC,TIGIT,-0.26371568,-1.122047
TCGA-21-5783,LUSC,APM,-0.47896594,-0.15046649
TCGA-21-5783,LUSC,TIS,-0.4105382,-0.93855226
TCGA-85-8353,LUSC,TMB,0.068124376,-0.22884555
TCGA-85-8353,LUSC,PSMB5,0.14727683,0.07762357
TCGA-85-8353,LUSC,PSMB6,0.16659966,-0.12646171
TCGA-85-8353,LUSC,PSMB7,0.20934868,0.7834094
TCGA-85-8353,LUSC,PSMB8,-0.14934507,-0.77159876
TCGA-85-8353,LUSC,PSMB9,0.00898462,-0.37749094
TCGA-85-8353,LUSC,PSMB10,-0.244133,-0.3103015
TCGA-85-8353,LUSC,TAP1,0.23806444,-0.00020087967
TCGA-85-8353,LUSC,TAP2,0.06470619,0.4482395
TCGA-85-8353,LUSC,ERAP1,0.029174367,-0.39682546
TCGA-85-8353,LUSC,ERAP2,-0.18242505,-1.254212
TCGA-85-8353,LUSC,TAPBP,0.074303105,-0.5911619
TCGA-85-8353,LUSC,CANX,-0.17711578,0.32891873
TCGA-85-8353,LUSC,CALR,0.0032056929,0.030816374
TCGA-85-8353,LUSC,PDIA3,-0.015226433,-0.26946568
TCGA-85-8353,LUSC,B2M,-0.21636085,-0.27667674
TCGA-85-8353,LUSC,HLA-A,-0.10159185,-0.46423253
TCGA-85-8353,LUSC,HLA-B,-0.019862305,-0.33907568
TCGA-85-8353,LUSC,HLA-C,-0.085623994,-0.46486163
TCGA-85-8353,LUSC,HLA-DQA1,-0.3360331,-0.08387053
TCGA-85-8353,LUSC,HLA-DRB1,-0.4624149,-0.24824555
TCGA-85-8353,LUSC,CMKLR1,-0.07844379,0.3009704
TCGA-85-8353,LUSC,HLA-E,-0.10066118,0.072439864
TCGA-85-8353,LUSC,NKG7,0.124442026,0.2987502
TCGA-85-8353,LUSC,CD8A,0.09322132,0.3308223
TCGA-85-8353,LUSC,CCL5,0.091990195,0.15332972
TCGA-85-8353,LUSC,CXCL9,-0.010942167,0.7303839
TCGA-85-8353,LUSC,CD27,0.017559499,1.4425462
TCGA-85-8353,LUSC,CXCR6,-0.16340768,0.005809935
TCGA-85-8353,LUSC,IDO1,0.031567864,-0.21016666
TCGA-85-8353,LUSC,STAT1,0.26778165,0.03938968
TCGA-85-8353,LUSC,CD274,0.19985196,-0.12517157
TCGA-85-8353,LUSC,CD276,0.6741279,1.2138262
TCGA-85-8353,LUSC,LAG3,0.09107141,-0.18470447
TCGA-85-8353,LUSC,PDCD1LG2,0.16398522,0.24940482
TCGA-85-8353,LUSC,TIGIT,0.061407935,0.515636
TCGA-85-8353,LUSC,APM,-0.05997303,-0.45772722
TCGA-85-8353,LUSC,TIS,0.024472166,0.23605055
TCGA-66-2742,LUSC,TMB,0.1572735,0.0035728663
TCGA-66-2742,LUSC,PSMB5,0.6123382,0.09855939
TCGA-66-2742,LUSC,PSMB6,0.55160105,-0.64072007
TCGA-66-2742,LUSC,PSMB7,0.6309516,-0.71017414
TCGA-66-2742,LUSC,PSMB8,0.39342085,-0.7646954
TCGA-66-2742,LUSC,PSMB9,0.3635169,-0.6650963
TCGA-66-2742,LUSC,PSMB10,0.16943836,-0.98231626
TCGA-66-2742,LUSC,TAP1,0.56780183,-0.25884923
TCGA-66-2742,LUSC,TAP2,0.044093993,-1.3718309
TCGA-66-2742,LUSC,ERAP1,-0.13507733,-0.40582955
TCGA-66-2742,LUSC,ERAP2,-0.20087619,0.72515327
TCGA-66-2742,LUSC,TAPBP,-0.022431415,-0.79894257
TCGA-66-2742,LUSC,CANX,-0.49270234,0.83768815
TCGA-66-2742,LUSC,CALR,0.37112966,0.90346944
TCGA-66-2742,LUSC,PDIA3,0.09851929,-0.5676692
TCGA-66-2742,LUSC,B2M,0.33473852,-0.33290735
TCGA-66-2742,LUSC,HLA-A,0.2535561,-0.41431978
TCGA-66-2742,LUSC,HLA-B,0.07086106,-0.54397035
TCGA-66-2742,LUSC,HLA-C,0.065111704,-0.65086746
TCGA-66-2742,LUSC,HLA-DQA1,-0.3473305,-0.37248474
TCGA-66-2742,LUSC,HLA-DRB1,-0.20295835,-0.40608135
TCGA-66-2742,LUSC,CMKLR1,-0.32386428,0.22774254
TCGA-66-2742,LUSC,HLA-E,-0.054994307,-0.24473284
TCGA-66-2742,LUSC,NKG7,0.15951522,-0.70610774
TCGA-66-2742,LUSC,CD8A,0.06139133,-0.4641204
TCGA-66-2742,LUSC,CCL5,0.06412042,-0.73013216
TCGA-66-2742,LUSC,CXCL9,-0.28366405,-0.07973979
TCGA-66-2742,LUSC,CD27,-0.19985859,0.26715064
TCGA-66-2742,LUSC,CXCR6,-0.050848275,-0.63283604
TCGA-66-2742,LUSC,IDO1,0.38499275,0.2546174
TCGA-66-2742,LUSC,STAT1,0.2931307,-0.64499146
TCGA-66-2742,LUSC,CD274,0.24836127,-0.64744556
TCGA-66-2742,LUSC,CD276,0.43992347,-1.0030315
TCGA-66-2742,LUSC,LAG3,-0.12832645,-1.1809081
TCGA-66-2742,LUSC,PDCD1LG2,0.12656465,-0.20415987
TCGA-66-2742,LUSC,TIGIT,-0.23698588,-0.48262596
TCGA-66-2742,LUSC,APM,0.2765445,-0.5454682
TCGA-66-2742,LUSC,TIS,-0.027858248,-0.80845493
TCGA-60-2724,LUSC,TMB,0.1607135,0.5557025
TCGA-60-2724,LUSC,PSMB5,0.31481624,1.4367899
TCGA-60-2724,LUSC,PSMB6,0.31132323,2.4885294
TCGA-60-2724,LUSC,PSMB7,0.29213342,0.17393447
TCGA-60-2724,LUSC,PSMB8,-0.4957888,-0.6240358
TCGA-60-2724,LUSC,PSMB9,-0.4208405,-0.7348156
TCGA-60-2724,LUSC,PSMB10,-0.46434718,-1.5302484
TCGA-60-2724,LUSC,TAP1,-0.3969833,-0.73728424
TCGA-60-2724,LUSC,TAP2,-0.24994215,0.013871455
TCGA-60-2724,LUSC,ERAP1,-0.6956506,-1.4646535
TCGA-60-2724,LUSC,ERAP2,-0.40790558,0.45626417
TCGA-60-2724,LUSC,TAPBP,-0.28943992,-1.2997925
TCGA-60-2724,LUSC,CANX,-0.5237184,-0.029657489
TCGA-60-2724,LUSC,CALR,0.20927718,1.8844508
TCGA-60-2724,LUSC,PDIA3,0.1244943,0.6342193
TCGA-60-2724,LUSC,B2M,-0.8599194,-0.28613946
TCGA-60-2724,LUSC,HLA-A,-0.3532399,-0.86801857
TCGA-60-2724,LUSC,HLA-B,-0.48892742,-1.0065917
TCGA-60-2724,LUSC,HLA-C,-0.47051343,-0.23462187
TCGA-60-2724,LUSC,HLA-DQA1,-0.82310784,-1.4059432
TCGA-60-2724,LUSC,HLA-DRB1,-0.98589146,-0.87771064
TCGA-60-2724,LUSC,CMKLR1,-0.98033047,-0.46156067
TCGA-60-2724,LUSC,HLA-E,-0.56061685,-1.1426026
TCGA-60-2724,LUSC,NKG7,-0.577626,-1.9538668
TCGA-60-2724,LUSC,CD8A,-0.52193487,-1.4920911
TCGA-60-2724,LUSC,CCL5,-0.5916327,-0.12966721
TCGA-60-2724,LUSC,CXCL9,-0.64162713,-2.03114
TCGA-60-2724,LUSC,CD27,-0.71731174,-1.4761388
TCGA-60-2724,LUSC,CXCR6,-0.9002372,-1.567466
TCGA-60-2724,LUSC,IDO1,-0.38952467,-1.5792301
TCGA-60-2724,LUSC,STAT1,-0.65054697,-0.5964396
TCGA-60-2724,LUSC,CD274,-0.47896615,-0.9040844
TCGA-60-2724,LUSC,CD276,0.44334793,1.3570926
TCGA-60-2724,LUSC,LAG3,-0.48706183,-1.356641
TCGA-60-2724,LUSC,PDCD1LG2,-0.67191994,0.07446122
TCGA-60-2724,LUSC,TIGIT,-0.6371439,-1.5130104
TCGA-60-2724,LUSC,APM,-0.54632634,-0.33024725
TCGA-60-2724,LUSC,TIS,-0.850797,-1.1418
TCGA-77-A5G3,LUSC,TMB,0.15129268,1.3289865
TCGA-77-A5G3,LUSC,PSMB5,0.13469951,-0.06953642
TCGA-77-A5G3,LUSC,PSMB6,0.020343103,-0.8323507
TCGA-77-A5G3,LUSC,PSMB7,0.39109048,-0.15331201
TCGA-77-A5G3,LUSC,PSMB8,-0.7711,-1.4127362
TCGA-77-A5G3,LUSC,PSMB9,-0.4718384,-0.9302494
TCGA-77-A5G3,LUSC,PSMB10,-0.64062816,-0.8647598
TCGA-77-A5G3,LUSC,TAP1,-0.36206645,-0.7542704
TCGA-77-A5G3,LUSC,TAP2,-0.23956354,-1.3239464
TCGA-77-A5G3,LUSC,ERAP1,-0.43523502,-1.0449599
TCGA-77-A5G3,LUSC,ERAP2,-0.17320064,-0.022261478
TCGA-77-A5G3,LUSC,TAPBP,-0.29234546,-1.4254136
TCGA-77-A5G3,LUSC,CANX,-0.40039748,-1.2423414
TCGA-77-A5G3,LUSC,CALR,-0.32097238,-0.7979863
TCGA-77-A5G3,LUSC,PDIA3,-0.33788157,-0.04916279
TCGA-77-A5G3,LUSC,B2M,-0.64572847,-0.93632233
TCGA-77-A5G3,LUSC,HLA-A,-0.43586674,-1.0413235
TCGA-77-A5G3,LUSC,HLA-B,-0.5073519,-0.8411624
TCGA-77-A5G3,LUSC,HLA-C,-0.6650365,-1.3843459
TCGA-77-A5G3,LUSC,HLA-DQA1,-0.36410198,-0.7749182
TCGA-77-A5G3,LUSC,HLA-DRB1,-0.5853388,-1.2206324
TCGA-77-A5G3,LUSC,CMKLR1,-0.22619566,-0.8433957
TCGA-77-A5G3,LUSC,HLA-E,-0.46879235,-1.2319041
TCGA-77-A5G3,LUSC,NKG7,0.053289335,0.0943137
TCGA-77-A5G3,LUSC,CD8A,-0.093638405,-0.06301053
TCGA-77-A5G3,LUSC,CCL5,-0.071686976,-0.07824494
TCGA-77-A5G3,LUSC,CXCL9,-0.027986605,0.44132298
TCGA-77-A5G3,LUSC,CD27,-0.030378032,-0.84478885
TCGA-77-A5G3,LUSC,CXCR6,-0.2014689,-0.08642633
TCGA-77-A5G3,LUSC,IDO1,-0.31286448,-0.7319194
TCGA-77-A5G3,LUSC,STAT1,-0.3052143,-0.54200464
TCGA-77-A5G3,LUSC,CD274,-0.20494232,1.9212248
TCGA-77-A5G3,LUSC,CD276,0.18984796,0.15325612
TCGA-77-A5G3,LUSC,LAG3,-0.04027148,-0.2473721
TCGA-77-A5G3,LUSC,PDCD1LG2,-0.2569324,-0.087514244
TCGA-77-A5G3,LUSC,TIGIT,-0.026159156,-0.34761065
TCGA-77-A5G3,LUSC,APM,-0.6124497,-1.3361611
TCGA-77-A5G3,LUSC,TIS,-0.47593483,-0.3889721
TCGA-85-8350,LUSC,TMB,-0.020478513,0.38009077
TCGA-85-8350,LUSC,PSMB5,-0.10438891,-0.8312389
TCGA-85-8350,LUSC,PSMB6,-0.08028634,-0.18726428
TCGA-85-8350,LUSC,PSMB7,0.083531894,-0.8843534
TCGA-85-8350,LUSC,PSMB8,-0.22905831,-0.30187884
TCGA-85-8350,LUSC,PSMB9,-0.022809532,-0.014066836
TCGA-85-8350,LUSC,PSMB10,-0.25665054,0.12930919
TCGA-85-8350,LUSC,TAP1,0.06705914,-0.067996435
TCGA-85-8350,LUSC,TAP2,0.11054635,-0.058752235
TCGA-85-8350,LUSC,ERAP1,-0.094891906,2.138711
TCGA-85-8350,LUSC,ERAP2,-0.2103755,-0.9530378
TCGA-85-8350,LUSC,TAPBP,0.054862313,0.40793726
TCGA-85-8350,LUSC,CANX,-0.24301247,0.5570085
TCGA-85-8350,LUSC,CALR,0.22919624,1.7205778
TCGA-85-8350,LUSC,PDIA3,0.09052182,1.10936
TCGA-85-8350,LUSC,B2M,0.04558882,0.35161644
TCGA-85-8350,LUSC,HLA-A,-0.012046227,0.30873784
TCGA-85-8350,LUSC,HLA-B,0.1449601,0.43174687
TCGA-85-8350,LUSC,HLA-C,0.026205942,0.5983112
TCGA-85-8350,LUSC,HLA-DQA1,0.058229007,-0.014232914
TCGA-85-8350,LUSC,HLA-DRB1,-0.054553747,-0.10144421
TCGA-85-8350,LUSC,CMKLR1,0.29064506,-0.37950578
TCGA-85-8350,LUSC,HLA-E,0.101628736,0.40974063
TCGA-85-8350,LUSC,NKG7,-0.013768762,-0.023706157
TCGA-85-8350,LUSC,CD8A,0.09310146,-0.14099482
TCGA-85-8350,LUSC,CCL5,0.2828808,0.05170495
TCGA-85-8350,LUSC,CXCL9,-0.027589843,-0.59724647
TCGA-85-8350,LUSC,CD27,0.36171257,-0.04065161
TCGA-85-8350,LUSC,CXCR6,0.1530796,-0.49419272
TCGA-85-8350,LUSC,IDO1,0.015515596,-0.8569108
TCGA-85-8350,LUSC,STAT1,0.050113827,-0.8864019
TCGA-85-8350,LUSC,CD274,-0.05134819,-1.0421234
TCGA-85-8350,LUSC,CD276,0.8539421,1.8863461
TCGA-85-8350,LUSC,LAG3,0.060671907,-0.06258481
TCGA-85-8350,LUSC,PDCD1LG2,0.21762137,-0.8743818
TCGA-85-8350,LUSC,TIGIT,0.29192817,-0.13453545
TCGA-85-8350,LUSC,APM,-0.062777676,0.31106892
TCGA-85-8350,LUSC,TIS,0.046456985,-0.12340844
TCGA-94-8491,LUSC,TMB,0.48294002,1.1509682
TCGA-94-8491,LUSC,PSMB5,0.4000009,-0.64652145
TCGA-94-8491,LUSC,PSMB6,0.13458228,0.21013202
TCGA-94-8491,LUSC,PSMB7,0.33397478,1.3798447
TCGA-94-8491,LUSC,PSMB8,0.16555263,0.3962729
TCGA-94-8491,LUSC,PSMB9,0.32810932,-0.3723757
TCGA-94-8491,LUSC,PSMB10,-0.13697557,0.48583385
TCGA-94-8491,LUSC,TAP1,0.3231188,-0.49217343
TCGA-94-8491,LUSC,TAP2,0.3134865,0.06505695
TCGA-94-8491,LUSC,ERAP1,-0.24547842,-0.5733362
TCGA-94-8491,LUSC,ERAP2,-0.19714993,-1.1135457
TCGA-94-8491,LUSC,TAPBP,0.064591885,-0.21062681
TCGA-94-8491,LUSC,CANX,-0.47362202,0.8004618
TCGA-94-8491,LUSC,CALR,0.042627357,-0.14035515
TCGA-94-8491,LUSC,PDIA3,-0.04879496,-0.9362313
TCGA-94-8491,LUSC,B2M,-0.26007128,-0.23066555
TCGA-94-8491,LUSC,HLA-A,-0.075475685,-0.26898727
TCGA-94-8491,LUSC,HLA-B,-0.040832106,-0.2832952
TCGA-94-8491,LUSC,HLA-C,-0.036594547,-0.46696123
TCGA-94-8491,LUSC,HLA-DQA1,-0.41956145,-0.2495902
TCGA-94-8491,LUSC,HLA-DRB1,-0.26622823,-0.48108265
TCGA-94-8491,LUSC,CMKLR1,-0.41905665,-0.74058914
TCGA-94-8491,LUSC,HLA-E,-0.06944831,0.21531956
TCGA-94-8491,LUSC,NKG7,0.100486815,0.4749928
TCGA-94-8491,LUSC,CD8A,0.07838307,-0.11381988
TCGA-94-8491,LUSC,CCL5,0.13069876,0.2594204
TCGA-94-8491,LUSC,CXCL9,-0.16603112,-1.157106
TCGA-94-8491,LUSC,CD27,0.049424395,0.6748192
TCGA-94-8491,LUSC,CXCR6,-0.1755203,-0.50533
TCGA-94-8491,LUSC,IDO1,0.08260019,-0.5649291
TCGA-94-8491,LUSC,STAT1,-0.025468588,-0.7828391
TCGA-94-8491,LUSC,CD274,-0.068454966,-0.2569179
TCGA-94-8491,LUSC,CD276,0.41097695,-0.7673864
TCGA-94-8491,LUSC,LAG3,-0.004957537,-0.5020387
TCGA-94-8491,LUSC,PDCD1LG2,-0.34895507,-0.9227666
TCGA-94-8491,LUSC,TIGIT,-0.09643386,0.088006094
TCGA-94-8491,LUSC,APM,-0.07916365,-0.30593374
TCGA-94-8491,LUSC,TIS,-0.13460965,-0.41921094
TCGA-22-1016,LUSC,TMB,0.1018518,0.485085
TCGA-22-1016,LUSC,PSMB5,0.030381028,-1.4611309
TCGA-22-1016,LUSC,PSMB6,0.035270523,0.13639173
TCGA-22-1016,LUSC,PSMB7,0.019234145,-0.47318164
TCGA-22-1016,LUSC,PSMB8,-0.88499624,-0.33615422
TCGA-22-1016,LUSC,PSMB9,-0.94209874,-0.5468672
TCGA-22-1016,LUSC,PSMB10,-0.8648919,-0.28874466
TCGA-22-1016,LUSC,TAP1,-0.5002707,-0.4249336
TCGA-22-1016,LUSC,TAP2,-0.470122,-0.88131195
TCGA-22-1016,LUSC,ERAP1,-0.58433163,-0.020691406
TCGA-22-1016,LUSC,ERAP2,-0.67380106,0.23671511
TCGA-22-1016,LUSC,TAPBP,-0.66445845,-1.2245352
TCGA-22-1016,LUSC,CANX,-0.5903854,0.072048075
TCGA-22-1016,LUSC,CALR,-0.06186272,-0.34239912
TCGA-22-1016,LUSC,PDIA3,-0.03809448,-0.52902406
TCGA-22-1016,LUSC,B2M,-0.9907197,0.0055681295
TCGA-22-1016,LUSC,HLA-A,-0.9216493,-0.33390564
TCGA-22-1016,LUSC,HLA-B,-0.7900573,-0.5688182
TCGA-22-1016,LUSC,HLA-C,-0.7596027,-1.1719627
TCGA-22-1016,LUSC,HLA-DQA1,-0.88040507,-0.22741331
TCGA-22-1016,LUSC,HLA-DRB1,-1.045015,-0.052359708
TCGA-22-1016,LUSC,CMKLR1,-0.9086831,1.9023018
TCGA-22-1016,LUSC,HLA-E,-0.7353479,-0.053970657
TCGA-22-1016,LUSC,NKG7,-0.9039604,-0.2601913
TCGA-22-1016,LUSC,CD8A,-0.80521137,-1.1265574
TCGA-22-1016,LUSC,CCL5,-0.7499095,-1.1897205
TCGA-22-1016,LUSC,CXCL9,-0.7495068,-1.6050214
TCGA-22-1016,LUSC,CD27,-0.60144854,-0.63391477
TCGA-22-1016,LUSC,CXCR6,-0.8524045,0.0729307
TCGA-22-1016,LUSC,IDO1,-0.6581561,-0.75031054
TCGA-22-1016,LUSC,STAT1,-0.7819179,0.24006131
TCGA-22-1016,LUSC,CD274,-0.41004196,-0.08606701
TCGA-22-1016,LUSC,CD276,0.5585704,-1.0988985
TCGA-22-1016,LUSC,LAG3,-0.74467504,-1.453072
TCGA-22-1016,LUSC,PDCD1LG2,-0.52260506,0.66679144
TCGA-22-1016,LUSC,TIGIT,-0.6744693,-0.63832504
TCGA-22-1016,LUSC,APM,-0.87046826,-0.6552983
TCGA-22-1016,LUSC,TIS,-0.7585672,-0.2693329
TCGA-51-4081,LUSC,TMB,0.51090425,-0.100776464
TCGA-51-4081,LUSC,PSMB5,0.19427407,0.7990669
TCGA-51-4081,LUSC,PSMB6,0.08988011,0.5607219
TCGA-51-4081,LUSC,PSMB7,0.20917514,0.43501374
TCGA-51-4081,LUSC,PSMB8,-0.56802803,-2.2252736
TCGA-51-4081,LUSC,PSMB9,-0.3667398,-2.0464692
TCGA-51-4081,LUSC,PSMB10,-0.46550184,-2.1280344
TCGA-51-4081,LUSC,TAP1,0.0197323,-1.8155842
TCGA-51-4081,LUSC,TAP2,0.23948184,-1.261254
TCGA-51-4081,LUSC,ERAP1,-0.6570886,-1.4512426
TCGA-51-4081,LUSC,ERAP2,-0.04830896,-1.5870868
TCGA-51-4081,LUSC,TAPBP,-0.10272547,-1.4527743
TCGA-51-4081,LUSC,CANX,-0.31941295,-0.9893992
TCGA-51-4081,LUSC,CALR,0.2043983,-1.3933549
TCGA-51-4081,LUSC,PDIA3,-0.12827274,-0.45836252
TCGA-51-4081,LUSC,B2M,-0.6044377,-1.8410143
TCGA-51-4081,LUSC,HLA-A,-0.57224745,-1.4956847
TCGA-51-4081,LUSC,HLA-B,-0.92042655,-2.0373828
TCGA-51-4081,LUSC,HLA-C,-0.56837887,-1.6467539
TCGA-51-4081,LUSC,HLA-DQA1,-0.69249696,-1.5202155
TCGA-51-4081,LUSC,HLA-DRB1,-0.91788465,-1.6751832
TCGA-51-4081,LUSC,CMKLR1,-0.43210787,-0.88436645
TCGA-51-4081,LUSC,HLA-E,-0.53216195,-2.4538445
TCGA-51-4081,LUSC,NKG7,-0.6809872,-1.9552426
TCGA-51-4081,LUSC,CD8A,-0.19832548,-1.6572709
TCGA-51-4081,LUSC,CCL5,-0.4983264,-2.3586617
TCGA-51-4081,LUSC,CXCL9,-0.24930713,-1.2195383
TCGA-51-4081,LUSC,CD27,-0.48729792,-0.8785584
TCGA-51-4081,LUSC,CXCR6,-0.70135003,-1.451106
TCGA-51-4081,LUSC,IDO1,-0.39240336,-1.6403966
TCGA-51-4081,LUSC,STAT1,-0.059003998,-2.1717417
TCGA-51-4081,LUSC,CD274,0.030437017,-0.18121575
TCGA-51-4081,LUSC,CD276,0.45999804,1.0542076
TCGA-51-4081,LUSC,LAG3,-0.4142881,-1.1203768
TCGA-51-4081,LUSC,PDCD1LG2,-0.1356351,-0.538189
TCGA-51-4081,LUSC,TIGIT,-0.37172517,-1.4852153
TCGA-51-4081,LUSC,APM,0.003436918,-2.3259056
TCGA-51-4081,LUSC,TIS,-0.4600834,-1.7103887
TCGA-56-A4ZK,LUSC,TMB,-0.029297447,0.036758572
TCGA-56-A4ZK,LUSC,PSMB5,-0.13251384,-0.23130906
TCGA-56-A4ZK,LUSC,PSMB6,-0.08154258,-0.09214524
TCGA-56-A4ZK,LUSC,PSMB7,-0.002763146,-0.15851557
TCGA-56-A4ZK,LUSC,PSMB8,-0.37303883,-0.5412093
TCGA-56-A4ZK,LUSC,PSMB9,-0.14734617,-0.104966775
TCGA-56-A4ZK,LUSC,PSMB10,-0.36144286,0.5391316
TCGA-56-A4ZK,LUSC,TAP1,-0.14856553,0.67922705
TCGA-56-A4ZK,LUSC,TAP2,-0.017885292,0.7401538
TCGA-56-A4ZK,LUSC,ERAP1,-0.21003392,-0.1511692
TCGA-56-A4ZK,LUSC,ERAP2,-0.2958483,-1.188239
TCGA-56-A4ZK,LUSC,TAPBP,-0.13703504,-0.07226754
TCGA-56-A4ZK,LUSC,CANX,-0.36222386,-1.5850153
TCGA-56-A4ZK,LUSC,CALR,-0.35188255,-1.9331455
TCGA-56-A4ZK,LUSC,PDIA3,-0.3489786,-0.7180292
TCGA-56-A4ZK,LUSC,B2M,-0.5859644,-0.46875843
TCGA-56-A4ZK,LUSC,HLA-A,-0.36103877,-1.039003
TCGA-56-A4ZK,LUSC,HLA-B,-0.306496,-0.42246905
TCGA-56-A4ZK,LUSC,HLA-C,-0.5105636,-0.84547234
TCGA-56-A4ZK,LUSC,HLA-DQA1,-0.26255792,0.786749
TCGA-56-A4ZK,LUSC,HLA-DRB1,-0.4061884,0.13714004
TCGA-56-A4ZK,LUSC,CMKLR1,0.030602366,0.90558964
TCGA-56-A4ZK,LUSC,HLA-E,-0.26791793,-0.2993273
TCGA-56-A4ZK,LUSC,NKG7,0.16866972,0.46071088
TCGA-56-A4ZK,LUSC,CD8A,0.2493865,0.018552365
TCGA-56-A4ZK,LUSC,CCL5,-0.18667433,0.56737596
TCGA-56-A4ZK,LUSC,CXCL9,-0.0710282,1.5184784
TCGA-56-A4ZK,LUSC,CD27,0.022413958,-0.27356336
TCGA-56-A4ZK,LUSC,CXCR6,-0.10976644,0.26666138
TCGA-56-A4ZK,LUSC,IDO1,-0.37874386,0.14936388
TCGA-56-A4ZK,LUSC,STAT1,-0.008637684,0.81031924
TCGA-56-A4ZK,LUSC,CD274,-0.2330234,1.6436341
TCGA-56-A4ZK,LUSC,CD276,0.17396541,-0.24421987
TCGA-56-A4ZK,LUSC,LAG3,-0.023510087,0.3411615
TCGA-56-A4ZK,LUSC,PDCD1LG2,-0.09760398,1.0047468
TCGA-56-A4ZK,LUSC,TIGIT,0.17213392,0.050361324
TCGA-56-A4ZK,LUSC,APM,-0.72032535,-0.61728173
TCGA-56-A4ZK,LUSC,TIS,-0.142714,0.5600241
TCGA-L3-A4E7,LUSC,TMB,-0.058805067,-0.8473478
TCGA-L3-A4E7,LUSC,PSMB5,-0.011350204,0.1751498
TCGA-L3-A4E7,LUSC,PSMB6,0.12938118,-0.6417928
TCGA-L3-A4E7,LUSC,PSMB7,-0.17787483,-1.4822198
TCGA-L3-A4E7,LUSC,PSMB8,-0.37544662,0.057382002
TCGA-L3-A4E7,LUSC,PSMB9,-0.26026922,0.11548701
TCGA-L3-A4E7,LUSC,PSMB10,-0.15121678,0.046884853
TCGA-L3-A4E7,LUSC,TAP1,-0.1466134,0.73533094
TCGA-L3-A4E7,LUSC,TAP2,-0.06522302,0.58366704
TCGA-L3-A4E7,LUSC,ERAP1,-0.33827445,0.28101203
TCGA-L3-A4E7,LUSC,ERAP2,-0.40507302,-0.4182035
TCGA-L3-A4E7,LUSC,TAPBP,-0.37626314,0.8083425
TCGA-L3-A4E7,LUSC,CANX,-0.54618925,-1.5477779
TCGA-L3-A4E7,LUSC,CALR,0.061004233,-0.9380365
TCGA-L3-A4E7,LUSC,PDIA3,0.049001437,-0.13664134
TCGA-L3-A4E7,LUSC,B2M,-0.42186394,-0.4086779
TCGA-L3-A4E7,LUSC,HLA-A,-0.1975712,-0.18936157
TCGA-L3-A4E7,LUSC,HLA-B,-0.24371476,-0.15598576
TCGA-L3-A4E7,LUSC,HLA-C,-0.2703697,-0.3024312
TCGA-L3-A4E7,LUSC,HLA-DQA1,-0.51825607,-0.9758735
TCGA-L3-A4E7,LUSC,HLA-DRB1,-0.56824774,-0.6524714
TCGA-L3-A4E7,LUSC,CMKLR1,-0.6893404,-0.26546782
TCGA-L3-A4E7,LUSC,HLA-E,-0.109373115,0.29585028
TCGA-L3-A4E7,LUSC,NKG7,-0.3747468,-0.16835147
TCGA-L3-A4E7,LUSC,CD8A,-0.5447885,-0.794601
TCGA-L3-A4E7,LUSC,CCL5,-0.318156,-0.6918666
TCGA-L3-A4E7,LUSC,CXCL9,-0.45252657,0.8945251
TCGA-L3-A4E7,LUSC,CD27,-0.319529,-0.040578786
TCGA-L3-A4E7,LUSC,CXCR6,-0.42455873,-0.66750586
TCGA-L3-A4E7,LUSC,IDO1,0.19163145,0.7509982
TCGA-L3-A4E7,LUSC,STAT1,-0.3538863,-0.12985666
TCGA-L3-A4E7,LUSC,CD274,-0.42845505,0.52617234
TCGA-L3-A4E7,LUSC,CD276,0.18949136,0.77191895
TCGA-L3-A4E7,LUSC,LAG3,-0.29785672,-0.50009763
TCGA-L3-A4E7,LUSC,PDCD1LG2,-0.5160757,-0.32312584
TCGA-L3-A4E7,LUSC,TIGIT,-0.39541632,-0.8678915
TCGA-L3-A4E7,LUSC,APM,-0.34296542,-0.16583706
TCGA-L3-A4E7,LUSC,TIS,-0.4941461,-0.2520768
TCGA-66-2795,LUSC,TMB,0.26261786,0.3852659
TCGA-66-2795,LUSC,PSMB5,0.50036854,1.2165793
TCGA-66-2795,LUSC,PSMB6,0.5718428,-0.48017386
TCGA-66-2795,LUSC,PSMB7,0.6632613,1.7573781
TCGA-66-2795,LUSC,PSMB8,0.26891023,0.099747024
TCGA-66-2795,LUSC,PSMB9,0.41640383,-0.08100186
TCGA-66-2795,LUSC,PSMB10,0.17028005,0.0090851
TCGA-66-2795,LUSC,TAP1,0.58966094,0.23964575
TCGA-66-2795,LUSC,TAP2,0.3133447,-0.0567224
TCGA-66-2795,LUSC,ERAP1,0.15970966,0.23830774
TCGA-66-2795,LUSC,ERAP2,-0.40503258,-1.3025727
TCGA-66-2795,LUSC,TAPBP,-0.17861569,-0.40468788
TCGA-66-2795,LUSC,CANX,-0.11118241,2.2588773
TCGA-66-2795,LUSC,CALR,0.60648626,-0.61985636
TCGA-66-2795,LUSC,PDIA3,-0.30767238,1.8059509
TCGA-66-2795,LUSC,B2M,0.30893463,0.7542754
TCGA-66-2795,LUSC,HLA-A,0.04919883,-0.34321642
TCGA-66-2795,LUSC,HLA-B,0.15701345,-0.12587555
TCGA-66-2795,LUSC,HLA-C,-0.004934898,-0.23749617
TCGA-66-2795,LUSC,HLA-DQA1,0.06824152,0.95455766
TCGA-66-2795,LUSC,HLA-DRB1,0.024828117,0.5851142
TCGA-66-2795,LUSC,CMKLR1,0.10324273,0.4508662
TCGA-66-2795,LUSC,HLA-E,0.03429176,-0.017690273
TCGA-66-2795,LUSC,NKG7,0.43337497,0.07519078
TCGA-66-2795,LUSC,CD8A,0.45018968,-0.16197503
TCGA-66-2795,LUSC,CCL5,0.39778614,-0.45209268
TCGA-66-2795,LUSC,CXCL9,0.14385895,0.9552959
TCGA-66-2795,LUSC,CD27,0.26023,0.22057933
TCGA-66-2795,LUSC,CXCR6,0.24596778,-0.40050068
TCGA-66-2795,LUSC,IDO1,0.022053009,-0.016991755
TCGA-66-2795,LUSC,STAT1,0.18197621,0.14225088
TCGA-66-2795,LUSC,CD274,0.69745415,-0.4769497
TCGA-66-2795,LUSC,CD276,0.8190204,0.34611902
TCGA-66-2795,LUSC,LAG3,0.28152114,-0.4192581
TCGA-66-2795,LUSC,PDCD1LG2,0.55259174,0.9190302
TCGA-66-2795,LUSC,TIGIT,-0.009759155,-0.119751535
TCGA-66-2795,LUSC,APM,0.2510579,0.22074474
TCGA-66-2795,LUSC,TIS,0.44323,0.13107863
TCGA-60-2723,LUSC,TMB,0.12924027,0.343341
TCGA-60-2723,LUSC,PSMB5,-0.021976592,1.4762338
TCGA-60-2723,LUSC,PSMB6,0.26328722,1.3874651
TCGA-60-2723,LUSC,PSMB7,0.30433697,1.0876172
TCGA-60-2723,LUSC,PSMB8,0.22751443,0.677435
TCGA-60-2723,LUSC,PSMB9,0.74088603,0.5863719
TCGA-60-2723,LUSC,PSMB10,0.3025653,0.35416627
TCGA-60-2723,LUSC,TAP1,0.74811953,0.72494185
TCGA-60-2723,LUSC,TAP2,0.5153505,-0.44869623
TCGA-60-2723,LUSC,ERAP1,0.35913378,-0.42755756
TCGA-60-2723,LUSC,ERAP2,0.3934364,1.1361234
TCGA-60-2723,LUSC,TAPBP,0.5666507,-0.2515327
TCGA-60-2723,LUSC,CANX,-0.051565964,0.20696655
TCGA-60-2723,LUSC,CALR,0.15985614,0.653947
TCGA-60-2723,LUSC,PDIA3,-0.3781225,-0.16756374
TCGA-60-2723,LUSC,B2M,0.20230313,0.85709155
TCGA-60-2723,LUSC,HLA-A,0.41125035,1.0268258
TCGA-60-2723,LUSC,HLA-B,0.6004349,0.87386805
TCGA-60-2723,LUSC,HLA-C,0.2891714,1.3361933
TCGA-60-2723,LUSC,HLA-DQA1,0.29587427,0.5676493
TCGA-60-2723,LUSC,HLA-DRB1,0.055756904,0.4699353
TCGA-60-2723,LUSC,CMKLR1,0.48872414,0.05649964
TCGA-60-2723,LUSC,HLA-E,0.37604362,0.48184288
TCGA-60-2723,LUSC,NKG7,0.7320693,1.5619667
TCGA-60-2723,LUSC,CD8A,0.6574781,1.1148667
TCGA-60-2723,LUSC,CCL5,0.56813294,1.1399158
TCGA-60-2723,LUSC,CXCL9,0.6667038,0.8130013
TCGA-60-2723,LUSC,CD27,0.39026773,0.85296845
TCGA-60-2723,LUSC,CXCR6,0.49588728,1.276308
TCGA-60-2723,LUSC,IDO1,0.50562996,1.1090298
TCGA-60-2723,LUSC,STAT1,0.53188837,0.68672967
TCGA-60-2723,LUSC,CD274,0.652862,2.5512047
TCGA-60-2723,LUSC,CD276,0.48850623,0.51980805
TCGA-60-2723,LUSC,LAG3,0.666067,0.8689554
TCGA-60-2723,LUSC,PDCD1LG2,0.58904195,1.9320147
TCGA-60-2723,LUSC,TIGIT,0.57873434,0.2960403
TCGA-60-2723,LUSC,APM,0.68007845,1.0322961
TCGA-60-2723,LUSC,TIS,0.64544785,1.1069127
TCGA-O2-A52N,LUSC,TMB,0.34711736,1.0789746
TCGA-O2-A52N,LUSC,PSMB5,0.47779575,-2.5442898
TCGA-O2-A52N,LUSC,PSMB6,0.42038006,-0.6900632
TCGA-O2-A52N,LUSC,PSMB7,0.86275977,1.4313902
TCGA-O2-A52N,LUSC,PSMB8,-0.76233566,0.7092437
TCGA-O2-A52N,LUSC,PSMB9,-0.37187704,1.3512926
TCGA-O2-A52N,LUSC,PSMB10,-0.5096239,0.71397257
TCGA-O2-A52N,LUSC,TAP1,-0.18798876,1.3012105
TCGA-O2-A52N,LUSC,TAP2,-0.13265643,1.6464025
TCGA-O2-A52N,LUSC,ERAP1,-0.6273787,-0.07751155
TCGA-O2-A52N,LUSC,ERAP2,-0.47864693,1.5292779
TCGA-O2-A52N,LUSC,TAPBP,-0.636435,0.8085646
TCGA-O2-A52N,LUSC,CANX,-0.37755865,-0.69064367
TCGA-O2-A52N,LUSC,CALR,-0.07132651,-0.92700934
TCGA-O2-A52N,LUSC,PDIA3,-0.0068958476,-0.008429223
TCGA-O2-A52N,LUSC,B2M,-0.75961876,0.1839338
TCGA-O2-A52N,LUSC,HLA-A,-0.6283477,0.021315102
TCGA-O2-A52N,LUSC,HLA-B,-0.5884129,1.3362048
TCGA-O2-A52N,LUSC,HLA-C,-0.75421566,0.7059659
TCGA-O2-A52N,LUSC,HLA-DQA1,-0.7741966,-0.13812459
TCGA-O2-A52N,LUSC,HLA-DRB1,-1.0644834,-0.136962
TCGA-O2-A52N,LUSC,CMKLR1,-1.0158454,-0.76664865
TCGA-O2-A52N,LUSC,HLA-E,-0.70615226,0.94773537
TCGA-O2-A52N,LUSC,NKG7,-0.47582063,0.23496085
TCGA-O2-A52N,LUSC,CD8A,-0.58848894,-0.07614129
TCGA-O2-A52N,LUSC,CCL5,-0.74347633,-0.22703302
TCGA-O2-A52N,LUSC,CXCL9,-0.40985402,0.24890374
TCGA-O2-A52N,LUSC,CD27,-0.81693745,-0.66808444
TCGA-O2-A52N,LUSC,CXCR6,-0.8117425,-0.10164471
TCGA-O2-A52N,LUSC,IDO1,-0.3138596,0.07190747
TCGA-O2-A52N,LUSC,STAT1,-0.4009326,0.6274862
TCGA-O2-A52N,LUSC,CD274,0.0334234,-0.37256646
TCGA-O2-A52N,LUSC,CD276,0.4393135,-0.32126674
TCGA-O2-A52N,LUSC,LAG3,-0.20910296,0.8634915
TCGA-O2-A52N,LUSC,PDCD1LG2,-0.33798438,-0.18657805
TCGA-O2-A52N,LUSC,TIGIT,-0.43980527,0.11580502
TCGA-O2-A52N,LUSC,APM,-0.7226789,0.863523
TCGA-O2-A52N,LUSC,TIS,-0.6885773,0.009628889
TCGA-77-7138,LUSC,TMB,-0.011952387,-1.5835088
TCGA-77-7138,LUSC,PSMB5,0.18132803,0.2609149
TCGA-77-7138,LUSC,PSMB6,0.26382074,0.48108903
TCGA-77-7138,LUSC,PSMB7,0.62867975,0.6088956
TCGA-77-7138,LUSC,PSMB8,-0.40145263,0.034682877
TCGA-77-7138,LUSC,PSMB9,-0.22682615,-0.005299408
TCGA-77-7138,LUSC,PSMB10,-0.343726,-0.7652375
TCGA-77-7138,LUSC,TAP1,0.08612473,-0.2586961
TCGA-77-7138,LUSC,TAP2,0.035812795,0.51658416
TCGA-77-7138,LUSC,ERAP1,0.16561872,1.7756722
TCGA-77-7138,LUSC,ERAP2,0.03276788,1.5306463
TCGA-77-7138,LUSC,TAPBP,0.092514165,1.1545116
TCGA-77-7138,LUSC,CANX,0.08717126,1.4188478
TCGA-77-7138,LUSC,CALR,0.0601722,-0.2776451
TCGA-77-7138,LUSC,PDIA3,0.14475396,0.2593035
TCGA-77-7138,LUSC,B2M,-0.38063043,-0.60118306
TCGA-77-7138,LUSC,HLA-A,-0.40113825,-0.74891967
TCGA-77-7138,LUSC,HLA-B,-0.34937972,-0.39217374
TCGA-77-7138,LUSC,HLA-C,-0.36721024,-0.8862245
TCGA-77-7138,LUSC,HLA-DQA1,-0.48288345,-1.8675424
TCGA-77-7138,LUSC,HLA-DRB1,-0.6506933,-1.5225985
TCGA-77-7138,LUSC,CMKLR1,-0.4343884,-1.146974
TCGA-77-7138,LUSC,HLA-E,-0.37093872,-0.44403917
TCGA-77-7138,LUSC,NKG7,-0.26611173,-1.1599977
TCGA-77-7138,LUSC,CD8A,-0.32456893,-1.428617
TCGA-77-7138,LUSC,CCL5,-0.4401545,-1.1025174
TCGA-77-7138,LUSC,CXCL9,-0.22677064,-1.099001
TCGA-77-7138,LUSC,CD27,-0.5212387,-1.245256
TCGA-77-7138,LUSC,CXCR6,-0.4880096,-0.68916
TCGA-77-7138,LUSC,IDO1,-0.27398,-1.5020545
TCGA-77-7138,LUSC,STAT1,-0.08111264,-0.6164124
TCGA-77-7138,LUSC,CD274,0.27953514,-0.79144573
TCGA-77-7138,LUSC,CD276,0.7245091,1.1925111
TCGA-77-7138,LUSC,LAG3,-0.2878173,-1.0409777
TCGA-77-7138,LUSC,PDCD1LG2,0.13787578,-0.99816954
TCGA-77-7138,LUSC,TIGIT,-0.29910886,-0.8988208
TCGA-77-7138,LUSC,APM,-0.2121609,0.29223272
TCGA-77-7138,LUSC,TIS,-0.2226448,-1.1120142
TCGA-66-2788,LUSC,TMB,-0.0314623,-0.05813568
TCGA-66-2788,LUSC,PSMB5,0.29016328,0.79749805
TCGA-66-2788,LUSC,PSMB6,0.2833779,-0.3650387
TCGA-66-2788,LUSC,PSMB7,0.28828222,-0.58231187
TCGA-66-2788,LUSC,PSMB8,0.1786312,0.39550057
TCGA-66-2788,LUSC,PSMB9,0.43921703,0.3422271
TCGA-66-2788,LUSC,PSMB10,0.12970987,-0.19320595
TCGA-66-2788,LUSC,TAP1,0.554954,0.97012293
TCGA-66-2788,LUSC,TAP2,0.14178495,-0.39138392
TCGA-66-2788,LUSC,ERAP1,-0.0014208735,0.06805007
TCGA-66-2788,LUSC,ERAP2,-0.36971298,-1.2534472
TCGA-66-2788,LUSC,TAPBP,-0.12208618,-0.1315183
TCGA-66-2788,LUSC,CANX,-0.18346444,0.5517519
TCGA-66-2788,LUSC,CALR,0.3220421,1.0238343
TCGA-66-2788,LUSC,PDIA3,-0.16100156,1.1670376
TCGA-66-2788,LUSC,B2M,0.28067142,0.9969128
TCGA-66-2788,LUSC,HLA-A,0.15524337,0.49303252
TCGA-66-2788,LUSC,HLA-B,0.3150608,0.4456844
TCGA-66-2788,LUSC,HLA-C,0.0713678,0.43392792
TCGA-66-2788,LUSC,HLA-DQA1,0.047118776,0.22441329
TCGA-66-2788,LUSC,HLA-DRB1,-0.007204947,-0.12937798
TCGA-66-2788,LUSC,CMKLR1,0.095884874,0.57476753
TCGA-66-2788,LUSC,HLA-E,0.16931158,0.8525042
TCGA-66-2788,LUSC,NKG7,0.2908703,0.25161195
TCGA-66-2788,LUSC,CD8A,0.31398872,0.7190804
TCGA-66-2788,LUSC,CCL5,0.2002209,0.14627326
TCGA-66-2788,LUSC,CXCL9,0.011836207,0.46776533
TCGA-66-2788,LUSC,CD27,0.29548758,1.4594301
TCGA-66-2788,LUSC,CXCR6,0.12307553,0.008685652
TCGA-66-2788,LUSC,IDO1,0.30517042,1.1797848
TCGA-66-2788,LUSC,STAT1,0.17205045,1.1483005
TCGA-66-2788,LUSC,CD274,0.31412998,0.41928482
TCGA-66-2788,LUSC,CD276,0.4605384,0.5765052
TCGA-66-2788,LUSC,LAG3,0.16617176,-0.096496
TCGA-66-2788,LUSC,PDCD1LG2,0.42397356,0.95145607
TCGA-66-2788,LUSC,TIGIT,0.12879291,0.41489756
TCGA-66-2788,LUSC,APM,0.25443855,0.39328688
TCGA-66-2788,LUSC,TIS,0.28807312,0.5444874
TCGA-22-4599,LUSC,TMB,0.19199523,0.6142522
TCGA-22-4599,LUSC,PSMB5,0.28811178,0.70329434
TCGA-22-4599,LUSC,PSMB6,0.31248528,0.8019005
TCGA-22-4599,LUSC,PSMB7,0.584999,1.3899957
TCGA-22-4599,LUSC,PSMB8,-0.027089322,0.25340712
TCGA-22-4599,LUSC,PSMB9,0.29069483,0.9050908
TCGA-22-4599,LUSC,PSMB10,0.08776219,0.3671135
TCGA-22-4599,LUSC,TAP1,0.44466335,0.4345976
TCGA-22-4599,LUSC,TAP2,0.4455517,-0.06646703
TCGA-22-4599,LUSC,ERAP1,0.25378412,-0.29061538
TCGA-22-4599,LUSC,ERAP2,0.030615648,-0.85790294
TCGA-22-4599,LUSC,TAPBP,-0.012368644,-0.2830807
TCGA-22-4599,LUSC,CANX,-0.1352355,-0.4308908
TCGA-22-4599,LUSC,CALR,-0.274816,0.02139233
TCGA-22-4599,LUSC,PDIA3,-0.3154725,-1.053025
TCGA-22-4599,LUSC,B2M,-0.09411807,0.7711657
TCGA-22-4599,LUSC,HLA-A,-0.015205177,-0.05686728
TCGA-22-4599,LUSC,HLA-B,0.025303278,0.14716373
TCGA-22-4599,LUSC,HLA-C,-0.060089506,-0.13964757
TCGA-22-4599,LUSC,HLA-DQA1,0.060579456,1.0858277
TCGA-22-4599,LUSC,HLA-DRB1,-0.0722052,0.7569581
TCGA-22-4599,LUSC,CMKLR1,0.26742756,1.2949085
TCGA-22-4599,LUSC,HLA-E,-0.18285653,-0.08760381
TCGA-22-4599,LUSC,NKG7,0.69725186,1.4217283
TCGA-22-4599,LUSC,CD8A,0.6798049,1.810208
TCGA-22-4599,LUSC,CCL5,0.7009558,1.4969075
TCGA-22-4599,LUSC,CXCL9,0.7538999,1.9343235
TCGA-22-4599,LUSC,CD27,0.3780808,0.90571827
TCGA-22-4599,LUSC,CXCR6,0.26743525,2.0754976
TCGA-22-4599,LUSC,IDO1,0.22954273,0.85349286
TCGA-22-4599,LUSC,STAT1,0.5982961,1.4319675
TCGA-22-4599,LUSC,CD274,0.5050942,0.8448668
TCGA-22-4599,LUSC,CD276,0.24716155,-0.76866347
TCGA-22-4599,LUSC,LAG3,0.7240919,1.7349844
TCGA-22-4599,LUSC,PDCD1LG2,0.5040163,1.8651165
TCGA-22-4599,LUSC,TIGIT,0.6021293,0.665231
TCGA-22-4599,LUSC,APM,0.18574771,0.22411133
TCGA-22-4599,LUSC,TIS,0.45340285,1.3926958
TCGA-33-4583,LUSC,TMB,0.050112527,1.2253863
TCGA-33-4583,LUSC,PSMB5,-0.111345194,1.3434894
TCGA-33-4583,LUSC,PSMB6,-0.032125074,1.7527994
TCGA-33-4583,LUSC,PSMB7,0.09419688,3.1622698
TCGA-33-4583,LUSC,PSMB8,-0.5669487,1.8873907
TCGA-33-4583,LUSC,PSMB9,-0.47376433,1.7906234
TCGA-33-4583,LUSC,PSMB10,-0.6098093,0.69228506
TCGA-33-4583,LUSC,TAP1,-0.23172994,1.7412347
TCGA-33-4583,LUSC,TAP2,-0.0589306,1.8093282
TCGA-33-4583,LUSC,ERAP1,-0.30065864,1.2571981
TCGA-33-4583,LUSC,ERAP2,-0.23593077,1.6374524
TCGA-33-4583,LUSC,TAPBP,0.038550537,0.14527392
TCGA-33-4583,LUSC,CANX,-0.3428385,0.96719784
TCGA-33-4583,LUSC,CALR,-0.22615552,0.12942068
TCGA-33-4583,LUSC,PDIA3,0.15996948,0.09063522
TCGA-33-4583,LUSC,B2M,-0.46786982,1.4361383
TCGA-33-4583,LUSC,HLA-A,-0.4409767,0.3304239
TCGA-33-4583,LUSC,HLA-B,-0.5336145,0.90117896
TCGA-33-4583,LUSC,HLA-C,-0.61026084,1.0839038
TCGA-33-4583,LUSC,HLA-DQA1,-0.63004035,-1.259292
TCGA-33-4583,LUSC,HLA-DRB1,-0.7341029,-1.1997201
TCGA-33-4583,LUSC,CMKLR1,-0.47671613,-1.419735
TCGA-33-4583,LUSC,HLA-E,-0.5683765,0.08634958
TCGA-33-4583,LUSC,NKG7,-0.44176215,0.64236933
TCGA-33-4583,LUSC,CD8A,-0.4638334,0.5763884
TCGA-33-4583,LUSC,CCL5,-0.26953027,0.46622524
TCGA-33-4583,LUSC,CXCL9,-0.510316,-0.37713474
TCGA-33-4583,LUSC,CD27,-0.37189,-1.0433775
TCGA-33-4583,LUSC,CXCR6,-0.5258116,0.18736503
TCGA-33-4583,LUSC,IDO1,-0.43992138,0.11678277
TCGA-33-4583,LUSC,STAT1,-0.30362666,0.6068897
TCGA-33-4583,LUSC,CD274,-0.34321183,1.7441573
TCGA-33-4583,LUSC,CD276,0.61348504,0.26002878
TCGA-33-4583,LUSC,LAG3,-0.44016665,0.2711506
TCGA-33-4583,LUSC,PDCD1LG2,-0.37149853,0.6530261
TCGA-33-4583,LUSC,TIGIT,-0.39021832,-0.19306722
TCGA-33-4583,LUSC,APM,-0.48702192,1.8384612
TCGA-33-4583,LUSC,TIS,-0.4668321,0.13012475
TCGA-56-A4BX,LUSC,TMB,0.038414907,-0.6039852
TCGA-56-A4BX,LUSC,PSMB5,0.13473076,-0.12581138
TCGA-56-A4BX,LUSC,PSMB6,0.004859388,-0.4707354
TCGA-56-A4BX,LUSC,PSMB7,0.2907564,0.44411016
TCGA-56-A4BX,LUSC,PSMB8,-1.2495188,-1.9397894
TCGA-56-A4BX,LUSC,PSMB9,-1.2829088,-2.3215237
TCGA-56-A4BX,LUSC,PSMB10,-1.2712364,-2.0176923
TCGA-56-A4BX,LUSC,TAP1,-0.869311,-1.9345218
TCGA-56-A4BX,LUSC,TAP2,-0.7332599,-0.9439525
TCGA-56-A4BX,LUSC,ERAP1,-0.6662434,-1.4976444
TCGA-56-A4BX,LUSC,ERAP2,-0.65213233,-0.75636643
TCGA-56-A4BX,LUSC,TAPBP,-1.0131576,-1.9142896
TCGA-56-A4BX,LUSC,CANX,-0.61498296,-1.1570497
TCGA-56-A4BX,LUSC,CALR,-0.2417595,0.49857053
TCGA-56-A4BX,LUSC,PDIA3,-0.22476093,0.29294774
TCGA-56-A4BX,LUSC,B2M,-1.4480734,-2.6896539
TCGA-56-A4BX,LUSC,HLA-A,-1.3167961,-1.4479429
TCGA-56-A4BX,LUSC,HLA-B,-1.3601406,-2.6079674
TCGA-56-A4BX,LUSC,HLA-C,-1.4316423,-2.6928241
TCGA-56-A4BX,LUSC,HLA-DQA1,-1.2878038,-2.3866425
TCGA-56-A4BX,LUSC,HLA-DRB1,-1.4998794,-2.5345721
TCGA-56-A4BX,LUSC,CMKLR1,-1.0797541,-1.8946114
TCGA-56-A4BX,LUSC,HLA-E,-0.94140637,-1.6919842
TCGA-56-A4BX,LUSC,NKG7,-1.2376773,-2.3152559
TCGA-56-A4BX,LUSC,CD8A,-0.8644147,-0.9269295
TCGA-56-A4BX,LUSC,CCL5,-1.3291028,-3.1106567
TCGA-56-A4BX,LUSC,CXCL9,-1.179667,-2.270103
TCGA-56-A4BX,LUSC,CD27,-0.9633266,-1.3024133
TCGA-56-A4BX,LUSC,CXCR6,-1.1719649,-1.8667475
TCGA-56-A4BX,LUSC,IDO1,-1.1202724,-1.6813725
TCGA-56-A4BX,LUSC,STAT1,-0.97538614,-1.7248417
TCGA-56-A4BX,LUSC,CD274,-0.4893662,-0.3300077
TCGA-56-A4BX,LUSC,CD276,0.29604045,-0.8042022
TCGA-56-A4BX,LUSC,LAG3,-1.0669721,-0.93974245
TCGA-56-A4BX,LUSC,PDCD1LG2,-0.78793967,-1.296946
TCGA-56-A4BX,LUSC,TIGIT,-1.115827,-1.7230071
TCGA-56-A4BX,LUSC,APM,-1.4570411,-2.5032723
TCGA-56-A4BX,LUSC,TIS,-1.2200928,-2.7285583
TCGA-21-1075,LUSC,TMB,0.5129468,-0.13728939
TCGA-21-1075,LUSC,PSMB5,0.03675304,0.3002717
TCGA-21-1075,LUSC,PSMB6,-0.038873143,0.446935
TCGA-21-1075,LUSC,PSMB7,0.06925793,0.030655116
TCGA-21-1075,LUSC,PSMB8,-0.1758558,-1.9324206
TCGA-21-1075,LUSC,PSMB9,-0.028091097,-2.5591753
TCGA-21-1075,LUSC,PSMB10,-0.20093732,-2.0335696
TCGA-21-1075,LUSC,TAP1,0.006853582,-2.3707728
TCGA-21-1075,LUSC,TAP2,0.14112648,-0.91858834
TCGA-21-1075,LUSC,ERAP1,-0.08244769,-0.4060749
TCGA-21-1075,LUSC,ERAP2,0.60538983,-0.16547073
TCGA-21-1075,LUSC,TAPBP,-0.1320692,-1.2365226
TCGA-21-1075,LUSC,CANX,-0.11209253,-0.46411848
TCGA-21-1075,LUSC,CALR,0.011151108,-0.35600162
TCGA-21-1075,LUSC,PDIA3,-0.24659653,0.38130227
TCGA-21-1075,LUSC,B2M,-0.20852998,-2.2352245
TCGA-21-1075,LUSC,HLA-A,-0.2080737,-1.6262411
TCGA-21-1075,LUSC,HLA-B,-0.5212717,-3.2813165
TCGA-21-1075,LUSC,HLA-C,-0.55294687,-2.1789663
TCGA-21-1075,LUSC,HLA-DQA1,-0.26155478,-1.8177623
TCGA-21-1075,LUSC,HLA-DRB1,-0.5188696,-1.8089167
TCGA-21-1075,LUSC,CMKLR1,-0.12815985,-1.9363592
TCGA-21-1075,LUSC,HLA-E,-0.04051786,-2.8126154
TCGA-21-1075,LUSC,NKG7,-0.28848323,-2.1221204
TCGA-21-1075,LUSC,CD8A,0.07149726,-1.9146253
TCGA-21-1075,LUSC,CCL5,-0.16726851,-2.2852697
TCGA-21-1075,LUSC,CXCL9,-0.043922193,-1.9705464
TCGA-21-1075,LUSC,CD27,-0.22220874,-1.7111049
TCGA-21-1075,LUSC,CXCR6,-0.1711215,-1.6753736
TCGA-21-1075,LUSC,IDO1,-0.23155181,-1.4700062
TCGA-21-1075,LUSC,STAT1,0.44552407,-1.8433584
TCGA-21-1075,LUSC,CD274,0.2894594,1.0069901
TCGA-21-1075,LUSC,CD276,0.19656718,-0.23134138
TCGA-21-1075,LUSC,LAG3,-0.08539547,-1.765235
TCGA-21-1075,LUSC,PDCD1LG2,0.43412724,0.04952079
TCGA-21-1075,LUSC,TIGIT,0.015294159,-1.5982835
TCGA-21-1075,LUSC,APM,-0.05808103,-2.2581398
TCGA-21-1075,LUSC,TIS,-0.044041432,-2.1311839
TCGA-55-6978,LUAD,TMB,0.35301998,-1.821439
TCGA-55-6978,LUAD,PSMB5,-0.27096334,-0.77905834
TCGA-55-6978,LUAD,PSMB6,0.25238425,-0.37345046
TCGA-55-6978,LUAD,PSMB7,0.07627253,-0.24380665
TCGA-55-6978,LUAD,PSMB8,0.95646083,0.77148134
TCGA-55-6978,LUAD,PSMB9,0.98436654,1.6554724
TCGA-55-6978,LUAD,PSMB10,1.0017588,1.4527621
TCGA-55-6978,LUAD,TAP1,0.9571037,1.5076331
TCGA-55-6978,LUAD,TAP2,1.0897505,2.1009653
TCGA-55-6978,LUAD,ERAP1,0.48844498,1.3328011
TCGA-55-6978,LUAD,ERAP2,0.38259697,2.135871
TCGA-55-6978,LUAD,TAPBP,0.5752639,0.9308864
TCGA-55-6978,LUAD,CANX,0.16589287,-0.17657891
TCGA-55-6978,LUAD,CALR,0.22173552,-0.76885647
TCGA-55-6978,LUAD,PDIA3,-0.2005074,-0.5945765
TCGA-55-6978,LUAD,B2M,0.77080464,1.2576133
TCGA-55-6978,LUAD,HLA-A,0.97505933,0.56339264
TCGA-55-6978,LUAD,HLA-B,1.0223055,0.7482526
TCGA-55-6978,LUAD,HLA-C,1.0221871,0.45284417
TCGA-55-6978,LUAD,HLA-DQA1,0.81627953,0.87066096
TCGA-55-6978,LUAD,HLA-DRB1,0.6591445,0.48489788
TCGA-55-6978,LUAD,CMKLR1,1.2394321,2.1551845
TCGA-55-6978,LUAD,HLA-E,0.7280301,1.0889013
TCGA-55-6978,LUAD,NKG7,1.2859048,1.8205069
TCGA-55-6978,LUAD,CD8A,1.1536224,2.1582956
TCGA-55-6978,LUAD,CCL5,1.0836996,1.7153708
TCGA-55-6978,LUAD,CXCL9,1.0200249,2.208083
TCGA-55-6978,LUAD,CD27,0.5584564,0.59996355
TCGA-55-6978,LUAD,CXCR6,0.8493622,2.0452585
TCGA-55-6978,LUAD,IDO1,1.0477506,2.1765351
TCGA-55-6978,LUAD,STAT1,1.0351685,2.122523
TCGA-55-6978,LUAD,CD274,0.8899555,2.0896091
TCGA-55-6978,LUAD,CD276,-0.22927408,0.8530719
TCGA-55-6978,LUAD,LAG3,1.0047204,1.7059746
TCGA-55-6978,LUAD,PDCD1LG2,0.9584897,2.2550225
TCGA-55-6978,LUAD,TIGIT,1.0962433,1.8604516
TCGA-55-6978,LUAD,APM,0.9244827,1.2971187
TCGA-55-6978,LUAD,TIS,1.2037328,2.0206378
TCGA-55-8091,LUAD,TMB,0.27261537,-1.9185944
TCGA-55-8091,LUAD,PSMB5,-0.5387908,-0.32140303
TCGA-55-8091,LUAD,PSMB6,-0.3324393,-1.3938832
TCGA-55-8091,LUAD,PSMB7,-0.39428672,0.24845695
TCGA-55-8091,LUAD,PSMB8,0.73293716,-0.083619
TCGA-55-8091,LUAD,PSMB9,0.66040426,0.39437366
TCGA-55-8091,LUAD,PSMB10,0.7488588,1.0147425
TCGA-55-8091,LUAD,TAP1,0.619058,0.13879725
TCGA-55-8091,LUAD,TAP2,0.5951457,-0.13712445
TCGA-55-8091,LUAD,ERAP1,0.7670373,1.7903045
TCGA-55-8091,LUAD,ERAP2,0.2088728,2.111668
TCGA-55-8091,LUAD,TAPBP,0.4058227,-0.29470947
TCGA-55-8091,LUAD,CANX,0.2579964,0.9765339
TCGA-55-8091,LUAD,CALR,0.07255073,-0.5609994
TCGA-55-8091,LUAD,PDIA3,0.022724483,-0.028388148
TCGA-55-8091,LUAD,B2M,0.713725,0.9253909
TCGA-55-8091,LUAD,HLA-A,0.48553,0.6741191
TCGA-55-8091,LUAD,HLA-B,0.6703223,0.6781962
TCGA-55-8091,LUAD,HLA-C,0.52570033,0.5302035
TCGA-55-8091,LUAD,HLA-DQA1,0.6490942,2.0015738
TCGA-55-8091,LUAD,HLA-DRB1,0.6397708,1.3544356
TCGA-55-8091,LUAD,CMKLR1,0.8923168,0.40645155
TCGA-55-8091,LUAD,HLA-E,0.582037,0.56937474
TCGA-55-8091,LUAD,NKG7,0.6982485,-0.11362835
TCGA-55-8091,LUAD,CD8A,0.8368064,-0.6026578
TCGA-55-8091,LUAD,CCL5,0.625641,0.1291115
TCGA-55-8091,LUAD,CXCL9,0.76775587,0.9105911
TCGA-55-8091,LUAD,CD27,0.7476181,-0.3132166
TCGA-55-8091,LUAD,CXCR6,0.85737675,0.29542077
TCGA-55-8091,LUAD,IDO1,0.5862157,2.6370158
TCGA-55-8091,LUAD,STAT1,0.9212519,1.0427735
TCGA-55-8091,LUAD,CD274,0.44363195,1.1071445
TCGA-55-8091,LUAD,CD276,-0.37148,0.33025888
TCGA-55-8091,LUAD,LAG3,0.6815195,-0.11187846
TCGA-55-8091,LUAD,PDCD1LG2,0.8110612,0.8930128
TCGA-55-8091,LUAD,TIGIT,0.86741066,0.09935695
TCGA-55-8091,LUAD,APM,0.6266674,0.78926605
TCGA-55-8091,LUAD,TIS,0.8792542,1.0923285
TCGA-38-7271,LUAD,TMB,-0.040429793,-1.4141427
TCGA-38-7271,LUAD,PSMB5,-0.4907461,-0.9603391
TCGA-38-7271,LUAD,PSMB6,-0.4272457,-0.77540225
TCGA-38-7271,LUAD,PSMB7,-0.3311434,-0.86266667
TCGA-38-7271,LUAD,PSMB8,0.2703297,0.3663313
TCGA-38-7271,LUAD,PSMB9,0.048466604,0.92457956
TCGA-38-7271,LUAD,PSMB10,0.22543392,1.0459248
TCGA-38-7271,LUAD,TAP1,-0.07445345,0.44458586
TCGA-38-7271,LUAD,TAP2,-0.091854185,0.39931566
TCGA-38-7271,LUAD,ERAP1,0.20534702,1.0627692
TCGA-38-7271,LUAD,ERAP2,0.31164736,1.4724022
TCGA-38-7271,LUAD,TAPBP,0.3890086,0.9242005
TCGA-38-7271,LUAD,CANX,0.38957578,0.07608619
TCGA-38-7271,LUAD,CALR,-0.07888774,-0.07988455
TCGA-38-7271,LUAD,PDIA3,0.23266196,-0.4014043
TCGA-38-7271,LUAD,B2M,0.32808554,1.2440634
TCGA-38-7271,LUAD,HLA-A,0.5170355,0.9012135
TCGA-38-7271,LUAD,HLA-B,0.49215236,1.0496398
TCGA-38-7271,LUAD,HLA-C,0.6793863,1.2809807
TCGA-38-7271,LUAD,HLA-DQA1,0.49264055,1.610262
TCGA-38-7271,LUAD,HLA-DRB1,0.5333365,1.4087646
TCGA-38-7271,LUAD,CMKLR1,0.4915471,1.5006131
TCGA-38-7271,LUAD,HLA-E,0.61426175,1.862089
TCGA-38-7271,LUAD,NKG7,0.028132072,1.6780092
TCGA-38-7271,LUAD,CD8A,0.41573268,2.0654428
TCGA-38-7271,LUAD,CCL5,0.30963272,1.5841955
TCGA-38-7271,LUAD,CXCL9,0.29482856,1.0808731
TCGA-38-7271,LUAD,CD27,0.529015,2.9990406
TCGA-38-7271,LUAD,CXCR6,0.43013096,2.0862916
TCGA-38-7271,LUAD,IDO1,-0.022541339,0.4624369
TCGA-38-7271,LUAD,STAT1,0.013987685,0.37872487
TCGA-38-7271,LUAD,CD274,-0.16753879,0.042043064
TCGA-38-7271,LUAD,CD276,-0.4216017,-1.0803083
TCGA-38-7271,LUAD,LAG3,0.09889594,0.8240565
TCGA-38-7271,LUAD,PDCD1LG2,0.08871409,1.1289908
TCGA-38-7271,LUAD,TIGIT,0.38904208,2.89659
TCGA-38-7271,LUAD,APM,0.11658031,0.9660093
TCGA-38-7271,LUAD,TIS,0.33152077,1.7841438
TCGA-38-4630,LUAD,TMB,0.20943499,-0.72059053
TCGA-38-4630,LUAD,PSMB5,0.28424376,1.6698781
TCGA-38-4630,LUAD,PSMB6,0.196093,1.0437534
TCGA-38-4630,LUAD,PSMB7,0.027670035,-0.38360864
TCGA-38-4630,LUAD,PSMB8,-0.3098388,-0.43162513
TCGA-38-4630,LUAD,PSMB9,-0.24915025,-0.7510765
TCGA-38-4630,LUAD,PSMB10,-0.45165634,-1.2501177
TCGA-38-4630,LUAD,TAP1,-0.26308483,-0.87938976
TCGA-38-4630,LUAD,TAP2,-0.45547634,-0.35008794
TCGA-38-4630,LUAD,ERAP1,-0.26026174,-0.30283892
TCGA-38-4630,LUAD,ERAP2,0.058866065,-1.4221259
TCGA-38-4630,LUAD,TAPBP,-0.36184222,-1.8568168
TCGA-38-4630,LUAD,CANX,0.30323154,-1.214774
TCGA-38-4630,LUAD,CALR,0.2887978,1.2147658
TCGA-38-4630,LUAD,PDIA3,0.13065287,-0.5839319
TCGA-38-4630,LUAD,B2M,-0.6102354,-1.2873816
TCGA-38-4630,LUAD,HLA-A,-0.22277066,-0.7196471
TCGA-38-4630,LUAD,HLA-B,-0.29014415,-0.8299672
TCGA-38-4630,LUAD,HLA-C,-0.27792192,0.19554208
TCGA-38-4630,LUAD,HLA-DQA1,-0.5200946,-0.22448798
TCGA-38-4630,LUAD,HLA-DRB1,-0.57634014,-0.4122141
TCGA-38-4630,LUAD,CMKLR1,-0.107604645,-0.38441783
TCGA-38-4630,LUAD,HLA-E,-0.5904315,-1.2468394
TCGA-38-4630,LUAD,NKG7,-0.22895011,-0.86591893
TCGA-38-4630,LUAD,CD8A,-0.18303598,-0.20208104
TCGA-38-4630,LUAD,CCL5,-0.28122988,-0.46713933
TCGA-38-4630,LUAD,CXCL9,-0.08797274,0.17440267
TCGA-38-4630,LUAD,CD27,-0.26765302,-0.81210864
TCGA-38-4630,LUAD,CXCR6,-0.27476034,-0.8640642
TCGA-38-4630,LUAD,IDO1,-0.3009409,-0.2072467
TCGA-38-4630,LUAD,STAT1,0.045155585,1.4302678
TCGA-38-4630,LUAD,CD274,-0.3614745,-0.932645
TCGA-38-4630,LUAD,CD276,-0.355609,-0.44368672
TCGA-38-4630,LUAD,LAG3,0.09091912,-0.15163817
TCGA-38-4630,LUAD,PDCD1LG2,-0.17830801,-0.27735114
TCGA-38-4630,LUAD,TIGIT,-0.53823173,-0.4607537
TCGA-38-4630,LUAD,APM,-0.46228147,-0.8849381
TCGA-38-4630,LUAD,TIS,-0.42040032,-0.58374774
TCGA-38-4631,LUAD,TMB,0.688119,1.567768
TCGA-38-4631,LUAD,PSMB5,0.35541794,1.318835
TCGA-38-4631,LUAD,PSMB6,0.07021563,0.90426314
TCGA-38-4631,LUAD,PSMB7,0.100151226,0.95722383
TCGA-38-4631,LUAD,PSMB8,-0.07780193,2.3575776
TCGA-38-4631,LUAD,PSMB9,0.09013041,1.3794994
TCGA-38-4631,LUAD,PSMB10,-0.0040337266,0.61798036
TCGA-38-4631,LUAD,TAP1,0.061975747,1.2826055
TCGA-38-4631,LUAD,TAP2,-0.057423078,0.004676907
TCGA-38-4631,LUAD,ERAP1,-0.23420987,-0.3587311
TCGA-38-4631,LUAD,ERAP2,0.032060005,-1.3552179
TCGA-38-4631,LUAD,TAPBP,-0.13825543,-0.48359796
TCGA-38-4631,LUAD,CANX,0.17209506,-0.6131629
TCGA-38-4631,LUAD,CALR,0.11785297,0.27508757
TCGA-38-4631,LUAD,PDIA3,-0.027180463,-1.037993
TCGA-38-4631,LUAD,B2M,-0.10907988,0.50936824
TCGA-38-4631,LUAD,HLA-A,-0.1467889,-0.25722754
TCGA-38-4631,LUAD,HLA-B,-0.10880315,-0.07208953
TCGA-38-4631,LUAD,HLA-C,-0.08585866,0.87753487
TCGA-38-4631,LUAD,HLA-DQA1,-0.0782002,-0.3611272
TCGA-38-4631,LUAD,HLA-DRB1,-0.21221781,-0.00609179
TCGA-38-4631,LUAD,CMKLR1,0.17783205,-1.2985048
TCGA-38-4631,LUAD,HLA-E,-0.29962972,-0.1543359
TCGA-38-4631,LUAD,NKG7,0.23101096,0.17808059
TCGA-38-4631,LUAD,CD8A,0.15667632,-0.23021343
TCGA-38-4631,LUAD,CCL5,-0.008614421,-0.2987745
TCGA-38-4631,LUAD,CXCL9,0.12391362,0.04003738
TCGA-38-4631,LUAD,CD27,0.011497756,0.11586092
TCGA-38-4631,LUAD,CXCR6,0.06616143,-0.20176072
TCGA-38-4631,LUAD,IDO1,0.03215196,-0.4483867
TCGA-38-4631,LUAD,STAT1,0.33965102,0.4611015
TCGA-38-4631,LUAD,CD274,0.22080922,-1.1407881
TCGA-38-4631,LUAD,CD276,-0.22997601,-1.2838827
TCGA-38-4631,LUAD,LAG3,0.34010386,-0.4244949
TCGA-38-4631,LUAD,PDCD1LG2,0.21073341,-0.20632784
TCGA-38-4631,LUAD,TIGIT,0.16184202,-0.8265534
TCGA-38-4631,LUAD,APM,-0.03417354,0.56146485
TCGA-38-4631,LUAD,TIS,0.038580734,-0.50182086
TCGA-44-6776,LUAD,TMB,-0.9523026,-0.12257422
TCGA-44-6776,LUAD,PSMB5,-0.41902885,0.1512722
TCGA-44-6776,LUAD,PSMB6,-0.22049665,1.0589026
TCGA-44-6776,LUAD,PSMB7,-0.7508407,0.2883516
TCGA-44-6776,LUAD,PSMB8,-0.5704906,-1.0672309
TCGA-44-6776,LUAD,PSMB9,-0.84973973,-1.9724615
TCGA-44-6776,LUAD,PSMB10,-0.5072154,-0.50895864
TCGA-44-6776,LUAD,TAP1,-1.1961105,-1.2800847
TCGA-44-6776,LUAD,TAP2,-1.0587627,-1.124806
TCGA-44-6776,LUAD,ERAP1,-0.25062907,-0.14414312
TCGA-44-6776,LUAD,ERAP2,0.054962385,0.2169867
TCGA-44-6776,LUAD,TAPBP,-0.099176064,0.15953593
TCGA-44-6776,LUAD,CANX,0.2616559,0.8471251
TCGA-44-6776,LUAD,CALR,-0.23637132,-0.31027916
TCGA-44-6776,LUAD,PDIA3,0.755153,1.0134207
TCGA-44-6776,LUAD,B2M,-0.3212021,-0.77634364
TCGA-44-6776,LUAD,HLA-A,-0.3105641,-0.045782927
TCGA-44-6776,LUAD,HLA-B,-0.4824261,-1.1439368
TCGA-44-6776,LUAD,HLA-C,-0.38646263,-0.13936742
TCGA-44-6776,LUAD,HLA-DQA1,-0.30150846,-0.53164655
TCGA-44-6776,LUAD,HLA-DRB1,0.17017347,-0.18522772
TCGA-44-6776,LUAD,CMKLR1,-0.2971456,-0.6322959
TCGA-44-6776,LUAD,HLA-E,-0.12493273,-0.28979045
TCGA-44-6776,LUAD,NKG7,-0.86921644,-1.2707258
TCGA-44-6776,LUAD,CD8A,-0.87930524,-0.8714783
TCGA-44-6776,LUAD,CCL5,-0.88822633,-0.70978504
TCGA-44-6776,LUAD,CXCL9,-1.333636,-1.1375391
TCGA-44-6776,LUAD,CD27,-0.46858913,-0.65550363
TCGA-44-6776,LUAD,CXCR6,-0.5427102,-0.76364505
TCGA-44-6776,LUAD,IDO1,-0.7980213,-0.4466444
TCGA-44-6776,LUAD,STAT1,-1.070072,-1.3986841
TCGA-44-6776,LUAD,CD274,-1.0128263,-1.05362
TCGA-44-6776,LUAD,CD276,-0.7689949,-0.7897037
TCGA-44-6776,LUAD,LAG3,-1.0835273,-0.81545275
TCGA-44-6776,LUAD,PDCD1LG2,-1.1438316,-1.2500122
TCGA-44-6776,LUAD,TIGIT,-0.9433057,-1.0787425
TCGA-44-6776,LUAD,APM,-0.54959613,-0.58314776
TCGA-44-6776,LUAD,TIS,-1.1226779,-1.3003451
TCGA-80-5607,LUAD,TMB,-0.9174329,-0.6348723
TCGA-80-5607,LUAD,PSMB5,-0.63868684,-0.37089926
TCGA-80-5607,LUAD,PSMB6,-0.48418778,0.17130306
TCGA-80-5607,LUAD,PSMB7,-0.56369257,0.23477934
TCGA-80-5607,LUAD,PSMB8,0.10906863,1.3283867
TCGA-80-5607,LUAD,PSMB9,-0.11804821,0.77063084
TCGA-80-5607,LUAD,PSMB10,0.18339947,0.8842935
TCGA-80-5607,LUAD,TAP1,-0.3998954,1.3114513
TCGA-80-5607,LUAD,TAP2,-0.18177398,0.36557898
TCGA-80-5607,LUAD,ERAP1,0.29924124,0.71588117
TCGA-80-5607,LUAD,ERAP2,0.40482575,-0.8665245
TCGA-80-5607,LUAD,TAPBP,0.11552056,0.95725095
TCGA-80-5607,LUAD,CANX,0.3571539,-0.13915072
TCGA-80-5607,LUAD,CALR,-0.60141027,-0.65514743
TCGA-80-5607,LUAD,PDIA3,0.079834,-0.3370602
TCGA-80-5607,LUAD,B2M,0.4221415,0.46748737
TCGA-80-5607,LUAD,HLA-A,0.38960713,1.2056532
TCGA-80-5607,LUAD,HLA-B,0.36713964,1.3437576
TCGA-80-5607,LUAD,HLA-C,0.32398853,0.8271908
TCGA-80-5607,LUAD,HLA-DQA1,0.639923,0.56925577
TCGA-80-5607,LUAD,HLA-DRB1,0.70255923,0.61585754
TCGA-80-5607,LUAD,CMKLR1,0.2574365,-0.06435018
TCGA-80-5607,LUAD,HLA-E,0.5171506,1.6122255
TCGA-80-5607,LUAD,NKG7,-0.23747501,0.33290604
TCGA-80-5607,LUAD,CD8A,0.014443318,1.1048872
TCGA-80-5607,LUAD,CCL5,-0.048967138,0.34123105
TCGA-80-5607,LUAD,CXCL9,-0.13568464,0.45873168
TCGA-80-5607,LUAD,CD27,0.58568275,-0.1278331
TCGA-80-5607,LUAD,CXCR6,-0.021452677,0.74895054
TCGA-80-5607,LUAD,IDO1,-0.24651495,0.6674809
TCGA-80-5607,LUAD,STAT1,-0.22479585,0.65929747
TCGA-80-5607,LUAD,CD274,-0.50912267,-0.29783928
TCGA-80-5607,LUAD,CD276,-0.959202,-0.41660926
TCGA-80-5607,LUAD,LAG3,-0.13018677,0.35668606
TCGA-80-5607,LUAD,PDCD1LG2,-0.3486659,-0.18719877
TCGA-80-5607,LUAD,TIGIT,0.087825656,0.8577803
TCGA-80-5607,LUAD,APM,0.114497736,0.8228784
TCGA-80-5607,LUAD,TIS,0.14719,0.5433427
TCGA-44-6146,LUAD,TMB,-1.2474601,-1.6446419
TCGA-44-6146,LUAD,PSMB5,-0.9852072,-2.5261514
TCGA-44-6146,LUAD,PSMB6,-0.58906,-1.1039652
TCGA-44-6146,LUAD,PSMB7,-0.66544753,-0.4319022
TCGA-44-6146,LUAD,PSMB8,0.1744492,-0.46019512
TCGA-44-6146,LUAD,PSMB9,0.087576166,-1.3865057
TCGA-44-6146,LUAD,PSMB10,0.7139103,-0.14908585
TCGA-44-6146,LUAD,TAP1,-0.20984766,-0.87975967
TCGA-44-6146,LUAD,TAP2,-0.20681164,-1.4982271
TCGA-44-6146,LUAD,ERAP1,0.57671875,-0.42557558
TCGA-44-6146,LUAD,ERAP2,0.41509837,-0.55941
TCGA-44-6146,LUAD,TAPBP,0.21592537,-0.56400824
TCGA-44-6146,LUAD,CANX,-0.15208857,-0.9342723
TCGA-44-6146,LUAD,CALR,-0.63927406,-1.3546996
TCGA-44-6146,LUAD,PDIA3,0.020732833,1.2473817
TCGA-44-6146,LUAD,B2M,0.51880234,-0.06394481
TCGA-44-6146,LUAD,HLA-A,0.28678462,-0.2659557
TCGA-44-6146,LUAD,HLA-B,0.49602336,-0.47831234
TCGA-44-6146,LUAD,HLA-C,0.4447469,0.1365908
TCGA-44-6146,LUAD,HLA-DQA1,0.34466746,-0.7495167
TCGA-44-6146,LUAD,HLA-DRB1,0.62149996,-0.38205144
TCGA-44-6146,LUAD,CMKLR1,0.56808937,-0.4233111
TCGA-44-6146,LUAD,HLA-E,0.6209024,0.6044805
TCGA-44-6146,LUAD,NKG7,0.035406034,-0.96811724
TCGA-44-6146,LUAD,CD8A,-0.34064138,-0.8683214
TCGA-44-6146,LUAD,CCL5,-0.1833251,-1.135613
TCGA-44-6146,LUAD,CXCL9,-0.2818849,-1.0150838
TCGA-44-6146,LUAD,CD27,0.20392974,-1.1193899
TCGA-44-6146,LUAD,CXCR6,-0.054130428,-0.63651866
TCGA-44-6146,LUAD,IDO1,-0.13730823,-0.95920604
TCGA-44-6146,LUAD,STAT1,-0.48463574,-0.8426855
TCGA-44-6146,LUAD,CD274,-0.34906667,-1.0492716
TCGA-44-6146,LUAD,CD276,-0.5178105,-0.7516238
TCGA-44-6146,LUAD,LAG3,-0.3313659,-1.5881343
TCGA-44-6146,LUAD,PDCD1LG2,-0.1943821,-1.4870105
TCGA-44-6146,LUAD,TIGIT,-0.07383104,-1.4358072
TCGA-44-6146,LUAD,APM,0.26536366,-0.9434126
TCGA-44-6146,LUAD,TIS,-0.009211397,-1.1459434
TCGA-55-6979,LUAD,TMB,0.7146939,-0.72059053
TCGA-55-6979,LUAD,PSMB5,-0.49948174,-0.6642563
TCGA-55-6979,LUAD,PSMB6,-0.04878979,-0.37638932
TCGA-55-6979,LUAD,PSMB7,-0.33415908,0.15732333
TCGA-55-6979,LUAD,PSMB8,0.82904756,0.88745517
TCGA-55-6979,LUAD,PSMB9,0.8741045,1.4301739
TCGA-55-6979,LUAD,PSMB10,0.93049735,1.0410694
TCGA-55-6979,LUAD,TAP1,0.878994,1.2217215
TCGA-55-6979,LUAD,TAP2,0.8575759,1.1593016
TCGA-55-6979,LUAD,ERAP1,0.589603,0.9812584
TCGA-55-6979,LUAD,ERAP2,0.50595576,-0.53905696
TCGA-55-6979,LUAD,TAPBP,0.5479658,0.55171186
TCGA-55-6979,LUAD,CANX,0.10433801,-0.53519577
TCGA-55-6979,LUAD,CALR,0.23625164,-0.8837861
TCGA-55-6979,LUAD,PDIA3,0.07420216,-1.1380138
TCGA-55-6979,LUAD,B2M,0.8620617,0.9587478
TCGA-55-6979,LUAD,HLA-A,0.86167395,1.0203302
TCGA-55-6979,LUAD,HLA-B,0.9755653,1.2003685
TCGA-55-6979,LUAD,HLA-C,0.82999134,0.40068787
TCGA-55-6979,LUAD,HLA-DQA1,0.8625949,1.2023555
TCGA-55-6979,LUAD,HLA-DRB1,0.7703309,0.94336146
TCGA-55-6979,LUAD,CMKLR1,1.265559,1.934384
TCGA-55-6979,LUAD,HLA-E,0.7563928,1.2430116
TCGA-55-6979,LUAD,NKG7,1.3141624,1.0929736
TCGA-55-6979,LUAD,CD8A,1.2185135,1.4842494
TCGA-55-6979,LUAD,CCL5,0.9718439,1.1735116
TCGA-55-6979,LUAD,CXCL9,1.1969563,1.9237595
TCGA-55-6979,LUAD,CD27,0.9512507,1.4401513
TCGA-55-6979,LUAD,CXCR6,0.90942323,1.5215857
TCGA-55-6979,LUAD,IDO1,0.8570679,1.9332535
TCGA-55-6979,LUAD,STAT1,1.0995729,1.6110165
TCGA-55-6979,LUAD,CD274,0.90113515,1.5706046
TCGA-55-6979,LUAD,CD276,-0.32865697,0.6766363
TCGA-55-6979,LUAD,LAG3,0.9924288,1.5366662
TCGA-55-6979,LUAD,PDCD1LG2,1.1083391,1.6269146
TCGA-55-6979,LUAD,TIGIT,1.0959873,1.9282746
TCGA-55-6979,LUAD,APM,0.94332755,0.7833091
TCGA-55-6979,LUAD,TIS,1.183172,1.6913099
TCGA-78-7633,LUAD,TMB,-0.4286216,-0.83535767
TCGA-78-7633,LUAD,PSMB5,-0.462308,0.04679925
TCGA-78-7633,LUAD,PSMB6,0.051226616,0.47832605
TCGA-78-7633,LUAD,PSMB7,-0.22978821,-0.7229565
TCGA-78-7633,LUAD,PSMB8,0.044167124,-0.57532674
TCGA-78-7633,LUAD,PSMB9,-0.28216338,-1.5664356
TCGA-78-7633,LUAD,PSMB10,0.029736418,-0.9168174
TCGA-78-7633,LUAD,TAP1,-0.56957114,-1.1817018
TCGA-78-7633,LUAD,TAP2,-0.46386236,-1.2982972
TCGA-78-7633,LUAD,ERAP1,-0.0017317176,1.3053707
TCGA-78-7633,LUAD,ERAP2,0.1457279,-1.3495297
TCGA-78-7633,LUAD,TAPBP,0.41181198,0.19395147
TCGA-78-7633,LUAD,CANX,0.3694873,2.2657096
TCGA-78-7633,LUAD,CALR,-0.027305368,1.0987827
TCGA-78-7633,LUAD,PDIA3,0.6263536,2.7041512
TCGA-78-7633,LUAD,B2M,-0.057385527,-0.3312318
TCGA-78-7633,LUAD,HLA-A,0.21905954,1.2505554
TCGA-78-7633,LUAD,HLA-B,-0.054865908,-0.5747434
TCGA-78-7633,LUAD,HLA-C,0.013744926,-0.1509518
TCGA-78-7633,LUAD,HLA-DQA1,-0.048087187,-1.0750762
TCGA-78-7633,LUAD,HLA-DRB1,0.23118022,-0.9739757
TCGA-78-7633,LUAD,CMKLR1,-0.19876346,-0.7252162
TCGA-78-7633,LUAD,HLA-E,0.26660106,0.09480611
TCGA-78-7633,LUAD,NKG7,-0.31924513,-1.0290334
TCGA-78-7633,LUAD,CD8A,-0.33038473,-1.5695392
TCGA-78-7633,LUAD,CCL5,-0.22623682,-1.6253827
TCGA-78-7633,LUAD,CXCL9,-0.54906845,-1.5106584
TCGA-78-7633,LUAD,CD27,-0.10800638,-1.6941527
TCGA-78-7633,LUAD,CXCR6,-0.2662199,-1.2486874
TCGA-78-7633,LUAD,IDO1,-0.32837397,-0.4459815
TCGA-78-7633,LUAD,STAT1,-0.40428334,-1.2160602
TCGA-78-7633,LUAD,CD274,-0.7487957,-1.1959928
TCGA-78-7633,LUAD,CD276,-0.55192745,-0.8892156
TCGA-78-7633,LUAD,LAG3,-0.60724753,-1.6607909
TCGA-78-7633,LUAD,PDCD1LG2,-0.6791992,-1.2943159
TCGA-78-7633,LUAD,TIGIT,-0.30876487,-1.4240284
TCGA-78-7633,LUAD,APM,-0.032450706,-0.21847953
TCGA-78-7633,LUAD,TIS,-0.38389885,-1.7298377
TCGA-64-1677,LUAD,TMB,-0.018793557,-0.12257422
TCGA-64-1677,LUAD,PSMB5,0.080549195,1.8060781
TCGA-64-1677,LUAD,PSMB6,0.15146068,2.404856
TCGA-64-1677,LUAD,PSMB7,0.06381284,1.8749914
TCGA-64-1677,LUAD,PSMB8,0.36339137,1.8408399
TCGA-64-1677,LUAD,PSMB9,0.29724422,1.4209754
TCGA-64-1677,LUAD,PSMB10,0.28508517,0.31594872
TCGA-64-1677,LUAD,TAP1,-0.20793128,1.1176924
TCGA-64-1677,LUAD,TAP2,-0.04032591,1.381251
TCGA-64-1677,LUAD,ERAP1,-0.29940477,-0.3767785
TCGA-64-1677,LUAD,ERAP2,0.13697277,1.1624583
TCGA-64-1677,LUAD,TAPBP,0.0015885711,1.4149137
TCGA-64-1677,LUAD,CANX,0.24624267,0.3922153
TCGA-64-1677,LUAD,CALR,0.112670876,1.3839084
TCGA-64-1677,LUAD,PDIA3,0.40322417,-0.19182645
TCGA-64-1677,LUAD,B2M,0.5834438,0.31783777
TCGA-64-1677,LUAD,HLA-A,0.3737096,2.1819868
TCGA-64-1677,LUAD,HLA-B,0.41016546,1.1243923
TCGA-64-1677,LUAD,HLA-C,0.538175,1.7549263
TCGA-64-1677,LUAD,HLA-DQA1,0.108202554,0.3330103
TCGA-64-1677,LUAD,HLA-DRB1,0.3045643,0.5388664
TCGA-64-1677,LUAD,CMKLR1,0.072528034,-0.8723168
TCGA-64-1677,LUAD,HLA-E,0.41808072,0.47309873
TCGA-64-1677,LUAD,NKG7,0.06532781,1.2408714
TCGA-64-1677,LUAD,CD8A,-0.04497024,0.38931468
TCGA-64-1677,LUAD,CCL5,0.08522375,0.6314985
TCGA-64-1677,LUAD,CXCL9,0.010621491,0.809062
TCGA-64-1677,LUAD,CD27,0.075377546,0.4078229
TCGA-64-1677,LUAD,CXCR6,0.059975587,0.14726019
TCGA-64-1677,LUAD,IDO1,0.05420357,0.90394086
TCGA-64-1677,LUAD,STAT1,-0.07632542,0.54565173
TCGA-64-1677,LUAD,CD274,-0.059420627,0.2781475
TCGA-64-1677,LUAD,CD276,-0.022933554,-0.7165501
TCGA-64-1677,LUAD,LAG3,0.07881601,0.50311494
TCGA-64-1677,LUAD,PDCD1LG2,-0.18715313,-0.29766804
TCGA-64-1677,LUAD,TIGIT,-0.26788515,0.42702776
TCGA-64-1677,LUAD,APM,0.3612236,1.7723373
TCGA-64-1677,LUAD,TIS,0.22815382,0.31360844
TCGA-44-7670,LUAD,TMB,0.26389492,2.1407497
TCGA-44-7670,LUAD,PSMB5,-0.21291478,-0.6855722
TCGA-44-7670,LUAD,PSMB6,-0.34625012,0.5319784
TCGA-44-7670,LUAD,PSMB7,-0.44981235,-0.3354505
TCGA-44-7670,LUAD,PSMB8,-0.75310767,0.3266868
TCGA-44-7670,LUAD,PSMB9,-0.6538399,-0.20759927
TCGA-44-7670,LUAD,PSMB10,-0.7748734,-1.2348287
TCGA-44-7670,LUAD,TAP1,-0.96950275,0.29518977
TCGA-44-7670,LUAD,TAP2,-0.9008757,-0.35109642
TCGA-44-7670,LUAD,ERAP1,-0.43166438,-1.8675095
TCGA-44-7670,LUAD,ERAP2,-0.07662624,-1.4846166
TCGA-44-7670,LUAD,TAPBP,-0.49606976,0.56587166
TCGA-44-7670,LUAD,CANX,0.32467023,0.19759649
TCGA-44-7670,LUAD,CALR,-0.08722682,-0.4152168
TCGA-44-7670,LUAD,PDIA3,0.18389878,-0.7508582
TCGA-44-7670,LUAD,B2M,-0.7293978,-0.8341751
TCGA-44-7670,LUAD,HLA-A,-0.7344936,0.16807236
TCGA-44-7670,LUAD,HLA-B,-0.8746748,-0.11606625
TCGA-44-7670,LUAD,HLA-C,-0.6864528,0.69082075
TCGA-44-7670,LUAD,HLA-DQA1,-0.35166174,-0.4223279
TCGA-44-7670,LUAD,HLA-DRB1,-0.51947963,-0.21137811
TCGA-44-7670,LUAD,CMKLR1,-0.28851974,-1.2403146
TCGA-44-7670,LUAD,HLA-E,-1.0062468,0.3646002
TCGA-44-7670,LUAD,NKG7,-0.62080777,-0.769491
TCGA-44-7670,LUAD,CD8A,-0.6369902,-0.29529205
TCGA-44-7670,LUAD,CCL5,-0.43629375,-0.733221
TCGA-44-7670,LUAD,CXCL9,-0.53944033,-0.33274287
TCGA-44-7670,LUAD,CD27,-0.28426975,-0.77406996
TCGA-44-7670,LUAD,CXCR6,-0.19971736,-0.7775542
TCGA-44-7670,LUAD,IDO1,-0.26336163,-0.84735346
TCGA-44-7670,LUAD,STAT1,-0.3963264,0.72689235
TCGA-44-7670,LUAD,CD274,-0.8159871,-0.43527794
TCGA-44-7670,LUAD,CD276,-0.9066259,0.4969291
TCGA-44-7670,LUAD,LAG3,-0.62539256,-0.479707
TCGA-44-7670,LUAD,PDCD1LG2,-0.57295007,-1.0035894
TCGA-44-7670,LUAD,TIGIT,-0.26923904,-0.6022826
TCGA-44-7670,LUAD,APM,-0.8403161,-0.4658675
TCGA-44-7670,LUAD,TIS,-0.858132,-0.6240153
TCGA-49-4501,LUAD,TMB,-0.6429747,-1.6239778
TCGA-49-4501,LUAD,PSMB5,-0.48918995,0.75353587
TCGA-49-4501,LUAD,PSMB6,-0.117205694,0.16605109
TCGA-49-4501,LUAD,PSMB7,-0.14048494,-0.2612392
TCGA-49-4501,LUAD,PSMB8,0.51708436,1.3670219
TCGA-49-4501,LUAD,PSMB9,0.23670086,0.8979516
TCGA-49-4501,LUAD,PSMB10,0.49973577,1.5224125
TCGA-49-4501,LUAD,TAP1,-0.30996615,0.28692746
TCGA-49-4501,LUAD,TAP2,-0.032491032,-0.63236564
TCGA-49-4501,LUAD,ERAP1,0.19670598,0.6270119
TCGA-49-4501,LUAD,ERAP2,0.33772022,1.1334183
TCGA-49-4501,LUAD,TAPBP,0.47869715,0.22868083
TCGA-49-4501,LUAD,CANX,0.2895861,1.6774
TCGA-49-4501,LUAD,CALR,-0.26891822,1.588456
TCGA-49-4501,LUAD,PDIA3,0.27360195,0.25047767
TCGA-49-4501,LUAD,B2M,0.4809931,1.126774
TCGA-49-4501,LUAD,HLA-A,0.7250033,1.2469417
TCGA-49-4501,LUAD,HLA-B,0.46885848,1.1789391
TCGA-49-4501,LUAD,HLA-C,0.52693856,1.6712939
TCGA-49-4501,LUAD,HLA-DQA1,0.7251237,0.32497486
TCGA-49-4501,LUAD,HLA-DRB1,0.9068373,1.2429423
TCGA-49-4501,LUAD,CMKLR1,0.14546382,0.4105544
TCGA-49-4501,LUAD,HLA-E,0.831318,1.2274125
TCGA-49-4501,LUAD,NKG7,-0.021321584,0.18690033
TCGA-49-4501,LUAD,CD8A,0.28804928,0.010618449
TCGA-49-4501,LUAD,CCL5,0.33020818,0.35056207
TCGA-49-4501,LUAD,CXCL9,-0.06639716,-0.0892503
TCGA-49-4501,LUAD,CD27,0.3515938,0.65917474
TCGA-49-4501,LUAD,CXCR6,0.21170291,0.10124819
TCGA-49-4501,LUAD,IDO1,-0.0696475,0.82414246
TCGA-49-4501,LUAD,STAT1,-0.22208829,-0.32011607
TCGA-49-4501,LUAD,CD274,-0.27521905,-0.3396878
TCGA-49-4501,LUAD,CD276,-0.53260124,-0.563903
TCGA-49-4501,LUAD,LAG3,-0.14882967,-0.98547244
TCGA-49-4501,LUAD,PDCD1LG2,-0.042587288,0.19323666
TCGA-49-4501,LUAD,TIGIT,0.27912182,0.25319672
TCGA-49-4501,LUAD,APM,0.40444428,1.3483188
TCGA-49-4501,LUAD,TIS,0.39730674,0.41406387
TCGA-67-3773,LUAD,TMB,-0.32562754,-0.8116695
TCGA-67-3773,LUAD,PSMB5,-0.36520618,0.9926036
TCGA-67-3773,LUAD,PSMB6,-0.3815584,-0.7012074
TCGA-67-3773,LUAD,PSMB7,-0.41573963,0.20663416
TCGA-67-3773,LUAD,PSMB8,0.5247262,2.3057203
TCGA-67-3773,LUAD,PSMB9,0.26696292,1.5874101
TCGA-67-3773,LUAD,PSMB10,0.59853506,1.2478243
TCGA-67-3773,LUAD,TAP1,-0.057743818,1.0611707
TCGA-67-3773,LUAD,TAP2,0.052646846,0.0058524013
TCGA-67-3773,LUAD,ERAP1,-0.042127162,0.25565627
TCGA-67-3773,LUAD,ERAP2,0.4621156,0.8626342
TCGA-67-3773,LUAD,TAPBP,0.1542783,0.45784277
TCGA-67-3773,LUAD,CANX,0.32806525,0.4203459
TCGA-67-3773,LUAD,CALR,-0.16843767,0.017955577
TCGA-67-3773,LUAD,PDIA3,-0.06676759,-0.56658137
TCGA-67-3773,LUAD,B2M,0.7841658,2.3358731
TCGA-67-3773,LUAD,HLA-A,0.63568985,1.4186094
TCGA-67-3773,LUAD,HLA-B,0.6672274,1.3974044
TCGA-67-3773,LUAD,HLA-C,0.76535463,1.4598864
TCGA-67-3773,LUAD,HLA-DQA1,0.77971095,1.5823026
TCGA-67-3773,LUAD,HLA-DRB1,1.0569046,1.7840279
TCGA-67-3773,LUAD,CMKLR1,0.55452996,0.6653402
TCGA-67-3773,LUAD,HLA-E,0.9019443,1.4850076
TCGA-67-3773,LUAD,NKG7,0.12731886,0.42995298
TCGA-67-3773,LUAD,CD8A,0.18076067,0.586845
TCGA-67-3773,LUAD,CCL5,0.2573262,0.51107275
TCGA-67-3773,LUAD,CXCL9,0.2115958,0.9661218
TCGA-67-3773,LUAD,CD27,0.5707056,0.3659994
TCGA-67-3773,LUAD,CXCR6,0.3584498,1.6248966
TCGA-67-3773,LUAD,IDO1,-0.04150182,0.33213833
TCGA-67-3773,LUAD,STAT1,-0.04457584,0.20455916
TCGA-67-3773,LUAD,CD274,-0.22252612,0.24988867
TCGA-67-3773,LUAD,CD276,-0.52017975,-0.36277485
TCGA-67-3773,LUAD,LAG3,0.117690064,-0.47176012
TCGA-67-3773,LUAD,PDCD1LG2,0.2346117,0.67101717
TCGA-67-3773,LUAD,TIGIT,0.13248718,-0.50654197
TCGA-67-3773,LUAD,APM,0.35710257,1.4809563
TCGA-67-3773,LUAD,TIS,0.4528512,0.9470134
TCGA-55-6986,LUAD,TMB,-0.7035464,-2.0499256
TCGA-55-6986,LUAD,PSMB5,-0.5812429,0.20208764
TCGA-55-6986,LUAD,PSMB6,-0.4361418,-0.30787668
TCGA-55-6986,LUAD,PSMB7,-0.40473843,-0.04342338
TCGA-55-6986,LUAD,PSMB8,-0.082253516,-0.5807026
TCGA-55-6986,LUAD,PSMB9,-0.26383933,-1.2750132
TCGA-55-6986,LUAD,PSMB10,0.001008667,-0.5841911
TCGA-55-6986,LUAD,TAP1,-0.5119964,-1.2953321
TCGA-55-6986,LUAD,TAP2,-0.37375563,-0.71029514
TCGA-55-6986,LUAD,ERAP1,0.14610642,0.084955744
TCGA-55-6986,LUAD,ERAP2,0.08133609,-1.1672306
TCGA-55-6986,LUAD,TAPBP,-0.020062393,-0.8940479
TCGA-55-6986,LUAD,CANX,0.33792847,1.3643118
TCGA-55-6986,LUAD,CALR,-0.37067714,0.6719635
TCGA-55-6986,LUAD,PDIA3,0.245688,0.64604914
TCGA-55-6986,LUAD,B2M,0.03519694,-0.7382785
TCGA-55-6986,LUAD,HLA-A,-0.024489362,-0.51989484
TCGA-55-6986,LUAD,HLA-B,0.24461386,-0.6568647
TCGA-55-6986,LUAD,HLA-C,0.030331174,-0.15100075
TCGA-55-6986,LUAD,HLA-DQA1,0.28620058,0.3792015
TCGA-55-6986,LUAD,HLA-DRB1,0.5467179,0.83316773
TCGA-55-6986,LUAD,CMKLR1,0.10941939,0.56017315
TCGA-55-6986,LUAD,HLA-E,0.19968636,0.49879923
TCGA-55-6986,LUAD,NKG7,-0.32300574,-0.66311044
TCGA-55-6986,LUAD,CD8A,-0.21571966,-0.46515802
TCGA-55-6986,LUAD,CCL5,-0.35363287,-0.47406146
TCGA-55-6986,LUAD,CXCL9,-0.47548667,-0.7342966
TCGA-55-6986,LUAD,CD27,-0.03953701,-0.32560065
TCGA-55-6986,LUAD,CXCR6,-0.089436516,-0.23873737
TCGA-55-6986,LUAD,IDO1,-0.29893163,-1.1101894
TCGA-55-6986,LUAD,STAT1,-0.33884197,-1.0520198
TCGA-55-6986,LUAD,CD274,-0.41211224,-0.40521693
TCGA-55-6986,LUAD,CD276,-0.62998855,-0.38686606
TCGA-55-6986,LUAD,LAG3,-0.57316244,-1.1729828
TCGA-55-6986,LUAD,PDCD1LG2,-0.43726557,-0.8489427
TCGA-55-6986,LUAD,TIGIT,-0.21644619,-0.79965544
TCGA-55-6986,LUAD,APM,-0.17136204,-0.7274261
TCGA-55-6986,LUAD,TIS,-0.21512465,-0.47191092
TCGA-97-8179,LUAD,TMB,-0.6969128,-0.29324454
TCGA-97-8179,LUAD,PSMB5,-0.85333997,0.39363623
TCGA-97-8179,LUAD,PSMB6,-0.8630762,0.4885389
TCGA-97-8179,LUAD,PSMB7,-0.7401519,-0.83299017
TCGA-97-8179,LUAD,PSMB8,-0.28596282,0.07716423
TCGA-97-8179,LUAD,PSMB9,-0.31550175,-0.5333567
TCGA-97-8179,LUAD,PSMB10,0.088662684,-0.040571786
TCGA-97-8179,LUAD,TAP1,-0.5459884,-0.4908385
TCGA-97-8179,LUAD,TAP2,-0.21107209,-1.0364031
TCGA-97-8179,LUAD,ERAP1,0.34222978,-1.2236699
TCGA-97-8179,LUAD,ERAP2,0.28569514,0.037746515
TCGA-97-8179,LUAD,TAPBP,-0.11731398,0.57031995
TCGA-97-8179,LUAD,CANX,-0.015562825,0.2150655
TCGA-97-8179,LUAD,CALR,-0.9901471,-0.26333168
TCGA-97-8179,LUAD,PDIA3,-0.07987256,0.21854334
TCGA-97-8179,LUAD,B2M,0.1678733,-0.63018644
TCGA-97-8179,LUAD,HLA-A,0.1715521,0.74346864
TCGA-97-8179,LUAD,HLA-B,0.15999116,-0.04843201
TCGA-97-8179,LUAD,HLA-C,0.030526161,0.04329119
TCGA-97-8179,LUAD,HLA-DQA1,0.4831067,-0.58433837
TCGA-97-8179,LUAD,HLA-DRB1,0.5646745,0.017900178
TCGA-97-8179,LUAD,CMKLR1,0.31522903,0.22207263
TCGA-97-8179,LUAD,HLA-E,0.2553174,-0.13238746
TCGA-97-8179,LUAD,NKG7,-0.18212071,-1.0398934
TCGA-97-8179,LUAD,CD8A,-0.07858447,-0.77285343
TCGA-97-8179,LUAD,CCL5,-0.34471148,-1.0058657
TCGA-97-8179,LUAD,CXCL9,-0.2811656,-0.5349169
TCGA-97-8179,LUAD,CD27,0.18125956,-1.1508027
TCGA-97-8179,LUAD,CXCR6,0.054281823,-0.63607985
TCGA-97-8179,LUAD,IDO1,-0.37907547,-0.5589864
TCGA-97-8179,LUAD,STAT1,-0.29325852,-0.6492375
TCGA-97-8179,LUAD,CD274,-0.48081174,-0.64682883
TCGA-97-8179,LUAD,CD276,-1.1287233,-1.2453264
TCGA-97-8179,LUAD,LAG3,-0.13552587,-0.86987716
TCGA-97-8179,LUAD,PDCD1LG2,-0.35288137,-0.8856612
TCGA-97-8179,LUAD,TIGIT,0.17405006,-0.960245
TCGA-97-8179,LUAD,APM,-0.19540036,-0.15149532
TCGA-97-8179,LUAD,TIS,-0.1263698,-1.0002012
TCGA-55-A48Y,LUAD,TMB,-0.031134497,0.6053963
TCGA-55-A48Y,LUAD,PSMB5,-0.068246916,0.6871451
TCGA-55-A48Y,LUAD,PSMB6,-0.049362678,-1.2345407
TCGA-55-A48Y,LUAD,PSMB7,-0.4173336,-0.7120366
TCGA-55-A48Y,LUAD,PSMB8,-0.29602805,-1.6780066
TCGA-55-A48Y,LUAD,PSMB9,-0.51010656,-1.1804358
TCGA-55-A48Y,LUAD,PSMB10,-0.32782754,-0.70014256
TCGA-55-A48Y,LUAD,TAP1,-0.59642303,-0.8395196
TCGA-55-A48Y,LUAD,TAP2,-0.57485896,-1.3839253
TCGA-55-A48Y,LUAD,ERAP1,-0.32306927,-0.5950955
TCGA-55-A48Y,LUAD,ERAP2,0.061198093,0.1558817
TCGA-55-A48Y,LUAD,TAPBP,-0.017725183,-0.45995313
TCGA-55-A48Y,LUAD,CANX,0.29508695,0.09140964
TCGA-55-A48Y,LUAD,CALR,0.30808884,1.2467703
TCGA-55-A48Y,LUAD,PDIA3,0.6643468,1.9684669
TCGA-55-A48Y,LUAD,B2M,-0.32464176,-0.33900526
TCGA-55-A48Y,LUAD,HLA-A,-0.24539408,-0.8975989
TCGA-55-A48Y,LUAD,HLA-B,-0.3457815,-0.61435974
TCGA-55-A48Y,LUAD,HLA-C,-0.32447055,-0.574727
TCGA-55-A48Y,LUAD,HLA-DQA1,-0.359181,-0.16884881
TCGA-55-A48Y,LUAD,HLA-DRB1,-0.2705149,-0.43844825
TCGA-55-A48Y,LUAD,CMKLR1,-0.19935758,0.23621087
TCGA-55-A48Y,LUAD,HLA-E,-0.30094957,-1.202248
TCGA-55-A48Y,LUAD,NKG7,-0.36945006,0.0043996493
TCGA-55-A48Y,LUAD,CD8A,-0.5135511,-0.5785707
TCGA-55-A48Y,LUAD,CCL5,-0.6109482,-0.4041577
TCGA-55-A48Y,LUAD,CXCL9,-0.7099269,-0.077676915
TCGA-55-A48Y,LUAD,CD27,-0.0864616,0.4410647
TCGA-55-A48Y,LUAD,CXCR6,-0.38700554,0.30875024
TCGA-55-A48Y,LUAD,IDO1,-0.30066147,-0.6903961
TCGA-55-A48Y,LUAD,STAT1,-0.4318807,0.69541115
TCGA-55-A48Y,LUAD,CD274,-0.73943293,-0.8438581
TCGA-55-A48Y,LUAD,CD276,-0.38821214,1.7057065
TCGA-55-A48Y,LUAD,LAG3,-0.41107392,-0.7217086
TCGA-55-A48Y,LUAD,PDCD1LG2,-0.60699403,-0.12722151
TCGA-55-A48Y,LUAD,TIGIT,-0.36811313,0.087749355
TCGA-55-A48Y,LUAD,APM,-0.3967699,-0.7166077
TCGA-55-A48Y,LUAD,TIS,-0.51516616,-0.10486214
TCGA-50-5931,LUAD,TMB,0.3373805,0.42601788
TCGA-50-5931,LUAD,PSMB5,0.3300218,-0.88176054
TCGA-50-5931,LUAD,PSMB6,0.06587808,-0.5823235
TCGA-50-5931,LUAD,PSMB7,0.06926893,0.6268152
TCGA-50-5931,LUAD,PSMB8,-0.32098964,-0.34450352
TCGA-50-5931,LUAD,PSMB9,-0.24149613,-1.0101379
TCGA-50-5931,LUAD,PSMB10,-0.2188828,-0.5756309
TCGA-50-5931,LUAD,TAP1,-0.31855497,-1.2222749
TCGA-50-5931,LUAD,TAP2,-0.16973731,-0.75162876
TCGA-50-5931,LUAD,ERAP1,-0.3281241,-0.6113071
TCGA-50-5931,LUAD,ERAP2,0.14134036,0.8968681
TCGA-50-5931,LUAD,TAPBP,-0.4708066,-0.41782132
TCGA-50-5931,LUAD,CANX,0.21430835,1.3075309
TCGA-50-5931,LUAD,CALR,-0.16473575,-1.6861714
TCGA-50-5931,LUAD,PDIA3,-0.12129389,0.086782135
TCGA-50-5931,LUAD,B2M,-0.28000432,-1.2962795
TCGA-50-5931,LUAD,HLA-A,-0.25337106,-0.514487
TCGA-50-5931,LUAD,HLA-B,-0.37997168,-0.56741124
TCGA-50-5931,LUAD,HLA-C,-0.31984168,-0.48163608
TCGA-50-5931,LUAD,HLA-DQA1,-0.25085667,-1.9158027
TCGA-50-5931,LUAD,HLA-DRB1,-0.4487474,-1.9995607
TCGA-50-5931,LUAD,CMKLR1,-0.18472579,-1.4564973
TCGA-50-5931,LUAD,HLA-E,-0.48391065,-1.4624555
TCGA-50-5931,LUAD,NKG7,-0.091699146,-1.5995588
TCGA-50-5931,LUAD,CD8A,-0.014212405,-1.2772406
TCGA-50-5931,LUAD,CCL5,-0.24743107,-1.5170119
TCGA-50-5931,LUAD,CXCL9,0.05950482,-1.2607338
TCGA-50-5931,LUAD,CD27,-0.061606247,-1.1930548
TCGA-50-5931,LUAD,CXCR6,-0.1902526,-1.4466777
TCGA-50-5931,LUAD,IDO1,-0.26914525,1.2574351
TCGA-50-5931,LUAD,STAT1,-0.060849566,-1.5811791
TCGA-50-5931,LUAD,CD274,-0.5273377,-1.4055943
TCGA-50-5931,LUAD,CD276,-0.24291906,0.4648657
TCGA-50-5931,LUAD,LAG3,0.12247572,-1.0493255
TCGA-50-5931,LUAD,PDCD1LG2,-0.261387,-1.496871
TCGA-50-5931,LUAD,TIGIT,-0.44219095,-1.1102306
TCGA-50-5931,LUAD,APM,-0.3109583,-0.67692924
TCGA-50-5931,LUAD,TIS,-0.4629949,-1.4680868
TCGA-78-8662,LUAD,TMB,0.14958829,2.1759286
TCGA-78-8662,LUAD,PSMB5,-0.1683055,0.90300846
TCGA-78-8662,LUAD,PSMB6,-0.13241091,1.7216266
TCGA-78-8662,LUAD,PSMB7,-0.25916657,0.14187239
TCGA-78-8662,LUAD,PSMB8,-0.13854119,-3.0660007
TCGA-78-8662,LUAD,PSMB9,-0.1464534,-1.9810573
TCGA-78-8662,LUAD,PSMB10,0.01273341,-1.4079628
TCGA-78-8662,LUAD,TAP1,-0.38026667,-2.6725683
TCGA-78-8662,LUAD,TAP2,-0.29740787,-2.6206896
TCGA-78-8662,LUAD,ERAP1,-0.35650796,-2.7498128
TCGA-78-8662,LUAD,ERAP2,0.16038269,-1.1204119
TCGA-78-8662,LUAD,TAPBP,0.19548048,-0.8341262
TCGA-78-8662,LUAD,CANX,0.078929916,-1.1220713
TCGA-78-8662,LUAD,CALR,-0.056771506,1.8594998
TCGA-78-8662,LUAD,PDIA3,0.13554095,0.9603783
TCGA-78-8662,LUAD,B2M,-0.2730057,-1.2702138
TCGA-78-8662,LUAD,HLA-A,0.0962483,-2.6449711
TCGA-78-8662,LUAD,HLA-B,-0.04996242,-2.0669796
TCGA-78-8662,LUAD,HLA-C,0.041633885,-2.8039908
TCGA-78-8662,LUAD,HLA-DQA1,0.16577983,-1.412068
TCGA-78-8662,LUAD,HLA-DRB1,0.09501557,-1.3565739
TCGA-78-8662,LUAD,CMKLR1,-0.09637907,-1.083455
TCGA-78-8662,LUAD,HLA-E,-0.025331121,-1.3037678
TCGA-78-8662,LUAD,NKG7,-0.08710267,-0.84159106
TCGA-78-8662,LUAD,CD8A,-0.2858608,-0.9165487
TCGA-78-8662,LUAD,CCL5,-0.17339155,-0.9496123
TCGA-78-8662,LUAD,CXCL9,-0.067249514,-0.48381504
TCGA-78-8662,LUAD,CD27,0.058959305,-1.3856678
TCGA-78-8662,LUAD,CXCR6,-0.055939864,-1.1007445
TCGA-78-8662,LUAD,IDO1,-0.29350102,-0.8440735
TCGA-78-8662,LUAD,STAT1,-0.1949486,-2.5597293
TCGA-78-8662,LUAD,CD274,-0.46726203,-1.266436
TCGA-78-8662,LUAD,CD276,-0.43138748,-0.6511098
TCGA-78-8662,LUAD,LAG3,-0.038997564,-1.2781641
TCGA-78-8662,LUAD,PDCD1LG2,-0.42460194,-1.4859048
TCGA-78-8662,LUAD,TIGIT,-0.23038319,-1.3782465
TCGA-78-8662,LUAD,APM,-0.03990786,-2.3960257
TCGA-78-8662,LUAD,TIS,-0.35944057,-2.10692
TCGA-44-5643,LUAD,TMB,-0.2817208,-0.6039852
TCGA-44-5643,LUAD,PSMB5,-0.24041066,-0.52327526
TCGA-44-5643,LUAD,PSMB6,-0.51312345,-0.40627816
TCGA-44-5643,LUAD,PSMB7,-0.3304085,1.324135
TCGA-44-5643,LUAD,PSMB8,0.2269762,-0.8652021
TCGA-44-5643,LUAD,PSMB9,0.32393354,0.06245648
TCGA-44-5643,LUAD,PSMB10,-0.1168053,0.28275374
TCGA-44-5643,LUAD,TAP1,0.16558245,-0.11439011
TCGA-44-5643,LUAD,TAP2,0.05482308,-0.3067096
TCGA-44-5643,LUAD,ERAP1,0.42330724,0.21384072
TCGA-44-5643,LUAD,ERAP2,0.36229616,-1.0114981
TCGA-44-5643,LUAD,TAPBP,-0.13999332,-0.15136556
TCGA-44-5643,LUAD,CANX,0.46646887,-0.24611787
TCGA-44-5643,LUAD,CALR,-0.40815696,0.43461016
TCGA-44-5643,LUAD,PDIA3,-0.19009241,0.18401393
TCGA-44-5643,LUAD,B2M,0.5015581,-0.47734436
TCGA-44-5643,LUAD,HLA-A,0.16799082,-1.5800916
TCGA-44-5643,LUAD,HLA-B,0.13028552,-0.9968987
TCGA-44-5643,LUAD,HLA-C,-0.023392105,-1.3322685
TCGA-44-5643,LUAD,HLA-DQA1,0.43301648,0.17152342
TCGA-44-5643,LUAD,HLA-DRB1,0.30487138,-0.2084865
TCGA-44-5643,LUAD,CMKLR1,0.2520892,-0.10110391
TCGA-44-5643,LUAD,HLA-E,-0.11247067,-1.1573492
TCGA-44-5643,LUAD,NKG7,0.09773113,0.23127544
TCGA-44-5643,LUAD,CD8A,0.17366457,0.2327354
TCGA-44-5643,LUAD,CCL5,0.058003258,0.21513684
TCGA-44-5643,LUAD,CXCL9,-0.08730587,0.5441454
TCGA-44-5643,LUAD,CD27,0.061409317,0.2650636
TCGA-44-5643,LUAD,CXCR6,0.4109115,0.28277755
TCGA-44-5643,LUAD,IDO1,0.042471405,-0.4295373
TCGA-44-5643,LUAD,STAT1,0.64236057,0.6497513
TCGA-44-5643,LUAD,CD274,0.16883975,-0.90291595
TCGA-44-5643,LUAD,CD276,-0.7325182,0.8810033
TCGA-44-5643,LUAD,LAG3,0.033048213,0.4851731
TCGA-44-5643,LUAD,PDCD1LG2,0.17585996,-0.8081777
TCGA-44-5643,LUAD,TIGIT,0.20647924,0.62932867
TCGA-44-5643,LUAD,APM,0.06548029,-0.6459594
TCGA-44-5643,LUAD,TIS,0.23174231,0.050762754
TCGA-55-8299,LUAD,TMB,0.19622394,-0.22884555
TCGA-55-8299,LUAD,PSMB5,-0.099119686,-0.47852713
TCGA-55-8299,LUAD,PSMB6,-0.1035684,-0.25536785
TCGA-55-8299,LUAD,PSMB7,-0.19189331,-0.35697958
TCGA-55-8299,LUAD,PSMB8,0.87833804,0.99916667
TCGA-55-8299,LUAD,PSMB9,0.8834444,1.065647
TCGA-55-8299,LUAD,PSMB10,1.0216331,1.5806751
TCGA-55-8299,LUAD,TAP1,0.54393893,1.3392239
TCGA-55-8299,LUAD,TAP2,0.91801804,1.6036533
TCGA-55-8299,LUAD,ERAP1,0.34735164,1.863223
TCGA-55-8299,LUAD,ERAP2,0.46456456,1.3995029
TCGA-55-8299,LUAD,TAPBP,0.49600515,0.9836194
TCGA-55-8299,LUAD,CANX,0.26426724,1.3097323
TCGA-55-8299,LUAD,CALR,-0.051021732,-0.27934644
TCGA-55-8299,LUAD,PDIA3,-0.13223739,0.56722593
TCGA-55-8299,LUAD,B2M,0.8482498,1.1833297
TCGA-55-8299,LUAD,HLA-A,0.9135415,1.1289446
TCGA-55-8299,LUAD,HLA-B,0.9969015,1.0704457
TCGA-55-8299,LUAD,HLA-C,0.95154953,1.1111352
TCGA-55-8299,LUAD,HLA-DQA1,0.75054514,0.97538173
TCGA-55-8299,LUAD,HLA-DRB1,0.9113267,1.0337247
TCGA-55-8299,LUAD,CMKLR1,0.7844831,1.6645179
TCGA-55-8299,LUAD,HLA-E,0.8845258,1.2645102
TCGA-55-8299,LUAD,NKG7,0.8649316,2.1142647
TCGA-55-8299,LUAD,CD8A,0.6040105,1.935983
TCGA-55-8299,LUAD,CCL5,0.6417109,1.9014914
TCGA-55-8299,LUAD,CXCL9,0.63446283,1.0649905
TCGA-55-8299,LUAD,CD27,0.47282973,0.61047363
TCGA-55-8299,LUAD,CXCR6,0.68522245,1.8829776
TCGA-55-8299,LUAD,IDO1,0.73480207,1.9475516
TCGA-55-8299,LUAD,STAT1,0.7620215,1.1949239
TCGA-55-8299,LUAD,CD274,0.6176099,0.767019
TCGA-55-8299,LUAD,CD276,-0.26526317,0.08384619
TCGA-55-8299,LUAD,LAG3,0.6440627,1.5788007
TCGA-55-8299,LUAD,PDCD1LG2,0.6365074,0.9402862
TCGA-55-8299,LUAD,TIGIT,0.83593863,1.8033863
TCGA-55-8299,LUAD,APM,0.81174076,1.4902937
TCGA-55-8299,LUAD,TIS,1.0235432,1.6371938
TCGA-55-6987,LUAD,TMB,0.4918232,-0.26068923
TCGA-55-6987,LUAD,PSMB5,-0.40122885,0.0988837
TCGA-55-6987,LUAD,PSMB6,0.080176905,-0.58721256
TCGA-55-6987,LUAD,PSMB7,-0.12799342,0.84985155
TCGA-55-6987,LUAD,PSMB8,1.0426369,0.82623243
TCGA-55-6987,LUAD,PSMB9,1.1382408,1.369507
TCGA-55-6987,LUAD,PSMB10,1.1479552,1.0206635
TCGA-55-6987,LUAD,TAP1,1.1210502,1.4058263
TCGA-55-6987,LUAD,TAP2,1.1465815,1.8741118
TCGA-55-6987,LUAD,ERAP1,0.9036459,0.9647779
TCGA-55-6987,LUAD,ERAP2,0.34722117,1.802797
TCGA-55-6987,LUAD,TAPBP,0.8719717,1.2714584
TCGA-55-6987,LUAD,CANX,0.39023596,2.71206
TCGA-55-6987,LUAD,CALR,0.28448552,-0.122461386
TCGA-55-6987,LUAD,PDIA3,0.30402473,-0.16087495
TCGA-55-6987,LUAD,B2M,1.1107845,0.93034947
TCGA-55-6987,LUAD,HLA-A,1.0832253,0.67354393
TCGA-55-6987,LUAD,HLA-B,1.1194257,1.2522907
TCGA-55-6987,LUAD,HLA-C,1.1752945,1.1609656
TCGA-55-6987,LUAD,HLA-DQA1,1.0192634,1.2659882
TCGA-55-6987,LUAD,HLA-DRB1,0.9925321,1.1309046
TCGA-55-6987,LUAD,CMKLR1,1.4419967,1.8534838
TCGA-55-6987,LUAD,HLA-E,1.0205292,0.9946975
TCGA-55-6987,LUAD,NKG7,1.4391415,2.4359903
TCGA-55-6987,LUAD,CD8A,1.5245211,2.2489414
TCGA-55-6987,LUAD,CCL5,1.3497624,1.9377602
TCGA-55-6987,LUAD,CXCL9,1.3248442,1.2792041
TCGA-55-6987,LUAD,CD27,1.2518132,1.7918406
TCGA-55-6987,LUAD,CXCR6,1.3405803,2.2636142
TCGA-55-6987,LUAD,IDO1,0.820289,2.12743
TCGA-55-6987,LUAD,STAT1,1.2805551,1.4349774
TCGA-55-6987,LUAD,CD274,0.6049298,1.102906
TCGA-55-6987,LUAD,CD276,-0.6113599,-1.488871
TCGA-55-6987,LUAD,LAG3,1.4480668,2.0808737
TCGA-55-6987,LUAD,PDCD1LG2,1.1550066,1.2026981
TCGA-55-6987,LUAD,TIGIT,1.4207716,1.726008
TCGA-55-6987,LUAD,APM,1.1729335,1.5702059
TCGA-55-6987,LUAD,TIS,1.4199181,1.8554437
TCGA-93-A4JP,LUAD,TMB,-0.15287474,-0.83535767
TCGA-93-A4JP,LUAD,PSMB5,-0.13500652,-0.63596
TCGA-93-A4JP,LUAD,PSMB6,-0.09001357,-0.770883
TCGA-93-A4JP,LUAD,PSMB7,-0.37299803,-1.1208891
TCGA-93-A4JP,LUAD,PSMB8,-0.5299593,0.6807759
TCGA-93-A4JP,LUAD,PSMB9,-0.5793828,0.2701055
TCGA-93-A4JP,LUAD,PSMB10,-0.2808879,0.004677158
TCGA-93-A4JP,LUAD,TAP1,-0.7904991,0.5609891
TCGA-93-A4JP,LUAD,TAP2,-0.8094387,0.43079606
TCGA-93-A4JP,LUAD,ERAP1,-0.72023785,0.33052593
TCGA-93-A4JP,LUAD,ERAP2,-0.32545766,0.57874036
TCGA-93-A4JP,LUAD,TAPBP,-0.13290052,1.247283
TCGA-93-A4JP,LUAD,CANX,-0.006115964,-0.026909493
TCGA-93-A4JP,LUAD,CALR,0.04095326,-1.014081
TCGA-93-A4JP,LUAD,PDIA3,0.16466096,-0.76377887
TCGA-93-A4JP,LUAD,B2M,-0.5851192,0.642482
TCGA-93-A4JP,LUAD,HLA-A,-0.36058503,0.891811
TCGA-93-A4JP,LUAD,HLA-B,-0.5642241,1.3109438
TCGA-93-A4JP,LUAD,HLA-C,-0.5287749,1.0786171
TCGA-93-A4JP,LUAD,HLA-DQA1,-0.33255824,1.6529095
TCGA-93-A4JP,LUAD,HLA-DRB1,-0.36098656,1.5778224
TCGA-93-A4JP,LUAD,CMKLR1,-0.50186336,1.5365995
TCGA-93-A4JP,LUAD,HLA-E,-0.64089406,1.3611618
TCGA-93-A4JP,LUAD,NKG7,-0.58421695,-0.44731238
TCGA-93-A4JP,LUAD,CD8A,-0.8125638,-0.63614815
TCGA-93-A4JP,LUAD,CCL5,-0.8152925,0.5856117
TCGA-93-A4JP,LUAD,CXCL9,-0.8534629,-0.068425015
TCGA-93-A4JP,LUAD,CD27,-0.31942055,-1.1069231
TCGA-93-A4JP,LUAD,CXCR6,-0.64057213,-1.0419508
TCGA-93-A4JP,LUAD,IDO1,-0.35806617,1.4961576
TCGA-93-A4JP,LUAD,STAT1,-0.7116154,-0.4748095
TCGA-93-A4JP,LUAD,CD274,-0.7470099,0.07717023
TCGA-93-A4JP,LUAD,CD276,-0.3350127,-1.2120862
TCGA-93-A4JP,LUAD,LAG3,-0.31168008,-0.53957856
TCGA-93-A4JP,LUAD,PDCD1LG2,-0.79701525,0.42626482
TCGA-93-A4JP,LUAD,TIGIT,-0.6967958,-0.84152806
TCGA-93-A4JP,LUAD,APM,-0.6420619,0.58497703
TCGA-93-A4JP,LUAD,TIS,-0.8288248,0.5196963
TCGA-50-5066,LUAD,TMB,0.20538016,0.66628593
TCGA-50-5066,LUAD,PSMB5,-0.3088042,1.8058108
TCGA-50-5066,LUAD,PSMB6,0.11653566,2.035301
TCGA-50-5066,LUAD,PSMB7,0.20576496,1.5105835
TCGA-50-5066,LUAD,PSMB8,0.9002137,2.5665176
TCGA-50-5066,LUAD,PSMB9,0.9001773,2.2628593
TCGA-50-5066,LUAD,PSMB10,0.8863975,1.8514065
TCGA-50-5066,LUAD,TAP1,0.67649746,1.0646425
TCGA-50-5066,LUAD,TAP2,1.0514452,-0.66090167
TCGA-50-5066,LUAD,ERAP1,0.06705545,-0.45313025
TCGA-50-5066,LUAD,ERAP2,0.4681205,-0.5896396
TCGA-50-5066,LUAD,TAPBP,0.58870953,-1.792651
TCGA-50-5066,LUAD,CANX,0.3030727,-0.44574207
TCGA-50-5066,LUAD,CALR,0.1299776,-0.92896336
TCGA-50-5066,LUAD,PDIA3,-0.29962784,-1.7275407
TCGA-50-5066,LUAD,B2M,0.8959011,2.4753726
TCGA-50-5066,LUAD,HLA-A,1.0885527,1.026613
TCGA-50-5066,LUAD,HLA-B,1.07151,1.1031822
TCGA-50-5066,LUAD,HLA-C,0.72442067,0.9904662
TCGA-50-5066,LUAD,HLA-DQA1,0.6420008,0.50542957
TCGA-50-5066,LUAD,HLA-DRB1,0.49891806,0.4079969
TCGA-50-5066,LUAD,CMKLR1,0.892845,0.7501755
TCGA-50-5066,LUAD,HLA-E,0.6241385,1.1177552
TCGA-50-5066,LUAD,NKG7,1.0101513,2.2928004
TCGA-50-5066,LUAD,CD8A,0.7396388,1.9208397
TCGA-50-5066,LUAD,CCL5,0.6918079,1.5755274
TCGA-50-5066,LUAD,CXCL9,0.8052807,1.453596
TCGA-50-5066,LUAD,CD27,0.21793132,1.4662149
TCGA-50-5066,LUAD,CXCR6,0.370847,2.6082244
TCGA-50-5066,LUAD,IDO1,0.9119867,0.24640886
TCGA-50-5066,LUAD,STAT1,0.87682533,1.1169093
TCGA-50-5066,LUAD,CD274,0.6803795,0.1518858
TCGA-50-5066,LUAD,CD276,-0.09101258,-1.6288425
TCGA-50-5066,LUAD,LAG3,0.6215693,0.55681175
TCGA-50-5066,LUAD,PDCD1LG2,0.9127116,2.2821639
TCGA-50-5066,LUAD,TIGIT,0.788803,0.5166139
TCGA-50-5066,LUAD,APM,0.82030743,1.200075
TCGA-50-5066,LUAD,TIS,0.84075373,1.4809996
TCGA-97-A4M6,LUAD,TMB,-0.6249645,-1.8451272
TCGA-97-A4M6,LUAD,PSMB5,-0.9251768,-0.5928952
TCGA-97-A4M6,LUAD,PSMB6,-0.71049345,-1.1280677
TCGA-97-A4M6,LUAD,PSMB7,-0.41503936,-1.4445269
TCGA-97-A4M6,LUAD,PSMB8,0.43387812,0.8786725
TCGA-97-A4M6,LUAD,PSMB9,0.30078188,0.55492896
TCGA-97-A4M6,LUAD,PSMB10,0.6550232,1.1989837
TCGA-97-A4M6,LUAD,TAP1,0.12311027,0.33792493
TCGA-97-A4M6,LUAD,TAP2,0.14296676,-0.214841
TCGA-97-A4M6,LUAD,ERAP1,0.35937497,0.695545
TCGA-97-A4M6,LUAD,ERAP2,0.43576917,-0.48477575
TCGA-97-A4M6,LUAD,TAPBP,0.39515048,1.0611126
TCGA-97-A4M6,LUAD,CANX,0.18459563,0.19678982
TCGA-97-A4M6,LUAD,CALR,-0.87318814,-2.1304822
TCGA-97-A4M6,LUAD,PDIA3,-0.5882312,-0.10367251
TCGA-97-A4M6,LUAD,B2M,0.3666771,0.954115
TCGA-97-A4M6,LUAD,HLA-A,0.6100778,1.2109759
TCGA-97-A4M6,LUAD,HLA-B,0.86312973,1.3529936
TCGA-97-A4M6,LUAD,HLA-C,0.57187396,0.6621556
TCGA-97-A4M6,LUAD,HLA-DQA1,1.1894808,1.5267726
TCGA-97-A4M6,LUAD,HLA-DRB1,1.0673757,1.5132143
TCGA-97-A4M6,LUAD,CMKLR1,0.45289984,0.07785201
TCGA-97-A4M6,LUAD,HLA-E,0.97850055,1.7874151
TCGA-97-A4M6,LUAD,NKG7,0.037611205,0.23649217
TCGA-97-A4M6,LUAD,CD8A,0.347619,-0.10194786
TCGA-97-A4M6,LUAD,CCL5,0.29811913,0.3406715
TCGA-97-A4M6,LUAD,CXCL9,0.2808822,0.6614354
TCGA-97-A4M6,LUAD,CD27,0.5227161,0.50410146
TCGA-97-A4M6,LUAD,CXCR6,0.48344406,0.025540512
TCGA-97-A4M6,LUAD,IDO1,0.12489828,2.43173
TCGA-97-A4M6,LUAD,STAT1,-0.048032917,0.3483968
TCGA-97-A4M6,LUAD,CD274,0.1869817,0.05001099
TCGA-97-A4M6,LUAD,CD276,-0.74572426,-0.6886052
TCGA-97-A4M6,LUAD,LAG3,0.2587133,1.3103458
TCGA-97-A4M6,LUAD,PDCD1LG2,0.06084349,-0.02167601
TCGA-97-A4M6,LUAD,TIGIT,0.5550729,0.9711579
TCGA-97-A4M6,LUAD,APM,0.34058306,0.5233093
TCGA-97-A4M6,LUAD,TIS,0.5403782,1.0516567
TCGA-55-A48X,LUAD,TMB,-0.21455967,0.65774167
TCGA-55-A48X,LUAD,PSMB5,-0.64425355,-1.7306516
TCGA-55-A48X,LUAD,PSMB6,-0.5633831,-0.7733905
TCGA-55-A48X,LUAD,PSMB7,-0.6541583,-0.18047978
TCGA-55-A48X,LUAD,PSMB8,-0.123583,0.8688077
TCGA-55-A48X,LUAD,PSMB9,0.06273017,0.3893047
TCGA-55-A48X,LUAD,PSMB10,0.04140546,0.51192665
TCGA-55-A48X,LUAD,TAP1,-0.15836637,0.30756158
TCGA-55-A48X,LUAD,TAP2,-0.10283451,0.46922126
TCGA-55-A48X,LUAD,ERAP1,-0.1042454,0.89054996
TCGA-55-A48X,LUAD,ERAP2,0.21844539,1.4795456
TCGA-55-A48X,LUAD,TAPBP,0.10710807,1.1490078
TCGA-55-A48X,LUAD,CANX,-0.13670468,-0.19178107
TCGA-55-A48X,LUAD,CALR,-0.3505499,-0.34683204
TCGA-55-A48X,LUAD,PDIA3,-0.16215613,-0.7657262
TCGA-55-A48X,LUAD,B2M,-0.08916942,-0.47706777
TCGA-55-A48X,LUAD,HLA-A,0.050507672,1.3261458
TCGA-55-A48X,LUAD,HLA-B,0.21040995,0.9913233
TCGA-55-A48X,LUAD,HLA-C,0.14930983,1.3318697
TCGA-55-A48X,LUAD,HLA-DQA1,0.44883242,0.25157586
TCGA-55-A48X,LUAD,HLA-DRB1,0.50191784,0.47169
TCGA-55-A48X,LUAD,CMKLR1,0.3853976,0.15946364
TCGA-55-A48X,LUAD,HLA-E,0.35817504,1.1839066
TCGA-55-A48X,LUAD,NKG7,-0.05942433,0.46804252
TCGA-55-A48X,LUAD,CD8A,-0.046579763,0.4869052
TCGA-55-A48X,LUAD,CCL5,-0.07644781,0.5329865
TCGA-55-A48X,LUAD,CXCL9,-0.17465255,0.44728944
TCGA-55-A48X,LUAD,CD27,0.36570847,1.5464368
TCGA-55-A48X,LUAD,CXCR6,0.06615757,0.49195856
TCGA-55-A48X,LUAD,IDO1,-0.06868614,-0.5788543
TCGA-55-A48X,LUAD,STAT1,-0.26462048,0.121606864
TCGA-55-A48X,LUAD,CD274,-0.2961091,-0.1411366
TCGA-55-A48X,LUAD,CD276,-0.7277095,-0.36747846
TCGA-55-A48X,LUAD,LAG3,-0.07435327,-0.0785409
TCGA-55-A48X,LUAD,PDCD1LG2,-0.19522479,-0.16432892
TCGA-55-A48X,LUAD,TIGIT,0.1799969,0.8979061
TCGA-55-A48X,LUAD,APM,-0.07543893,0.71978664
TCGA-55-A48X,LUAD,TIS,-0.11064762,0.4150684
TCGA-44-6774,LUAD,TMB,0.35072997,0.32730275
TCGA-44-6774,LUAD,PSMB5,0.12296798,-0.70300305
TCGA-44-6774,LUAD,PSMB6,-0.31444192,-0.22572514
TCGA-44-6774,LUAD,PSMB7,-0.38572735,-1.1986383
TCGA-44-6774,LUAD,PSMB8,-0.64061785,-0.5867059
TCGA-44-6774,LUAD,PSMB9,-0.6939417,-0.51939565
TCGA-44-6774,LUAD,PSMB10,-0.8460077,-0.23857825
TCGA-44-6774,LUAD,TAP1,-0.7683595,-0.23167014
TCGA-44-6774,LUAD,TAP2,-0.69528604,0.054356076
TCGA-44-6774,LUAD,ERAP1,-0.3456833,0.68745685
TCGA-44-6774,LUAD,ERAP2,-0.020979717,0.54232246
TCGA-44-6774,LUAD,TAPBP,-0.62820977,0.5005363
TCGA-44-6774,LUAD,CANX,0.46194848,0.965749
TCGA-44-6774,LUAD,CALR,-0.022994274,0.362881
TCGA-44-6774,LUAD,PDIA3,0.19581851,0.70769936
TCGA-44-6774,LUAD,B2M,-0.60235673,-0.11546714
TCGA-44-6774,LUAD,HLA-A,-0.683214,-0.33202833
TCGA-44-6774,LUAD,HLA-B,-0.9900116,-0.28069243
TCGA-44-6774,LUAD,HLA-C,-0.8075818,0.12172768
TCGA-44-6774,LUAD,HLA-DQA1,-0.45907718,0.055341773
TCGA-44-6774,LUAD,HLA-DRB1,-0.81297934,-0.037126467
TCGA-44-6774,LUAD,CMKLR1,-0.3541063,1.3410348
TCGA-44-6774,LUAD,HLA-E,-1.2641145,-0.029565694
TCGA-44-6774,LUAD,NKG7,-0.4933392,-0.9066396
TCGA-44-6774,LUAD,CD8A,-0.57631946,-0.75552154
TCGA-44-6774,LUAD,CCL5,-0.4238966,-0.5879834
TCGA-44-6774,LUAD,CXCL9,-0.5507598,-0.3376288
TCGA-44-6774,LUAD,CD27,-0.4270833,-0.022776524
TCGA-44-6774,LUAD,CXCR6,-0.20681484,0.3017608
TCGA-44-6774,LUAD,IDO1,-0.2693312,-0.69093186
TCGA-44-6774,LUAD,STAT1,-0.19590464,0.21204576
TCGA-44-6774,LUAD,CD274,-0.6728736,-0.3905344
TCGA-44-6774,LUAD,CD276,-0.7682522,0.9490354
TCGA-44-6774,LUAD,LAG3,-0.4918111,-0.6922641
TCGA-44-6774,LUAD,PDCD1LG2,-0.29223633,0.74550146
TCGA-44-6774,LUAD,TIGIT,-0.24364416,0.27875707
TCGA-44-6774,LUAD,APM,-0.844639,-0.026438365
TCGA-44-6774,LUAD,TIS,-0.724712,0.008383969
TCGA-69-7761,LUAD,TMB,-0.16352208,-1.7526016
TCGA-69-7761,LUAD,PSMB5,-0.55358446,-1.7866026
TCGA-69-7761,LUAD,PSMB6,-0.31133354,-1.8308994
TCGA-69-7761,LUAD,PSMB7,-0.24508674,-1.9342837
TCGA-69-7761,LUAD,PSMB8,1.1906344,0.96080315
TCGA-69-7761,LUAD,PSMB9,1.1254971,1.002938
TCGA-69-7761,LUAD,PSMB10,1.0786793,1.2277551
TCGA-69-7761,LUAD,TAP1,0.8592404,1.6994481
TCGA-69-7761,LUAD,TAP2,0.92349184,1.274623
TCGA-69-7761,LUAD,ERAP1,0.8557472,1.673211
TCGA-69-7761,LUAD,ERAP2,0.78977793,-0.20904344
TCGA-69-7761,LUAD,TAPBP,1.0753803,1.5262936
TCGA-69-7761,LUAD,CANX,0.25502118,1.3496592
TCGA-69-7761,LUAD,CALR,-0.31639788,-0.028852014
TCGA-69-7761,LUAD,PDIA3,-0.14680013,1.1630499
TCGA-69-7761,LUAD,B2M,1.0507145,2.0175285
TCGA-69-7761,LUAD,HLA-A,1.0672816,1.3026676
TCGA-69-7761,LUAD,HLA-B,1.2060207,1.2590722
TCGA-69-7761,LUAD,HLA-C,1.1893847,1.5725068
TCGA-69-7761,LUAD,HLA-DQA1,0.92522794,1.5341202
TCGA-69-7761,LUAD,HLA-DRB1,0.8414466,1.009536
TCGA-69-7761,LUAD,CMKLR1,0.63836944,0.94366443
TCGA-69-7761,LUAD,HLA-E,1.2016428,1.6125482
TCGA-69-7761,LUAD,NKG7,0.87756044,0.40565845
TCGA-69-7761,LUAD,CD8A,1.0203506,1.4957563
TCGA-69-7761,LUAD,CCL5,0.7806483,0.96423817
TCGA-69-7761,LUAD,CXCL9,1.0038526,1.9108123
TCGA-69-7761,LUAD,CD27,0.85608053,1.9289453
TCGA-69-7761,LUAD,CXCR6,0.8007821,1.514791
TCGA-69-7761,LUAD,IDO1,0.8054466,1.9707625
TCGA-69-7761,LUAD,STAT1,0.93973386,1.7465414
TCGA-69-7761,LUAD,CD274,0.38901034,0.084809974
TCGA-69-7761,LUAD,CD276,-0.39910913,-1.1499071
TCGA-69-7761,LUAD,LAG3,0.7610857,0.5843695
TCGA-69-7761,LUAD,PDCD1LG2,0.5389327,0.5958836
TCGA-69-7761,LUAD,TIGIT,0.8165889,1.7140516
TCGA-69-7761,LUAD,APM,0.96521413,1.2465216
TCGA-69-7761,LUAD,TIS,1.035306,1.4957033
TCGA-75-5122,LUAD,TMB,-0.2983365,-0.6878523
TCGA-75-5122,LUAD,PSMB5,-0.20051785,-0.83175975
TCGA-75-5122,LUAD,PSMB6,-0.2836805,0.23238353
TCGA-75-5122,LUAD,PSMB7,-0.016662125,0.5653873
TCGA-75-5122,LUAD,PSMB8,0.38777402,2.0438247
TCGA-75-5122,LUAD,PSMB9,0.34911728,2.1938047
TCGA-75-5122,LUAD,PSMB10,0.45256048,2.429575
TCGA-75-5122,LUAD,TAP1,0.15831706,1.7319348
TCGA-75-5122,LUAD,TAP2,0.08392346,2.0843625
TCGA-75-5122,LUAD,ERAP1,0.014310991,1.545834
TCGA-75-5122,LUAD,ERAP2,0.37335464,1.7630659
TCGA-75-5122,LUAD,TAPBP,0.12677781,1.371521
TCGA-75-5122,LUAD,CANX,0.026146889,0.7305863
TCGA-75-5122,LUAD,CALR,-0.1901164,-0.0030805038
TCGA-75-5122,LUAD,PDIA3,0.071521804,-0.3833914
TCGA-75-5122,LUAD,B2M,0.46413097,1.958035
TCGA-75-5122,LUAD,HLA-A,0.99016076,1.8736134
TCGA-75-5122,LUAD,HLA-B,0.42272872,2.087734
TCGA-75-5122,LUAD,HLA-C,0.455504,2.1380792
TCGA-75-5122,LUAD,HLA-DQA1,0.78265935,2.6824958
TCGA-75-5122,LUAD,HLA-DRB1,0.5874392,2.0543168
TCGA-75-5122,LUAD,CMKLR1,0.26854217,3.16152
TCGA-75-5122,LUAD,HLA-E,0.43128595,2.3254411
TCGA-75-5122,LUAD,NKG7,0.5512867,2.7471256
TCGA-75-5122,LUAD,CD8A,0.4742446,3.575683
TCGA-75-5122,LUAD,CCL5,0.65315974,2.388355
TCGA-75-5122,LUAD,CXCL9,0.4675684,2.1059391
TCGA-75-5122,LUAD,CD27,0.48961288,1.814769
TCGA-75-5122,LUAD,CXCR6,0.2709927,3.4184668
TCGA-75-5122,LUAD,IDO1,0.58920825,0.71824664
TCGA-75-5122,LUAD,STAT1,0.23539197,1.941537
TCGA-75-5122,LUAD,CD274,-0.12918542,1.6676552
TCGA-75-5122,LUAD,CD276,-0.38394362,-0.014044205
TCGA-75-5122,LUAD,LAG3,0.32948402,2.7833564
TCGA-75-5122,LUAD,PDCD1LG2,0.15492935,3.6248229
TCGA-75-5122,LUAD,TIGIT,0.50092983,2.3777273
TCGA-75-5122,LUAD,APM,0.46748716,2.1866925
TCGA-75-5122,LUAD,TIS,0.3764452,2.9743013
TCGA-69-8253,LUAD,TMB,-0.6617802,-0.4586698
TCGA-69-8253,LUAD,PSMB5,-0.2962538,0.16445534
TCGA-69-8253,LUAD,PSMB6,-0.20604464,1.0330842
TCGA-69-8253,LUAD,PSMB7,-0.650981,1.0503147
TCGA-69-8253,LUAD,PSMB8,-0.47530404,-0.8892866
TCGA-69-8253,LUAD,PSMB9,-0.81462544,-1.3164974
TCGA-69-8253,LUAD,PSMB10,-0.50178087,0.33270234
TCGA-69-8253,LUAD,TAP1,-1.0030174,-1.84136
TCGA-69-8253,LUAD,TAP2,-0.8966858,-1.5398667
TCGA-69-8253,LUAD,ERAP1,-0.12638028,0.18438485
TCGA-69-8253,LUAD,ERAP2,-0.07086965,0.25792745
TCGA-69-8253,LUAD,TAPBP,-0.1111605,-0.46945414
TCGA-69-8253,LUAD,CANX,0.48345432,1.0134834
TCGA-69-8253,LUAD,CALR,-0.28414512,0.3692973
TCGA-69-8253,LUAD,PDIA3,0.6281557,2.2667818
TCGA-69-8253,LUAD,B2M,-0.49980015,-0.113279596
TCGA-69-8253,LUAD,HLA-A,-0.3711986,-0.2858038
TCGA-69-8253,LUAD,HLA-B,-0.63457906,-1.0250045
TCGA-69-8253,LUAD,HLA-C,-0.3020399,-0.22499073
TCGA-69-8253,LUAD,HLA-DQA1,-0.52358645,-0.06659377
TCGA-69-8253,LUAD,HLA-DRB1,-0.112560056,0.34407493
TCGA-69-8253,LUAD,CMKLR1,-0.40104294,-0.6554043
TCGA-69-8253,LUAD,HLA-E,-0.27842346,-0.48931795
TCGA-69-8253,LUAD,NKG7,-0.92116344,-0.7256605
TCGA-69-8253,LUAD,CD8A,-0.8712252,-0.9780768
TCGA-69-8253,LUAD,CCL5,-0.67514837,-0.9912588
TCGA-69-8253,LUAD,CXCL9,-1.0919349,-0.90380126
TCGA-69-8253,LUAD,CD27,-0.36571464,0.077350505
TCGA-69-8253,LUAD,CXCR6,-0.5139968,-0.7644935
TCGA-69-8253,LUAD,IDO1,-0.7533411,-0.9969791
TCGA-69-8253,LUAD,STAT1,-0.89884603,-1.1777097
TCGA-69-8253,LUAD,CD274,-1.0386797,-1.0014766
TCGA-69-8253,LUAD,CD276,-0.7743083,-0.16668867
TCGA-69-8253,LUAD,LAG3,-1.0435197,-1.3254969
TCGA-69-8253,LUAD,PDCD1LG2,-1.0602902,-1.1179198
TCGA-69-8253,LUAD,TIGIT,-0.8382165,-0.71631926
TCGA-69-8253,LUAD,APM,-0.72818667,-0.29794672
TCGA-69-8253,LUAD,TIS,-0.7928357,-0.872914
TCGA-99-8025,LUAD,TMB,0.37309724,1.0032375
TCGA-99-8025,LUAD,PSMB5,-0.054193277,-0.5182668
TCGA-99-8025,LUAD,PSMB6,-0.23301621,-0.615877
TCGA-99-8025,LUAD,PSMB7,-0.2943801,-0.5012436
TCGA-99-8025,LUAD,PSMB8,0.73704416,-0.17388198
TCGA-99-8025,LUAD,PSMB9,0.6078524,-0.15032575
TCGA-99-8025,LUAD,PSMB10,0.4625466,-0.5931045
TCGA-99-8025,LUAD,TAP1,0.6872892,-0.5844082
TCGA-99-8025,LUAD,TAP2,0.7080087,-0.043745346
TCGA-99-8025,LUAD,ERAP1,0.1252966,-0.5897091
TCGA-99-8025,LUAD,ERAP2,0.5730826,-1.1292543
TCGA-99-8025,LUAD,TAPBP,0.554547,-0.09892136
TCGA-99-8025,LUAD,CANX,0.12813513,-0.5918684
TCGA-99-8025,LUAD,CALR,0.07415807,-0.40755442
TCGA-99-8025,LUAD,PDIA3,-0.39683062,0.35163647
TCGA-99-8025,LUAD,B2M,0.67975914,-0.445568
TCGA-99-8025,LUAD,HLA-A,0.7057229,-0.25260258
TCGA-99-8025,LUAD,HLA-B,0.79911005,-0.42605454
TCGA-99-8025,LUAD,HLA-C,0.9026602,-0.32060412
TCGA-99-8025,LUAD,HLA-DQA1,0.78186196,-0.52214456
TCGA-99-8025,LUAD,HLA-DRB1,0.8921116,-1.4160048e-05
TCGA-99-8025,LUAD,CMKLR1,0.81054,-0.09298072
TCGA-99-8025,LUAD,HLA-E,0.7463186,-0.41026664
TCGA-99-8025,LUAD,NKG7,0.40211725,-1.0574473
TCGA-99-8025,LUAD,CD8A,0.6130165,-0.9999435
TCGA-99-8025,LUAD,CCL5,0.50254464,-1.0125575
TCGA-99-8025,LUAD,CXCL9,0.52886325,-0.4273562
TCGA-99-8025,LUAD,CD27,0.63674533,-0.20493834
TCGA-99-8025,LUAD,CXCR6,0.5257218,-0.9905902
TCGA-99-8025,LUAD,IDO1,0.5578334,-0.90016425
TCGA-99-8025,LUAD,STAT1,0.6707369,-0.49356934
TCGA-99-8025,LUAD,CD274,0.3722303,-0.58861357
TCGA-99-8025,LUAD,CD276,-0.09254546,0.078510486
TCGA-99-8025,LUAD,LAG3,0.47918868,0.04029072
TCGA-99-8025,LUAD,PDCD1LG2,0.5780673,-1.1073123
TCGA-99-8025,LUAD,TIGIT,0.5868633,-0.7344434
TCGA-99-8025,LUAD,APM,0.65210176,-0.6247369
TCGA-99-8025,LUAD,TIS,0.73006284,-0.8485499
TCGA-55-7227,LUAD,TMB,-0.6000308,-0.36926818
TCGA-55-7227,LUAD,PSMB5,-0.5583855,-1.2622421
TCGA-55-7227,LUAD,PSMB6,-0.64598256,-1.4294494
TCGA-55-7227,LUAD,PSMB7,-0.5556964,-1.0048455
TCGA-55-7227,LUAD,PSMB8,-0.21927352,0.37222624
TCGA-55-7227,LUAD,PSMB9,-0.3803429,0.7702367
TCGA-55-7227,LUAD,PSMB10,-0.14821514,1.0088179
TCGA-55-7227,LUAD,TAP1,-0.5275424,0.1657305
TCGA-55-7227,LUAD,TAP2,-0.55435115,0.38574243
TCGA-55-7227,LUAD,ERAP1,-0.1275245,2.6422584
TCGA-55-7227,LUAD,ERAP2,0.23333421,1.2653676
TCGA-55-7227,LUAD,TAPBP,-0.19934466,-0.04637789
TCGA-55-7227,LUAD,CANX,0.26764533,0.30897123
TCGA-55-7227,LUAD,CALR,-0.33485952,-0.22678141
TCGA-55-7227,LUAD,PDIA3,-0.010607272,0.58459294
TCGA-55-7227,LUAD,B2M,-0.12532066,1.4869972
TCGA-55-7227,LUAD,HLA-A,-0.36432442,1.3443037
TCGA-55-7227,LUAD,HLA-B,-0.06321708,0.91930556
TCGA-55-7227,LUAD,HLA-C,-0.07306576,0.9460437
TCGA-55-7227,LUAD,HLA-DQA1,0.24758334,0.96256447
TCGA-55-7227,LUAD,HLA-DRB1,0.5576201,1.1417832
TCGA-55-7227,LUAD,CMKLR1,0.08637167,0.6091912
TCGA-55-7227,LUAD,HLA-E,0.026611257,0.42288744
TCGA-55-7227,LUAD,NKG7,-0.5243693,0.30682564
TCGA-55-7227,LUAD,CD8A,-0.37962908,0.019405317
TCGA-55-7227,LUAD,CCL5,-0.48242003,0.09332417
TCGA-55-7227,LUAD,CXCL9,-0.575045,0.7202662
TCGA-55-7227,LUAD,CD27,-0.16478668,0.32661492
TCGA-55-7227,LUAD,CXCR6,-0.35628518,-0.07133666
TCGA-55-7227,LUAD,IDO1,-0.4715971,-0.10033712
TCGA-55-7227,LUAD,STAT1,-0.52491766,0.5245316
TCGA-55-7227,LUAD,CD274,-0.42252368,0.73290193
TCGA-55-7227,LUAD,CD276,-0.63694054,-0.6292644
TCGA-55-7227,LUAD,LAG3,-0.61066985,0.13965346
TCGA-55-7227,LUAD,PDCD1LG2,-0.45995626,0.051919166
TCGA-55-7227,LUAD,TIGIT,-0.35776275,1.08894
TCGA-55-7227,LUAD,APM,-0.42779645,0.9511386
TCGA-55-7227,LUAD,TIS,-0.40899992,0.4873553
TCGA-78-7158,LUAD,TMB,-0.43808132,0.1258477
TCGA-78-7158,LUAD,PSMB5,-0.40435886,-0.31348842
TCGA-78-7158,LUAD,PSMB6,0.21388993,-0.5141046
TCGA-78-7158,LUAD,PSMB7,-0.17188285,-0.08905267
TCGA-78-7158,LUAD,PSMB8,-0.12763795,0.58886373
TCGA-78-7158,LUAD,PSMB9,-0.52186364,-1.1123794
TCGA-78-7158,LUAD,PSMB10,-0.16375433,-0.3661898
TCGA-78-7158,LUAD,TAP1,-0.90182436,-0.8961115
TCGA-78-7158,LUAD,TAP2,-0.7429644,-0.6314325
TCGA-78-7158,LUAD,ERAP1,-0.22948635,0.020664917
TCGA-78-7158,LUAD,ERAP2,0.08858821,0.8769423
TCGA-78-7158,LUAD,TAPBP,0.19354579,0.15019551
TCGA-78-7158,LUAD,CANX,0.34394494,0.4076866
TCGA-78-7158,LUAD,CALR,0.0650146,-0.040168323
TCGA-78-7158,LUAD,PDIA3,0.5967773,-0.39839396
TCGA-78-7158,LUAD,B2M,-0.1828039,-1.0559559
TCGA-78-7158,LUAD,HLA-A,0.09641227,-0.68952835
TCGA-78-7158,LUAD,HLA-B,-0.30864924,0.044884026
TCGA-78-7158,LUAD,HLA-C,-0.1889517,-0.4669967
TCGA-78-7158,LUAD,HLA-DQA1,-0.16732338,-0.663375
TCGA-78-7158,LUAD,HLA-DRB1,0.21150103,0.33035153
TCGA-78-7158,LUAD,CMKLR1,-0.2972399,-0.9958889
TCGA-78-7158,LUAD,HLA-E,-0.07001321,0.033652697
TCGA-78-7158,LUAD,NKG7,-0.5103665,-1.7251071
TCGA-78-7158,LUAD,CD8A,-0.54883826,-1.390331
TCGA-78-7158,LUAD,CCL5,-0.46817818,-1.3245006
TCGA-78-7158,LUAD,CXCL9,-0.7714985,-0.97394514
TCGA-78-7158,LUAD,CD27,-0.30413002,-0.94515634
TCGA-78-7158,LUAD,CXCR6,-0.5463046,-1.0062864
TCGA-78-7158,LUAD,IDO1,-0.39067528,-1.3025477
TCGA-78-7158,LUAD,STAT1,-0.8058615,-0.9556347
TCGA-78-7158,LUAD,CD274,-0.9759882,-0.81922644
TCGA-78-7158,LUAD,CD276,-0.39839697,-0.7668099
TCGA-78-7158,LUAD,LAG3,-0.6076153,-1.4648881
TCGA-78-7158,LUAD,PDCD1LG2,-0.86945045,-0.8582789
TCGA-78-7158,LUAD,TIGIT,-0.84915984,-1.165639
TCGA-78-7158,LUAD,APM,-0.3508238,-0.36253348
TCGA-78-7158,LUAD,TIS,-0.7670312,-1.28805
TCGA-55-6975,LUAD,TMB,0.058190882,-1.1544726
TCGA-55-6975,LUAD,PSMB5,0.05324205,1.1366775
TCGA-55-6975,LUAD,PSMB6,-0.004657456,1.7959244
TCGA-55-6975,LUAD,PSMB7,-0.38494354,0.2789542
TCGA-55-6975,LUAD,PSMB8,-0.22950342,-0.6770605
TCGA-55-6975,LUAD,PSMB9,-0.51302207,-0.90988314
TCGA-55-6975,LUAD,PSMB10,-0.37646002,-0.57602507
TCGA-55-6975,LUAD,TAP1,-0.57315093,-0.6130768
TCGA-55-6975,LUAD,TAP2,-0.6889168,-0.8437088
TCGA-55-6975,LUAD,ERAP1,-0.20866,-0.6311862
TCGA-55-6975,LUAD,ERAP2,0.050491683,0.5069708
TCGA-55-6975,LUAD,TAPBP,-0.14694412,-0.2082577
TCGA-55-6975,LUAD,CANX,0.38650265,0.11392325
TCGA-55-6975,LUAD,CALR,0.27508178,-0.36414284
TCGA-55-6975,LUAD,PDIA3,0.48534602,0.060509074
TCGA-55-6975,LUAD,B2M,-0.37091377,-0.23446721
TCGA-55-6975,LUAD,HLA-A,-0.23273273,-0.8483003
TCGA-55-6975,LUAD,HLA-B,-0.4676853,-0.579248
TCGA-55-6975,LUAD,HLA-C,-0.3719192,-0.77227634
TCGA-55-6975,LUAD,HLA-DQA1,-0.3674727,-1.268044
TCGA-55-6975,LUAD,HLA-DRB1,-0.49945718,-1.2800946
TCGA-55-6975,LUAD,CMKLR1,-0.28108722,0.3983828
TCGA-55-6975,LUAD,HLA-E,-0.5192861,-0.5105335
TCGA-55-6975,LUAD,NKG7,-0.41716567,-0.5375231
TCGA-55-6975,LUAD,CD8A,-0.37943417,-0.18146934
TCGA-55-6975,LUAD,CCL5,-0.58016145,-0.27017716
TCGA-55-6975,LUAD,CXCL9,-0.6170675,-1.2085497
TCGA-55-6975,LUAD,CD27,-0.30315295,0.24306874
TCGA-55-6975,LUAD,CXCR6,-0.34951186,-0.6629569
TCGA-55-6975,LUAD,IDO1,-0.2584351,-1.256354
TCGA-55-6975,LUAD,STAT1,-0.3234706,0.1991059
TCGA-55-6975,LUAD,CD274,-0.5688522,-1.2033503
TCGA-55-6975,LUAD,CD276,-0.34975415,0.6787701
TCGA-55-6975,LUAD,LAG3,-0.50334424,-0.6644088
TCGA-55-6975,LUAD,PDCD1LG2,-0.5461569,-0.39877158
TCGA-55-6975,LUAD,TIGIT,-0.47175628,-0.65773755
TCGA-55-6975,LUAD,APM,-0.46990547,-0.37923744
TCGA-55-6975,LUAD,TIS,-0.5925945,-0.5993061
TCGA-80-5608,LUAD,TMB,-0.011628853,-0.29324454
TCGA-80-5608,LUAD,PSMB5,0.15862414,1.1732075
TCGA-80-5608,LUAD,PSMB6,0.14529647,0.591847
TCGA-80-5608,LUAD,PSMB7,-0.39893708,-0.43469885
TCGA-80-5608,LUAD,PSMB8,-0.23534708,0.9905607
TCGA-80-5608,LUAD,PSMB9,-0.6286236,0.6607471
TCGA-80-5608,LUAD,PSMB10,-0.28139824,0.6457399
TCGA-80-5608,LUAD,TAP1,-0.69567156,0.6432882
TCGA-80-5608,LUAD,TAP2,-0.6511997,0.23474649
TCGA-80-5608,LUAD,ERAP1,-0.063102566,1.0840656
TCGA-80-5608,LUAD,ERAP2,-0.39065573,0.36260802
TCGA-80-5608,LUAD,TAPBP,0.08003567,1.0883902
TCGA-80-5608,LUAD,CANX,0.37462273,0.41778967
TCGA-80-5608,LUAD,CALR,0.5102806,1.4381045
TCGA-80-5608,LUAD,PDIA3,1.3399508,2.1364963
TCGA-80-5608,LUAD,B2M,-0.458176,0.39066362
TCGA-80-5608,LUAD,HLA-A,0.056011397,1.0477834
TCGA-80-5608,LUAD,HLA-B,-0.4449137,0.5211141
TCGA-80-5608,LUAD,HLA-C,-0.061243832,0.7567129
TCGA-80-5608,LUAD,HLA-DQA1,-0.32142374,-0.9618491
TCGA-80-5608,LUAD,HLA-DRB1,-0.5513588,-0.5362
TCGA-80-5608,LUAD,CMKLR1,-0.33079046,-0.20412691
TCGA-80-5608,LUAD,HLA-E,-0.43551224,0.32003024
TCGA-80-5608,LUAD,NKG7,-0.4014372,0.13105124
TCGA-80-5608,LUAD,CD8A,-0.5030751,0.013908935
TCGA-80-5608,LUAD,CCL5,-0.45104223,0.17153382
TCGA-80-5608,LUAD,CXCL9,-0.67897403,-0.5322208
TCGA-80-5608,LUAD,CD27,0.14504682,-0.6504798
TCGA-80-5608,LUAD,CXCR6,-0.14722817,-0.07069737
TCGA-80-5608,LUAD,IDO1,-0.33642745,1.8032572
TCGA-80-5608,LUAD,STAT1,-0.6701638,0.42892206
TCGA-80-5608,LUAD,CD274,-0.8986627,-0.5862185
TCGA-80-5608,LUAD,CD276,-0.65628034,-0.7293228
TCGA-80-5608,LUAD,LAG3,-0.27548996,-0.22220047
TCGA-80-5608,LUAD,PDCD1LG2,-1.0394331,-1.1309766
TCGA-80-5608,LUAD,TIGIT,-0.41449866,-0.3426713
TCGA-80-5608,LUAD,APM,-0.36967334,1.1304389
TCGA-80-5608,LUAD,TIS,-0.4529539,-0.14672644
TCGA-44-6778,LUAD,TMB,0.5017824,0.6874298
TCGA-44-6778,LUAD,PSMB5,-0.046971448,-0.91395026
TCGA-44-6778,LUAD,PSMB6,0.05454095,-1.0033294
TCGA-44-6778,LUAD,PSMB7,-0.07924613,-0.8372647
TCGA-44-6778,LUAD,PSMB8,0.17521212,0.035605557
TCGA-44-6778,LUAD,PSMB9,0.083206356,0.40533796
TCGA-44-6778,LUAD,PSMB10,0.09213209,0.33964074
TCGA-44-6778,LUAD,TAP1,0.14687842,0.24745825
TCGA-44-6778,LUAD,TAP2,0.037150614,0.78480285
TCGA-44-6778,LUAD,ERAP1,0.10807215,0.9088921
TCGA-44-6778,LUAD,ERAP2,0.14214328,-0.77370447
TCGA-44-6778,LUAD,TAPBP,-0.03633553,-0.11554264
TCGA-44-6778,LUAD,CANX,0.23084226,0.13887747
TCGA-44-6778,LUAD,CALR,0.22027965,-0.6655396
TCGA-44-6778,LUAD,PDIA3,-0.019340342,-0.9924269
TCGA-44-6778,LUAD,B2M,-0.0008603156,1.1921684
TCGA-44-6778,LUAD,HLA-A,0.28398138,0.5358952
TCGA-44-6778,LUAD,HLA-B,0.062835105,0.7166506
TCGA-44-6778,LUAD,HLA-C,0.18981415,0.54114264
TCGA-44-6778,LUAD,HLA-DQA1,0.03790877,1.8538961
TCGA-44-6778,LUAD,HLA-DRB1,-0.09432892,1.3597705
TCGA-44-6778,LUAD,CMKLR1,0.41653624,3.0474517
TCGA-44-6778,LUAD,HLA-E,-0.048828296,1.6166255
TCGA-44-6778,LUAD,NKG7,0.28113076,1.7609918
TCGA-44-6778,LUAD,CD8A,0.23898652,1.4700819
TCGA-44-6778,LUAD,CCL5,0.09361234,1.2815241
TCGA-44-6778,LUAD,CXCL9,0.33401975,1.743462
TCGA-44-6778,LUAD,CD27,0.33387452,1.1967214
TCGA-44-6778,LUAD,CXCR6,0.28871566,2.4985862
TCGA-44-6778,LUAD,IDO1,0.13861084,0.6942824
TCGA-44-6778,LUAD,STAT1,0.38863802,1.3564724
TCGA-44-6778,LUAD,CD274,-0.18818448,1.0920666
TCGA-44-6778,LUAD,CD276,-0.47667223,-1.3945757
TCGA-44-6778,LUAD,LAG3,0.46182784,1.3119099
TCGA-44-6778,LUAD,PDCD1LG2,0.12281196,1.5723282
TCGA-44-6778,LUAD,TIGIT,0.3448415,1.699518
TCGA-44-6778,LUAD,APM,0.025796568,0.20710525
TCGA-44-6778,LUAD,TIS,0.19939098,1.8073683
TCGA-97-A4M5,LUAD,TMB,-0.5861105,-0.42224818
TCGA-97-A4M5,LUAD,PSMB5,-0.21124914,-0.110483505
TCGA-97-A4M5,LUAD,PSMB6,0.03057928,0.017151956
TCGA-97-A4M5,LUAD,PSMB7,-0.51740885,-0.39958107
TCGA-97-A4M5,LUAD,PSMB8,-0.1291751,0.3724478
TCGA-97-A4M5,LUAD,PSMB9,-0.57174057,-0.2846819
TCGA-97-A4M5,LUAD,PSMB10,-0.2184973,0.4137898
TCGA-97-A4M5,LUAD,TAP1,-0.7440596,-0.06428509
TCGA-97-A4M5,LUAD,TAP2,-0.6326234,0.27464983
TCGA-97-A4M5,LUAD,ERAP1,0.015050733,0.14468938
TCGA-97-A4M5,LUAD,ERAP2,-0.14754032,0.15338324
TCGA-97-A4M5,LUAD,TAPBP,0.13960323,0.0443121
TCGA-97-A4M5,LUAD,CANX,0.29453295,0.36630052
TCGA-97-A4M5,LUAD,CALR,-0.0024140105,-0.6242953
TCGA-97-A4M5,LUAD,PDIA3,0.9349184,0.58612466
TCGA-97-A4M5,LUAD,B2M,-0.23916364,0.930349
TCGA-97-A4M5,LUAD,HLA-A,0.007560444,0.23402688
TCGA-97-A4M5,LUAD,HLA-B,-0.24294409,0.2601083
TCGA-97-A4M5,LUAD,HLA-C,-0.11724651,0.9210002
TCGA-97-A4M5,LUAD,HLA-DQA1,-0.24033847,0.56444
TCGA-97-A4M5,LUAD,HLA-DRB1,-0.047865707,0.34751546
TCGA-97-A4M5,LUAD,CMKLR1,-0.19440441,1.195544
TCGA-97-A4M5,LUAD,HLA-E,-0.19489731,0.7652807
TCGA-97-A4M5,LUAD,NKG7,-0.4403685,0.82147944
TCGA-97-A4M5,LUAD,CD8A,-0.49181557,-0.57357347
TCGA-97-A4M5,LUAD,CCL5,-0.34019947,-0.33212912
TCGA-97-A4M5,LUAD,CXCL9,-0.72983843,-0.36775845
TCGA-97-A4M5,LUAD,CD27,-0.011385823,-0.06470147
TCGA-97-A4M5,LUAD,CXCR6,-0.34072718,-0.5060641
TCGA-97-A4M5,LUAD,IDO1,-0.50955766,-0.15518963
TCGA-97-A4M5,LUAD,STAT1,-0.7090478,-0.2630726
TCGA-97-A4M5,LUAD,CD274,-0.84978354,-0.15826769
TCGA-97-A4M5,LUAD,CD276,-0.46859604,0.05475766
TCGA-97-A4M5,LUAD,LAG3,-0.52895755,-0.40512362
TCGA-97-A4M5,LUAD,PDCD1LG2,-0.8027813,0.015026904
TCGA-97-A4M5,LUAD,TIGIT,-0.5362878,-0.414635
TCGA-97-A4M5,LUAD,APM,-0.2801283,0.36730617
TCGA-97-A4M5,LUAD,TIS,-0.47184283,0.052196663
TCGA-73-4675,LUAD,TMB,-0.43247372,-1.1997651
TCGA-73-4675,LUAD,PSMB5,-0.04418799,-0.33661535
TCGA-73-4675,LUAD,PSMB6,-0.05545622,0.79151666
TCGA-73-4675,LUAD,PSMB7,-0.40308085,-1.2298179
TCGA-73-4675,LUAD,PSMB8,0.0028252304,-1.2503492
TCGA-73-4675,LUAD,PSMB9,-0.09922378,-1.4141443
TCGA-73-4675,LUAD,PSMB10,0.047672592,-0.39194146
TCGA-73-4675,LUAD,TAP1,-0.47157353,-1.5166314
TCGA-73-4675,LUAD,TAP2,-0.4338719,-1.5045651
TCGA-73-4675,LUAD,ERAP1,0.08174287,0.2210805
TCGA-73-4675,LUAD,ERAP2,0.21223724,-1.1063663
TCGA-73-4675,LUAD,TAPBP,0.13470715,-1.0590171
TCGA-73-4675,LUAD,CANX,0.41025797,1.3189105
TCGA-73-4675,LUAD,CALR,0.16447373,0.34087178
TCGA-73-4675,LUAD,PDIA3,0.51324785,1.1275518
TCGA-73-4675,LUAD,B2M,0.09888129,-0.92264444
TCGA-73-4675,LUAD,HLA-A,0.03685659,-1.1310776
TCGA-73-4675,LUAD,HLA-B,-0.044621944,-1.046848
TCGA-73-4675,LUAD,HLA-C,0.082516596,-0.89156127
TCGA-73-4675,LUAD,HLA-DQA1,0.1243883,0.49311164
TCGA-73-4675,LUAD,HLA-DRB1,0.16964252,0.4921866
TCGA-73-4675,LUAD,CMKLR1,-0.013821984,-1.0114954
TCGA-73-4675,LUAD,HLA-E,0.13204466,-1.106344
TCGA-73-4675,LUAD,NKG7,-0.2763007,-1.4455938
TCGA-73-4675,LUAD,CD8A,-0.09910272,-1.1248296
TCGA-73-4675,LUAD,CCL5,-0.4139561,-1.0249243
TCGA-73-4675,LUAD,CXCL9,-0.4183042,-1.8080505
TCGA-73-4675,LUAD,CD27,0.111191764,-0.35563034
TCGA-73-4675,LUAD,CXCR6,-0.12076304,-1.161424
TCGA-73-4675,LUAD,IDO1,-0.20194466,-1.1920176
TCGA-73-4675,LUAD,STAT1,-0.22974515,-1.1073501
TCGA-73-4675,LUAD,CD274,-0.17514099,-1.3903152
TCGA-73-4675,LUAD,CD276,-0.2661058,0.5817242
TCGA-73-4675,LUAD,LAG3,-0.49672118,-1.2740439
TCGA-73-4675,LUAD,PDCD1LG2,-0.36052045,-0.87140375
TCGA-73-4675,LUAD,TIGIT,-0.22748344,-0.8076234
TCGA-73-4675,LUAD,APM,-0.036970153,-1.1201307
TCGA-73-4675,LUAD,TIS,-0.13566135,-0.956005
TCGA-55-8514,LUAD,TMB,-0.28586975,0.34864804
TCGA-55-8514,LUAD,PSMB5,-0.3773412,0.2644418
TCGA-55-8514,LUAD,PSMB6,-0.53904325,-0.43708786
TCGA-55-8514,LUAD,PSMB7,-0.47545442,-1.4748347
TCGA-55-8514,LUAD,PSMB8,-0.15942796,0.00048320228
TCGA-55-8514,LUAD,PSMB9,-0.30648905,-0.64756787
TCGA-55-8514,LUAD,PSMB10,-0.25789964,-0.27114946
TCGA-55-8514,LUAD,TAP1,-0.530279,-0.10311527
TCGA-55-8514,LUAD,TAP2,-0.5983159,-0.32076782
TCGA-55-8514,LUAD,ERAP1,-0.28360316,-1.5083288
TCGA-55-8514,LUAD,ERAP2,0.2824589,-0.09880356
TCGA-55-8514,LUAD,TAPBP,-0.10244898,0.67685324
TCGA-55-8514,LUAD,CANX,0.12332819,-1.189541
TCGA-55-8514,LUAD,CALR,-0.26103407,-0.85110354
TCGA-55-8514,LUAD,PDIA3,-0.011998663,-0.018028859
TCGA-55-8514,LUAD,B2M,-0.19715437,-0.6303322
TCGA-55-8514,LUAD,HLA-A,-0.1363469,0.010523193
TCGA-55-8514,LUAD,HLA-B,0.099996425,-0.2675565
TCGA-55-8514,LUAD,HLA-C,-0.014568379,-0.5615252
TCGA-55-8514,LUAD,HLA-DQA1,0.2182003,0.10154446
TCGA-55-8514,LUAD,HLA-DRB1,0.46417817,0.9026325
TCGA-55-8514,LUAD,CMKLR1,0.052315973,-0.3356312
TCGA-55-8514,LUAD,HLA-E,0.21191657,0.021127552
TCGA-55-8514,LUAD,NKG7,-0.54662573,-0.88841647
TCGA-55-8514,LUAD,CD8A,-0.40832424,-1.3172503
TCGA-55-8514,LUAD,CCL5,-0.54001755,-1.0083421
TCGA-55-8514,LUAD,CXCL9,-0.41299263,-1.0536737
TCGA-55-8514,LUAD,CD27,-0.1700809,-0.5182454
TCGA-55-8514,LUAD,CXCR6,-0.26321012,-0.8073434
TCGA-55-8514,LUAD,IDO1,-0.23115973,-0.82228637
TCGA-55-8514,LUAD,STAT1,-0.37731153,-0.17298087
TCGA-55-8514,LUAD,CD274,-0.46323538,-0.3666224
TCGA-55-8514,LUAD,CD276,-0.7514835,-1.273152
TCGA-55-8514,LUAD,LAG3,-0.5084285,0.3943755
TCGA-55-8514,LUAD,PDCD1LG2,-0.44206017,-0.85053706
TCGA-55-8514,LUAD,TIGIT,-0.26156107,-0.7440722
TCGA-55-8514,LUAD,APM,-0.33334857,-0.53552544
TCGA-55-8514,LUAD,TIS,-0.40621224,-0.64947146
TCGA-49-4490,LUAD,TMB,-0.10769238,-1.6656032
TCGA-49-4490,LUAD,PSMB5,0.19672008,0.43611214
TCGA-49-4490,LUAD,PSMB6,0.19824088,0.4897259
TCGA-49-4490,LUAD,PSMB7,-0.030127117,-0.48374507
TCGA-49-4490,LUAD,PSMB8,0.17092028,0.52940637
TCGA-49-4490,LUAD,PSMB9,-0.090412594,-0.3473999
TCGA-49-4490,LUAD,PSMB10,-0.15836015,0.4729416
TCGA-49-4490,LUAD,TAP1,-0.4082345,-0.944967
TCGA-49-4490,LUAD,TAP2,-0.26931494,-0.8064186
TCGA-49-4490,LUAD,ERAP1,-0.3120492,-1.3158097
TCGA-49-4490,LUAD,ERAP2,-0.028608376,-1.2386144
TCGA-49-4490,LUAD,TAPBP,0.23030607,0.91345555
TCGA-49-4490,LUAD,CANX,0.20784013,-0.34809822
TCGA-49-4490,LUAD,CALR,0.07757962,-0.09563168
TCGA-49-4490,LUAD,PDIA3,0.20911327,0.10094149
TCGA-49-4490,LUAD,B2M,-0.13282081,-0.37099072
TCGA-49-4490,LUAD,HLA-A,0.27116296,1.4749134
TCGA-49-4490,LUAD,HLA-B,0.07659047,1.1881225
TCGA-49-4490,LUAD,HLA-C,0.03035974,0.5124395
TCGA-49-4490,LUAD,HLA-DQA1,0.034628354,0.031954415
TCGA-49-4490,LUAD,HLA-DRB1,0.21890211,0.6220642
TCGA-49-4490,LUAD,CMKLR1,-0.25319037,-0.6379638
TCGA-49-4490,LUAD,HLA-E,-0.16070886,1.1306268
TCGA-49-4490,LUAD,NKG7,-0.37081927,-0.8126111
TCGA-49-4490,LUAD,CD8A,-0.38903496,-0.741191
TCGA-49-4490,LUAD,CCL5,-0.4154966,-0.077272214
TCGA-49-4490,LUAD,CXCL9,-0.5298382,-0.45960817
TCGA-49-4490,LUAD,CD27,-0.34144443,-0.96882683
TCGA-49-4490,LUAD,CXCR6,-0.43735677,-0.6251448
TCGA-49-4490,LUAD,IDO1,-0.10506587,-0.025082044
TCGA-49-4490,LUAD,STAT1,-0.4930547,-1.0585309
TCGA-49-4490,LUAD,CD274,-0.48999125,-1.1880898
TCGA-49-4490,LUAD,CD276,-0.06797453,-0.28544167
TCGA-49-4490,LUAD,LAG3,-0.46682197,-0.79732203
TCGA-49-4490,LUAD,PDCD1LG2,-0.6031993,-1.3154742
TCGA-49-4490,LUAD,TIGIT,-0.55072266,-0.09263433
TCGA-49-4490,LUAD,APM,-0.26054534,0.050993305
TCGA-49-4490,LUAD,TIS,-0.40500554,-0.41362572
TCGA-60-2696,LUSC,TMB,-0.080699354,-0.1080062
TCGA-60-2696,LUSC,PSMB5,0.28516802,-0.21549173
TCGA-60-2696,LUSC,PSMB6,0.1695956,-0.13528255
TCGA-60-2696,LUSC,PSMB7,0.2614623,-0.16503006
TCGA-60-2696,LUSC,PSMB8,-0.22598338,0.15536541
TCGA-60-2696,LUSC,PSMB9,-0.06972869,0.33385786
TCGA-60-2696,LUSC,PSMB10,-0.179598,0.7195857
TCGA-60-2696,LUSC,TAP1,0.080736026,0.013491
TCGA-60-2696,LUSC,TAP2,0.14657629,0.43543118
TCGA-60-2696,LUSC,ERAP1,-0.112519145,-0.1383418
TCGA-60-2696,LUSC,ERAP2,0.01420939,-1.1517997
TCGA-60-2696,LUSC,TAPBP,-0.030349147,0.43634892
TCGA-60-2696,LUSC,CANX,-0.386141,-0.9836717
TCGA-60-2696,LUSC,CALR,0.16057047,-0.9809988
TCGA-60-2696,LUSC,PDIA3,-0.17935723,0.15723221
TCGA-60-2696,LUSC,B2M,-0.3447433,0.0017910657
TCGA-60-2696,LUSC,HLA-A,-0.12731732,-0.59728736
TCGA-60-2696,LUSC,HLA-B,-0.21148562,-0.51669073
TCGA-60-2696,LUSC,HLA-C,-0.24725647,-0.52559793
TCGA-60-2696,LUSC,HLA-DQA1,-0.30830675,0.15620273
TCGA-60-2696,LUSC,HLA-DRB1,-0.4345878,0.3724745
TCGA-60-2696,LUSC,CMKLR1,-0.2675439,-0.23878473
TCGA-60-2696,LUSC,HLA-E,-0.16688618,0.6441632
TCGA-60-2696,LUSC,NKG7,-0.046112098,1.0712321
TCGA-60-2696,LUSC,CD8A,-0.08792673,0.6558824
TCGA-60-2696,LUSC,CCL5,0.15483232,0.2381644
TCGA-60-2696,LUSC,CXCL9,-0.20726255,0.12033338
TCGA-60-2696,LUSC,CD27,-0.37058502,0.11030067
TCGA-60-2696,LUSC,CXCR6,-0.3086675,0.2967738
TCGA-60-2696,LUSC,IDO1,0.050358832,-0.21201037
TCGA-60-2696,LUSC,STAT1,-0.30781975,0.186157
TCGA-60-2696,LUSC,CD274,-0.06650902,-0.59856004
TCGA-60-2696,LUSC,CD276,0.4306458,0.86173797
TCGA-60-2696,LUSC,LAG3,-0.071548305,0.32717353
TCGA-60-2696,LUSC,PDCD1LG2,0.042212345,-0.0037293518
TCGA-60-2696,LUSC,TIGIT,-0.17643645,-0.12012932
TCGA-60-2696,LUSC,APM,-0.12127806,-0.26497868
TCGA-60-2696,LUSC,TIS,-0.23102406,0.26172003
TCGA-56-7221,LUSC,TMB,-0.06920976,0.2946867
TCGA-56-7221,LUSC,PSMB5,0.09065497,0.45323578
TCGA-56-7221,LUSC,PSMB6,0.030717855,0.5841174
TCGA-56-7221,LUSC,PSMB7,0.16287859,0.027599037
TCGA-56-7221,LUSC,PSMB8,-1.3085629,-0.56206656
TCGA-56-7221,LUSC,PSMB9,-1.169754,-1.0329655
TCGA-56-7221,LUSC,PSMB10,-1.1348584,-1.7931855
TCGA-56-7221,LUSC,TAP1,-0.9925724,-0.9349717
TCGA-56-7221,LUSC,TAP2,-0.66293705,0.0043213917
TCGA-56-7221,LUSC,ERAP1,-0.6213026,-0.26155725
TCGA-56-7221,LUSC,ERAP2,-0.66001046,0.21432601
TCGA-56-7221,LUSC,TAPBP,-0.7822492,-0.3997584
TCGA-56-7221,LUSC,CANX,-0.74719524,-1.3556992
TCGA-56-7221,LUSC,CALR,-0.3933621,-2.74123
TCGA-56-7221,LUSC,PDIA3,-0.22167936,-0.022346765
TCGA-56-7221,LUSC,B2M,-1.4269063,-1.3806068
TCGA-56-7221,LUSC,HLA-A,-1.1907177,-1.1311549
TCGA-56-7221,LUSC,HLA-B,-1.2857405,-1.9321946
TCGA-56-7221,LUSC,HLA-C,-1.452141,-1.4729729
TCGA-56-7221,LUSC,HLA-DQA1,-1.2808521,-1.1253042
TCGA-56-7221,LUSC,HLA-DRB1,-1.398005,-1.1743336
TCGA-56-7221,LUSC,CMKLR1,-0.9880204,-1.4961214
TCGA-56-7221,LUSC,HLA-E,-0.96549237,-1.7578331
TCGA-56-7221,LUSC,NKG7,-1.0703521,-2.0051255
TCGA-56-7221,LUSC,CD8A,-0.8812609,-1.4318591
TCGA-56-7221,LUSC,CCL5,-1.1935383,-1.3953323
TCGA-56-7221,LUSC,CXCL9,-1.2195565,-1.9596454
TCGA-56-7221,LUSC,CD27,-0.9715519,-1.1936245
TCGA-56-7221,LUSC,CXCR6,-1.2286266,-1.6042241
TCGA-56-7221,LUSC,IDO1,-1.092791,-1.6529989
TCGA-56-7221,LUSC,STAT1,-1.0686147,-0.6044606
TCGA-56-7221,LUSC,CD274,-0.31709754,-1.2492944
TCGA-56-7221,LUSC,CD276,0.3351819,-0.5953687
TCGA-56-7221,LUSC,LAG3,-1.0455574,-1.1767471
TCGA-56-7221,LUSC,PDCD1LG2,-0.73204803,-1.4609162
TCGA-56-7221,LUSC,TIGIT,-0.89908236,-1.1990926
TCGA-56-7221,LUSC,APM,-1.3813002,-1.2675785
TCGA-56-7221,LUSC,TIS,-1.3092117,-2.2327192
TCGA-60-2710,LUSC,TMB,-0.047632076,-0.0099160215
TCGA-60-2710,LUSC,PSMB5,-0.15158044,-0.94988716
TCGA-60-2710,LUSC,PSMB6,-0.08702661,-0.6352825
TCGA-60-2710,LUSC,PSMB7,0.025659118,1.2321185
TCGA-60-2710,LUSC,PSMB8,-0.22503917,-0.33039758
TCGA-60-2710,LUSC,PSMB9,-0.20718427,0.12084847
TCGA-60-2710,LUSC,PSMB10,-0.20042475,-0.33316058
TCGA-60-2710,LUSC,TAP1,-0.2527279,0.5721707
TCGA-60-2710,LUSC,TAP2,-0.20345505,0.47616038
TCGA-60-2710,LUSC,ERAP1,-0.22256318,0.5211553
TCGA-60-2710,LUSC,ERAP2,0.0733482,0.8475032
TCGA-60-2710,LUSC,TAPBP,0.027542006,0.15740874
TCGA-60-2710,LUSC,CANX,-0.62639415,-0.83076584
TCGA-60-2710,LUSC,CALR,-0.21517403,0.38205862
TCGA-60-2710,LUSC,PDIA3,-0.4665417,0.14901525
TCGA-60-2710,LUSC,B2M,-0.26270694,-0.25840178
TCGA-60-2710,LUSC,HLA-A,-0.26556113,-0.26007015
TCGA-60-2710,LUSC,HLA-B,-0.16775116,-0.10663718
TCGA-60-2710,LUSC,HLA-C,-0.1532584,-0.17126124
TCGA-60-2710,LUSC,HLA-DQA1,-0.23046401,0.39551502
TCGA-60-2710,LUSC,HLA-DRB1,-0.23279342,0.24260493
TCGA-60-2710,LUSC,CMKLR1,-0.10208086,0.45751664
TCGA-60-2710,LUSC,HLA-E,0.114599064,-0.025846886
TCGA-60-2710,LUSC,NKG7,-0.09635452,-0.018537989
TCGA-60-2710,LUSC,CD8A,-0.14478034,0.52643895
TCGA-60-2710,LUSC,CCL5,-0.042848766,-0.055860925
TCGA-60-2710,LUSC,CXCL9,-0.16175795,0.75647277
TCGA-60-2710,LUSC,CD27,-0.15803468,0.31151587
TCGA-60-2710,LUSC,CXCR6,0.027481055,-0.078127265
TCGA-60-2710,LUSC,IDO1,-0.25361976,-0.2171235
TCGA-60-2710,LUSC,STAT1,-0.25311047,0.8032031
TCGA-60-2710,LUSC,CD274,0.039360575,-0.16178028
TCGA-60-2710,LUSC,CD276,0.50471437,1.3455818
TCGA-60-2710,LUSC,LAG3,-0.16533485,0.0485389
TCGA-60-2710,LUSC,PDCD1LG2,0.01231966,0.21094014
TCGA-60-2710,LUSC,TIGIT,-0.23002973,0.42651767
TCGA-60-2710,LUSC,APM,-0.1993204,0.117171265
TCGA-60-2710,LUSC,TIS,-0.14459892,0.26316556
TCGA-68-8250,LUSC,TMB,0.038732357,0.44597423
TCGA-68-8250,LUSC,PSMB5,0.2828675,-0.47639963
TCGA-68-8250,LUSC,PSMB6,0.42177445,1.4313163
TCGA-68-8250,LUSC,PSMB7,0.43003863,-0.73159474
TCGA-68-8250,LUSC,PSMB8,-0.44076997,-0.12295064
TCGA-68-8250,LUSC,PSMB9,-0.09819891,0.21190837
TCGA-68-8250,LUSC,PSMB10,-0.4005925,0.56040835
TCGA-68-8250,LUSC,TAP1,-0.24098174,0.8481766
TCGA-68-8250,LUSC,TAP2,-0.2933163,0.91626906
TCGA-68-8250,LUSC,ERAP1,-0.6906364,0.92808235
TCGA-68-8250,LUSC,ERAP2,-0.31016788,-0.21677284
TCGA-68-8250,LUSC,TAPBP,-0.38477716,1.0239575
TCGA-68-8250,LUSC,CANX,-0.058700405,1.2644533
TCGA-68-8250,LUSC,CALR,0.12863778,0.087284856
TCGA-68-8250,LUSC,PDIA3,-0.01757652,-0.47174874
TCGA-68-8250,LUSC,B2M,-0.3835398,0.004755138
TCGA-68-8250,LUSC,HLA-A,-0.3752543,0.08759879
TCGA-68-8250,LUSC,HLA-B,-0.47112888,0.16604882
TCGA-68-8250,LUSC,HLA-C,-0.51515186,0.19426788
TCGA-68-8250,LUSC,HLA-DQA1,-0.43890825,0.12343064
TCGA-68-8250,LUSC,HLA-DRB1,-0.7045179,0.034956228
TCGA-68-8250,LUSC,CMKLR1,-0.4416646,0.45041105
TCGA-68-8250,LUSC,HLA-E,-0.4808391,0.5436946
TCGA-68-8250,LUSC,NKG7,-0.16403167,0.020491606
TCGA-68-8250,LUSC,CD8A,-0.063289195,0.15137298
TCGA-68-8250,LUSC,CCL5,-0.37052944,-0.020133171
TCGA-68-8250,LUSC,CXCL9,-0.33084258,0.21932334
TCGA-68-8250,LUSC,CD27,-0.23632558,-0.1557309
TCGA-68-8250,LUSC,CXCR6,-0.46371716,0.21142793
TCGA-68-8250,LUSC,IDO1,0.047208633,2.2374465
TCGA-68-8250,LUSC,STAT1,-0.27051008,0.5672123
TCGA-68-8250,LUSC,CD274,-0.2620451,0.038216367
TCGA-68-8250,LUSC,CD276,-0.055817187,-1.2145221
TCGA-68-8250,LUSC,LAG3,-0.12438364,0.82723445
TCGA-68-8250,LUSC,PDCD1LG2,-0.4446022,-0.2516963
TCGA-68-8250,LUSC,TIGIT,-0.38504294,-0.05539337
TCGA-68-8250,LUSC,APM,-0.38594145,0.47144544
TCGA-68-8250,LUSC,TIS,-0.4817597,0.3209566
TCGA-22-5472,LUSC,TMB,-0.07263625,0.65345067
TCGA-22-5472,LUSC,PSMB5,0.014116046,-0.07886851
TCGA-22-5472,LUSC,PSMB6,0.042968072,-0.10263409
TCGA-22-5472,LUSC,PSMB7,0.031818695,-0.12542535
TCGA-22-5472,LUSC,PSMB8,-0.54988605,-0.53927505
TCGA-22-5472,LUSC,PSMB9,-0.6109467,-0.9826874
TCGA-22-5472,LUSC,PSMB10,-0.4919777,0.22871554
TCGA-22-5472,LUSC,TAP1,-0.37082106,-0.8191602
TCGA-22-5472,LUSC,TAP2,-0.22671738,-0.7318568
TCGA-22-5472,LUSC,ERAP1,-0.2303443,-1.2337843
TCGA-22-5472,LUSC,ERAP2,-0.4315671,-1.3900121
TCGA-22-5472,LUSC,TAPBP,-0.39233822,-0.44375393
TCGA-22-5472,LUSC,CANX,-0.66627276,-1.3842063
TCGA-22-5472,LUSC,CALR,-0.08364296,-0.45835015
TCGA-22-5472,LUSC,PDIA3,-0.11022353,-0.84300375
TCGA-22-5472,LUSC,B2M,-0.7160776,-0.57938635
TCGA-22-5472,LUSC,HLA-A,-0.6776718,-0.64033216
TCGA-22-5472,LUSC,HLA-B,-0.6108664,-0.5763222
TCGA-22-5472,LUSC,HLA-C,-0.6819291,-0.26885167
TCGA-22-5472,LUSC,HLA-DQA1,-0.7256853,0.06362662
TCGA-22-5472,LUSC,HLA-DRB1,-0.75000113,0.1278491
TCGA-22-5472,LUSC,CMKLR1,-0.8230769,0.16430882
TCGA-22-5472,LUSC,HLA-E,-0.40010363,-0.20549043
TCGA-22-5472,LUSC,NKG7,-0.6267096,0.13969219
TCGA-22-5472,LUSC,CD8A,-0.6306306,-0.52011824
TCGA-22-5472,LUSC,CCL5,-0.5594512,-0.76363194
TCGA-22-5472,LUSC,CXCL9,-0.7103135,-1.129923
TCGA-22-5472,LUSC,CD27,-0.37034768,-1.5631957
TCGA-22-5472,LUSC,CXCR6,-0.6009693,-0.7015878
TCGA-22-5472,LUSC,IDO1,-0.30283707,-0.48484814
TCGA-22-5472,LUSC,STAT1,-0.5822531,-1.141188
TCGA-22-5472,LUSC,CD274,-0.24718049,-0.88477254
TCGA-22-5472,LUSC,CD276,0.25956923,-0.65870315
TCGA-22-5472,LUSC,LAG3,-0.6741333,-1.1331042
TCGA-22-5472,LUSC,PDCD1LG2,-0.57627594,-0.7896997
TCGA-22-5472,LUSC,TIGIT,-0.58076125,-1.4168528
TCGA-22-5472,LUSC,APM,-0.6666351,-1.0061383
TCGA-22-5472,LUSC,TIS,-0.6888753,-0.86653274
TCGA-18-3410,LUSC,TMB,0.06899084,-0.08642374
TCGA-18-3410,LUSC,PSMB5,0.062549435,-0.6440756
TCGA-18-3410,LUSC,PSMB6,0.16262421,-0.30597576
TCGA-18-3410,LUSC,PSMB7,0.43002254,1.132588
TCGA-18-3410,LUSC,PSMB8,0.15103546,0.3526903
TCGA-18-3410,LUSC,PSMB9,0.48961583,0.8157533
TCGA-18-3410,LUSC,PSMB10,-0.06894415,0.2530605
TCGA-18-3410,LUSC,TAP1,0.7421068,0.65055686
TCGA-18-3410,LUSC,TAP2,0.3840134,-1.0990351
TCGA-18-3410,LUSC,ERAP1,0.5354565,0.31482905
TCGA-18-3410,LUSC,ERAP2,0.25811064,0.99204636
TCGA-18-3410,LUSC,TAPBP,0.21133351,0.8619328
TCGA-18-3410,LUSC,CANX,-0.08794582,-1.0747148
TCGA-18-3410,LUSC,CALR,-0.03139187,0.42699412
TCGA-18-3410,LUSC,PDIA3,-0.24302337,-0.6914207
TCGA-18-3410,LUSC,B2M,0.41002506,1.3094672
TCGA-18-3410,LUSC,HLA-A,-0.044362027,0.40019795
TCGA-18-3410,LUSC,HLA-B,0.17711873,0.94443095
TCGA-18-3410,LUSC,HLA-C,0.023128808,0.44039717
TCGA-18-3410,LUSC,HLA-DQA1,0.014133978,1.0873414
TCGA-18-3410,LUSC,HLA-DRB1,-0.06630136,0.758796
TCGA-18-3410,LUSC,CMKLR1,0.22833112,-0.49846092
TCGA-18-3410,LUSC,HLA-E,-0.01870652,-0.36310983
TCGA-18-3410,LUSC,NKG7,0.5363562,1.2630033
TCGA-18-3410,LUSC,CD8A,0.5839586,1.3756782
TCGA-18-3410,LUSC,CCL5,0.6683208,1.4164126
TCGA-18-3410,LUSC,CXCL9,0.50389326,0.6982277
TCGA-18-3410,LUSC,CD27,0.1699723,0.6587278
TCGA-18-3410,LUSC,CXCR6,0.32589978,1.2202783
TCGA-18-3410,LUSC,IDO1,0.17717211,-0.24282584
TCGA-18-3410,LUSC,STAT1,0.69981027,0.50984764
TCGA-18-3410,LUSC,CD274,0.76383483,3.2299337
TCGA-18-3410,LUSC,CD276,0.6380254,0.1938571
TCGA-18-3410,LUSC,LAG3,0.6759593,0.9259486
TCGA-18-3410,LUSC,PDCD1LG2,0.76044565,1.6495829
TCGA-18-3410,LUSC,TIGIT,0.4532494,0.8464641
TCGA-18-3410,LUSC,APM,0.24127921,0.63214993
TCGA-18-3410,LUSC,TIS,0.41880742,1.2091757
TCGA-18-3406,LUSC,TMB,-0.03577009,-0.08642374
TCGA-18-3406,LUSC,PSMB5,0.060471464,0.6202279
TCGA-18-3406,LUSC,PSMB6,0.11360347,-0.27284402
TCGA-18-3406,LUSC,PSMB7,0.1665509,1.0828762
TCGA-18-3406,LUSC,PSMB8,-0.28894386,3.6742165
TCGA-18-3406,LUSC,PSMB9,-0.16637047,3.2526846
TCGA-18-3406,LUSC,PSMB10,-0.44707268,1.0851283
TCGA-18-3406,LUSC,TAP1,0.04260724,2.8398767
TCGA-18-3406,LUSC,TAP2,0.07453661,2.6036718
TCGA-18-3406,LUSC,ERAP1,-0.0048125475,1.1505902
TCGA-18-3406,LUSC,ERAP2,-0.13918719,-0.64463
TCGA-18-3406,LUSC,TAPBP,0.02087593,-0.5183838
TCGA-18-3406,LUSC,CANX,-0.25123566,2.1331005
TCGA-18-3406,LUSC,CALR,-0.0820211,0.47068763
TCGA-18-3406,LUSC,PDIA3,-0.04615128,-0.42676556
TCGA-18-3406,LUSC,B2M,-0.14870957,2.1562374
TCGA-18-3406,LUSC,HLA-A,-0.32213897,0.6326337
TCGA-18-3406,LUSC,HLA-B,-0.33287305,2.1187158
TCGA-18-3406,LUSC,HLA-C,-0.52022177,1.670283
TCGA-18-3406,LUSC,HLA-DQA1,-0.58668804,2.171379
TCGA-18-3406,LUSC,HLA-DRB1,-0.5618892,2.2738125
TCGA-18-3406,LUSC,CMKLR1,-0.4087534,-0.46575883
TCGA-18-3406,LUSC,HLA-E,-0.3314208,2.24977
TCGA-18-3406,LUSC,NKG7,-0.21111818,0.6103693
TCGA-18-3406,LUSC,CD8A,-0.19441429,0.32817328
TCGA-18-3406,LUSC,CCL5,-0.17709348,0.20921975
TCGA-18-3406,LUSC,CXCL9,-0.30378813,0.88552314
TCGA-18-3406,LUSC,CD27,-0.2117722,1.054521
TCGA-18-3406,LUSC,CXCR6,-0.41360736,1.2125732
TCGA-18-3406,LUSC,IDO1,-0.32776198,1.8052567
TCGA-18-3406,LUSC,STAT1,-0.062436014,1.0744501
TCGA-18-3406,LUSC,CD274,0.08765437,-0.37899712
TCGA-18-3406,LUSC,CD276,0.51068515,-1.7339381
TCGA-18-3406,LUSC,LAG3,-0.16579533,-0.5899993
TCGA-18-3406,LUSC,PDCD1LG2,-0.10355377,0.3696906
TCGA-18-3406,LUSC,TIGIT,-0.19177702,0.83214283
TCGA-18-3406,LUSC,APM,-0.2569856,2.0557268
TCGA-18-3406,LUSC,TIS,-0.32486773,1.3665348
TCGA-43-5668,LUSC,TMB,0.21230574,1.4104513
TCGA-43-5668,LUSC,PSMB5,-0.25706154,-0.24559075
TCGA-43-5668,LUSC,PSMB6,-0.3881521,-0.56729245
TCGA-43-5668,LUSC,PSMB7,-0.10697017,0.26942477
TCGA-43-5668,LUSC,PSMB8,0.09892838,-0.33674103
TCGA-43-5668,LUSC,PSMB9,0.5744379,-0.06545212
TCGA-43-5668,LUSC,PSMB10,0.018150115,-0.057302587
TCGA-43-5668,LUSC,TAP1,0.6230949,0.2710713
TCGA-43-5668,LUSC,TAP2,0.533602,0.48865223
TCGA-43-5668,LUSC,ERAP1,0.32468718,-1.1862029
TCGA-43-5668,LUSC,ERAP2,0.10195787,0.77722615
TCGA-43-5668,LUSC,TAPBP,0.13497482,0.2754332
TCGA-43-5668,LUSC,CANX,-0.14518173,-0.9575432
TCGA-43-5668,LUSC,CALR,0.017425312,-0.88335013
TCGA-43-5668,LUSC,PDIA3,-0.13377509,-1.0857223
TCGA-43-5668,LUSC,B2M,0.21478908,0.39808485
TCGA-43-5668,LUSC,HLA-A,0.111097276,0.62889194
TCGA-43-5668,LUSC,HLA-B,0.26715097,0.53347874
TCGA-43-5668,LUSC,HLA-C,0.08002329,1.1695157
TCGA-43-5668,LUSC,HLA-DQA1,0.33109936,1.382448
TCGA-43-5668,LUSC,HLA-DRB1,-0.04207404,1.0437955
TCGA-43-5668,LUSC,CMKLR1,0.609192,1.8639665
TCGA-43-5668,LUSC,HLA-E,0.11195062,0.3696166
TCGA-43-5668,LUSC,NKG7,0.5052751,1.2596896
TCGA-43-5668,LUSC,CD8A,0.3500684,1.4132129
TCGA-43-5668,LUSC,CCL5,0.34940034,1.3272877
TCGA-43-5668,LUSC,CXCL9,0.5069636,1.8359175
TCGA-43-5668,LUSC,CD27,0.49554196,0.9280618
TCGA-43-5668,LUSC,CXCR6,0.54438,1.817624
TCGA-43-5668,LUSC,IDO1,0.3469703,-0.06393672
TCGA-43-5668,LUSC,STAT1,0.61608326,1.702022
TCGA-43-5668,LUSC,CD274,0.2909263,0.023587443
TCGA-43-5668,LUSC,CD276,0.36660808,-0.5560292
TCGA-43-5668,LUSC,LAG3,0.3234829,1.6904831
TCGA-43-5668,LUSC,PDCD1LG2,0.397393,1.6532999
TCGA-43-5668,LUSC,TIGIT,0.4444446,1.8386313
TCGA-43-5668,LUSC,APM,0.26164573,0.18902408
TCGA-43-5668,LUSC,TIS,0.5879921,1.4293981
TCGA-94-7557,LUSC,TMB,0.15109293,-1.0679052
TCGA-94-7557,LUSC,PSMB5,0.2887856,-0.6433559
TCGA-94-7557,LUSC,PSMB6,0.07059063,2.212027
TCGA-94-7557,LUSC,PSMB7,0.13794588,-0.6254973
TCGA-94-7557,LUSC,PSMB8,-0.36032075,-0.12700531
TCGA-94-7557,LUSC,PSMB9,-0.25836203,-0.31851766
TCGA-94-7557,LUSC,PSMB10,-0.20664284,-0.41647574
TCGA-94-7557,LUSC,TAP1,-0.19429307,-0.5961589
TCGA-94-7557,LUSC,TAP2,0.10221567,-0.33757228
TCGA-94-7557,LUSC,ERAP1,-0.25476515,-0.78776896
TCGA-94-7557,LUSC,ERAP2,0.03796771,-1.4450369
TCGA-94-7557,LUSC,TAPBP,-0.076802306,-0.7481506
TCGA-94-7557,LUSC,CANX,-0.009125248,-0.348276
TCGA-94-7557,LUSC,CALR,0.42289418,-0.4935925
TCGA-94-7557,LUSC,PDIA3,0.12852955,0.9118477
TCGA-94-7557,LUSC,B2M,-0.13709596,-0.8545296
TCGA-94-7557,LUSC,HLA-A,-0.30740607,-0.630763
TCGA-94-7557,LUSC,HLA-B,-0.37883803,-0.79522127
TCGA-94-7557,LUSC,HLA-C,-0.27201456,-1.3110406
TCGA-94-7557,LUSC,HLA-DQA1,-0.51738024,-0.9512754
TCGA-94-7557,LUSC,HLA-DRB1,-0.47436246,-0.44094518
TCGA-94-7557,LUSC,CMKLR1,-0.4654397,-0.7370339
TCGA-94-7557,LUSC,HLA-E,-0.33433506,-0.9690774
TCGA-94-7557,LUSC,NKG7,-0.36312512,-0.6717925
TCGA-94-7557,LUSC,CD8A,-0.304033,-1.2581522
TCGA-94-7557,LUSC,CCL5,-0.21490197,-1.0257401
TCGA-94-7557,LUSC,CXCL9,-0.31792444,-1.4652122
TCGA-94-7557,LUSC,CD27,-0.34028023,-1.2042458
TCGA-94-7557,LUSC,CXCR6,-0.40602502,-1.0378795
TCGA-94-7557,LUSC,IDO1,-0.07639597,0.013293892
TCGA-94-7557,LUSC,STAT1,-0.1458041,-0.32012647
TCGA-94-7557,LUSC,CD274,0.069591925,-0.11269449
TCGA-94-7557,LUSC,CD276,0.21518871,1.240159
TCGA-94-7557,LUSC,LAG3,0.0070185275,-0.7805235
TCGA-94-7557,LUSC,PDCD1LG2,-0.008159721,-0.7426866
TCGA-94-7557,LUSC,TIGIT,-0.16559891,-0.96588033
TCGA-94-7557,LUSC,APM,-0.057166558,-0.7900268
TCGA-94-7557,LUSC,TIS,-0.2664973,-0.8499991
TCGA-94-7943,LUSC,TMB,0.09378116,-0.1976831
TCGA-94-7943,LUSC,PSMB5,0.32047024,-1.0279884
TCGA-94-7943,LUSC,PSMB6,0.13248321,0.53289497
TCGA-94-7943,LUSC,PSMB7,0.26492497,-1.0961285
TCGA-94-7943,LUSC,PSMB8,-0.74950397,-0.1472348
TCGA-94-7943,LUSC,PSMB9,-0.80911905,-0.8737462
TCGA-94-7943,LUSC,PSMB10,-0.6823529,0.095285
TCGA-94-7943,LUSC,TAP1,-0.52120155,-0.95466316
TCGA-94-7943,LUSC,TAP2,-0.21367705,0.2217542
TCGA-94-7943,LUSC,ERAP1,-0.59025943,-0.6930547
TCGA-94-7943,LUSC,ERAP2,-0.27332476,-1.449921
TCGA-94-7943,LUSC,TAPBP,-0.48637515,-0.32823554
TCGA-94-7943,LUSC,CANX,-0.24424236,-0.7330754
TCGA-94-7943,LUSC,CALR,0.48714304,-1.217204
TCGA-94-7943,LUSC,PDIA3,0.18255201,0.56723404
TCGA-94-7943,LUSC,B2M,-0.5615148,-0.5504008
TCGA-94-7943,LUSC,HLA-A,-0.77277315,-0.48521122
TCGA-94-7943,LUSC,HLA-B,-0.80838966,-0.6159589
TCGA-94-7943,LUSC,HLA-C,-0.7545451,-0.50765246
TCGA-94-7943,LUSC,HLA-DQA1,-0.8995169,-0.41011938
TCGA-94-7943,LUSC,HLA-DRB1,-0.9029471,-0.5286275
TCGA-94-7943,LUSC,CMKLR1,-0.7352541,-0.47750247
TCGA-94-7943,LUSC,HLA-E,-0.58414567,-0.49799773
TCGA-94-7943,LUSC,NKG7,-0.64845026,-0.6357795
TCGA-94-7943,LUSC,CD8A,-0.55708694,-0.55786884
TCGA-94-7943,LUSC,CCL5,-0.49397913,0.8932418
TCGA-94-7943,LUSC,CXCL9,-0.6435828,-0.20087962
TCGA-94-7943,LUSC,CD27,-0.6819087,-0.52017754
TCGA-94-7943,LUSC,CXCR6,-0.6593695,-0.4168774
TCGA-94-7943,LUSC,IDO1,-0.27789468,-0.8988626
TCGA-94-7943,LUSC,STAT1,-0.42712307,-1.207908
TCGA-94-7943,LUSC,CD274,-0.097109005,-1.1244605
TCGA-94-7943,LUSC,CD276,0.079183325,0.3731166
TCGA-94-7943,LUSC,LAG3,-0.29376718,-0.9784799
TCGA-94-7943,LUSC,PDCD1LG2,-0.33815506,-1.068889
TCGA-94-7943,LUSC,TIGIT,-0.38225117,-0.87585175
TCGA-94-7943,LUSC,APM,-0.48345882,-0.8578637
TCGA-94-7943,LUSC,TIS,-0.72088754,-0.71745145
TCGA-43-2578,LUSC,TMB,0.016811384,0.4410107
TCGA-43-2578,LUSC,PSMB5,-0.32326207,0.5148228
TCGA-43-2578,LUSC,PSMB6,-0.5898895,1.8913449
TCGA-43-2578,LUSC,PSMB7,-0.2878772,0.4502165
TCGA-43-2578,LUSC,PSMB8,-0.30940327,-0.83420956
TCGA-43-2578,LUSC,PSMB9,0.038919106,-0.77898425
TCGA-43-2578,LUSC,PSMB10,-0.28950578,-0.84590673
TCGA-43-2578,LUSC,TAP1,0.031556804,-0.7266936
TCGA-43-2578,LUSC,TAP2,0.14083433,-0.7640541
TCGA-43-2578,LUSC,ERAP1,0.046469186,-1.4692326
TCGA-43-2578,LUSC,ERAP2,0.05647277,0.007493371
TCGA-43-2578,LUSC,TAPBP,-0.11937432,-0.8105025
TCGA-43-2578,LUSC,CANX,-0.21419768,-0.8051054
TCGA-43-2578,LUSC,CALR,-0.2257196,0.2843562
TCGA-43-2578,LUSC,PDIA3,-0.034574457,-0.41883096
TCGA-43-2578,LUSC,B2M,-0.10131872,-0.49668586
TCGA-43-2578,LUSC,HLA-A,-0.10231563,-0.03428421
TCGA-43-2578,LUSC,HLA-B,-0.011802904,0.023121245
TCGA-43-2578,LUSC,HLA-C,-0.24347934,-0.5649429
TCGA-43-2578,LUSC,HLA-DQA1,0.22837877,-0.2857016
TCGA-43-2578,LUSC,HLA-DRB1,-0.27408344,-0.1546377
TCGA-43-2578,LUSC,CMKLR1,0.36612326,0.01620825
TCGA-43-2578,LUSC,HLA-E,-0.13594301,-0.037417434
TCGA-43-2578,LUSC,NKG7,-0.008118593,0.18480246
TCGA-43-2578,LUSC,CD8A,0.027190734,0.36233675
TCGA-43-2578,LUSC,CCL5,0.24749362,0.08879814
TCGA-43-2578,LUSC,CXCL9,0.07892481,0.79446644
TCGA-43-2578,LUSC,CD27,0.3075161,-0.092064925
TCGA-43-2578,LUSC,CXCR6,0.19303016,0.039475627
TCGA-43-2578,LUSC,IDO1,0.0664873,0.3252011
TCGA-43-2578,LUSC,STAT1,0.36989468,-0.7214498
TCGA-43-2578,LUSC,CD274,-0.032302003,-0.98945206
TCGA-43-2578,LUSC,CD276,0.16977906,-0.30527383
TCGA-43-2578,LUSC,LAG3,0.020311395,0.48958686
TCGA-43-2578,LUSC,PDCD1LG2,0.1528841,-0.27985492
TCGA-43-2578,LUSC,TIGIT,0.45624208,-0.57468253
TCGA-43-2578,LUSC,APM,-0.14399883,-0.51323473
TCGA-43-2578,LUSC,TIS,0.17367034,-0.3145101
TCGA-39-5039,LUSC,TMB,-0.111323,-0.32654402
TCGA-39-5039,LUSC,PSMB5,0.48300943,0.9436596
TCGA-39-5039,LUSC,PSMB6,0.40142542,0.39046547
TCGA-39-5039,LUSC,PSMB7,0.3661484,1.0177302
TCGA-39-5039,LUSC,PSMB8,0.16531344,-0.09098489
TCGA-39-5039,LUSC,PSMB9,0.32864556,-0.20606072
TCGA-39-5039,LUSC,PSMB10,0.018441152,0.080147326
TCGA-39-5039,LUSC,TAP1,0.44413114,-0.5126499
TCGA-39-5039,LUSC,TAP2,0.15252931,-0.9743957
TCGA-39-5039,LUSC,ERAP1,-0.07352636,0.62981147
TCGA-39-5039,LUSC,ERAP2,0.0719945,-1.3199749
TCGA-39-5039,LUSC,TAPBP,-0.0339273,-0.67643684
TCGA-39-5039,LUSC,CANX,-0.14412194,-0.18599877
TCGA-39-5039,LUSC,CALR,0.12350023,0.8720821
TCGA-39-5039,LUSC,PDIA3,-0.08728762,0.23265636
TCGA-39-5039,LUSC,B2M,0.23097678,0.4819548
TCGA-39-5039,LUSC,HLA-A,0.2848689,-0.091452554
TCGA-39-5039,LUSC,HLA-B,0.21212164,0.033627063
TCGA-39-5039,LUSC,HLA-C,0.15998377,-0.28218034
TCGA-39-5039,LUSC,HLA-DQA1,-0.13565382,-0.17708597
TCGA-39-5039,LUSC,HLA-DRB1,0.004818016,0.5107591
TCGA-39-5039,LUSC,CMKLR1,-0.20535591,-0.62158066
TCGA-39-5039,LUSC,HLA-E,0.16809449,0.339462
TCGA-39-5039,LUSC,NKG7,0.007900578,-0.18830822
TCGA-39-5039,LUSC,CD8A,0.023662005,0.28693148
TCGA-39-5039,LUSC,CCL5,0.060205005,0.2119578
TCGA-39-5039,LUSC,CXCL9,-0.035013974,-1.1226702
TCGA-39-5039,LUSC,CD27,0.06694585,-0.24283865
TCGA-39-5039,LUSC,CXCR6,0.0820335,-0.64047265
TCGA-39-5039,LUSC,IDO1,0.21803331,-0.07375334
TCGA-39-5039,LUSC,STAT1,0.1581768,-0.56030273
TCGA-39-5039,LUSC,CD274,0.016442114,-0.9671025
TCGA-39-5039,LUSC,CD276,0.32159358,0.95320374
TCGA-39-5039,LUSC,LAG3,0.16499762,-0.98530155
TCGA-39-5039,LUSC,PDCD1LG2,0.068780616,-0.6570078
TCGA-39-5039,LUSC,TIGIT,0.024072219,-0.99128455
TCGA-39-5039,LUSC,APM,0.3861524,-0.10846165
TCGA-39-5039,LUSC,TIS,0.067383654,-0.34319115
TCGA-77-A5GA,LUSC,TMB,0.0077206283,-0.40437326
TCGA-77-A5GA,LUSC,PSMB5,0.19682942,-0.05996465
TCGA-77-A5GA,LUSC,PSMB6,0.44869867,2.2173834
TCGA-77-A5GA,LUSC,PSMB7,0.58112085,0.7642943
TCGA-77-A5GA,LUSC,PSMB8,-0.8461565,-0.47665665
TCGA-77-A5GA,LUSC,PSMB9,-0.7456285,-0.7457267
TCGA-77-A5GA,LUSC,PSMB10,-0.81827915,-0.041657556
TCGA-77-A5GA,LUSC,TAP1,-0.77423227,-0.8740231
TCGA-77-A5GA,LUSC,TAP2,-0.7736053,-0.74164015
TCGA-77-A5GA,LUSC,ERAP1,-0.48694104,0.21408516
TCGA-77-A5GA,LUSC,ERAP2,-0.4831307,0.8650947
TCGA-77-A5GA,LUSC,TAPBP,-0.624743,-0.2502356
TCGA-77-A5GA,LUSC,CANX,-0.5633488,0.50121593
TCGA-77-A5GA,LUSC,CALR,-0.08069761,-1.5316743
TCGA-77-A5GA,LUSC,PDIA3,0.04688108,-0.118617564
TCGA-77-A5GA,LUSC,B2M,-1.0801116,-0.72480667
TCGA-77-A5GA,LUSC,HLA-A,-0.92592543,-1.2863255
TCGA-77-A5GA,LUSC,HLA-B,-1.0273609,-1.3303086
TCGA-77-A5GA,LUSC,HLA-C,-1.121162,-1.1989914
TCGA-77-A5GA,LUSC,HLA-DQA1,-1.0639299,-1.0523667
TCGA-77-A5GA,LUSC,HLA-DRB1,-1.01978,-1.1958725
TCGA-77-A5GA,LUSC,CMKLR1,-0.9725566,-1.3644199
TCGA-77-A5GA,LUSC,HLA-E,-0.96740305,-0.3511296
TCGA-77-A5GA,LUSC,NKG7,-0.47477394,-0.32892504
TCGA-77-A5GA,LUSC,CD8A,-0.67150867,-0.74396974
TCGA-77-A5GA,LUSC,CCL5,-0.9300907,-0.9053713
TCGA-77-A5GA,LUSC,CXCL9,-0.71205556,-1.4437878
TCGA-77-A5GA,LUSC,CD27,-0.49493846,-0.4525994
TCGA-77-A5GA,LUSC,CXCR6,-0.81350154,-1.1161814
TCGA-77-A5GA,LUSC,IDO1,-0.8721811,-0.7859132
TCGA-77-A5GA,LUSC,STAT1,-0.85651255,-1.3531448
TCGA-77-A5GA,LUSC,CD274,0.022356723,1.0203896
TCGA-77-A5GA,LUSC,CD276,0.52454567,-0.493205
TCGA-77-A5GA,LUSC,LAG3,-0.7290863,-0.7545918
TCGA-77-A5GA,LUSC,PDCD1LG2,-0.5801719,0.13753194
TCGA-77-A5GA,LUSC,TIGIT,-0.7428924,-0.17913099
TCGA-77-A5GA,LUSC,APM,-1.0799576,-0.51455116
TCGA-77-A5GA,LUSC,TIS,-0.9617087,-0.88782924
TCGA-60-2711,LUSC,TMB,0.017609715,-0.7883604
TCGA-60-2711,LUSC,PSMB5,0.10456921,0.6821446
TCGA-60-2711,LUSC,PSMB6,0.3688387,-0.13541485
TCGA-60-2711,LUSC,PSMB7,0.5151603,0.8360007
TCGA-60-2711,LUSC,PSMB8,-0.011820406,-0.11820328
TCGA-60-2711,LUSC,PSMB9,0.096112475,-0.15631592
TCGA-60-2711,LUSC,PSMB10,-0.18442878,-0.5644582
TCGA-60-2711,LUSC,TAP1,0.15920694,0.035853844
TCGA-60-2711,LUSC,TAP2,0.096088156,0.06672889
TCGA-60-2711,LUSC,ERAP1,-0.021330718,-0.119459
TCGA-60-2711,LUSC,ERAP2,-0.053217888,0.24132514
TCGA-60-2711,LUSC,TAPBP,-0.394334,0.122568764
TCGA-60-2711,LUSC,CANX,0.020154137,-0.4125524
TCGA-60-2711,LUSC,CALR,0.51111114,0.71891284
TCGA-60-2711,LUSC,PDIA3,-0.18480864,0.7369408
TCGA-60-2711,LUSC,B2M,-0.08142792,-0.5175182
TCGA-60-2711,LUSC,HLA-A,-0.12192796,-0.3752753
TCGA-60-2711,LUSC,HLA-B,0.08961214,-0.2757356
TCGA-60-2711,LUSC,HLA-C,-0.06003704,-0.49984196
TCGA-60-2711,LUSC,HLA-DQA1,-0.07180325,-0.5852339
TCGA-60-2711,LUSC,HLA-DRB1,-0.17530368,-0.7976236
TCGA-60-2711,LUSC,CMKLR1,-0.030384388,-0.8680295
TCGA-60-2711,LUSC,HLA-E,-0.19210288,-0.39602017
TCGA-60-2711,LUSC,NKG7,0.21797805,0.68769526
TCGA-60-2711,LUSC,CD8A,0.55836886,0.6269973
TCGA-60-2711,LUSC,CCL5,0.24192055,0.30228567
TCGA-60-2711,LUSC,CXCL9,0.20803323,-0.045457732
TCGA-60-2711,LUSC,CD27,0.33319253,0.22908066
TCGA-60-2711,LUSC,CXCR6,0.31571388,0.17532215
TCGA-60-2711,LUSC,IDO1,-0.063605964,0.04626526
TCGA-60-2711,LUSC,STAT1,0.1822864,-0.42419055
TCGA-60-2711,LUSC,CD274,0.15697071,-1.0415351
TCGA-60-2711,LUSC,CD276,0.39176184,1.1283412
TCGA-60-2711,LUSC,LAG3,0.42654467,0.58212274
TCGA-60-2711,LUSC,PDCD1LG2,0.3759814,-1.0046939
TCGA-60-2711,LUSC,TIGIT,0.37926516,0.265583
TCGA-60-2711,LUSC,APM,-0.021793246,-0.033544037
TCGA-60-2711,LUSC,TIS,0.13565592,-0.14906065
TCGA-63-A5MP,LUSC,TMB,0.12671605,-0.15964466
TCGA-63-A5MP,LUSC,PSMB5,0.13202398,-0.71391493
TCGA-63-A5MP,LUSC,PSMB6,0.2093062,0.12583303
TCGA-63-A5MP,LUSC,PSMB7,0.06008643,1.3605429
TCGA-63-A5MP,LUSC,PSMB8,-0.9255785,0.23236981
TCGA-63-A5MP,LUSC,PSMB9,-0.9276172,0.24915943
TCGA-63-A5MP,LUSC,PSMB10,-0.899932,0.010665438
TCGA-63-A5MP,LUSC,TAP1,-0.5212363,0.39528352
TCGA-63-A5MP,LUSC,TAP2,-0.5301183,0.6538027
TCGA-63-A5MP,LUSC,ERAP1,-0.31608805,-0.46142474
TCGA-63-A5MP,LUSC,ERAP2,-0.30549628,-0.75907725
TCGA-63-A5MP,LUSC,TAPBP,-0.84065485,-1.0141182
TCGA-63-A5MP,LUSC,CANX,-0.6977991,-0.8136882
TCGA-63-A5MP,LUSC,CALR,-0.22985712,-1.826901
TCGA-63-A5MP,LUSC,PDIA3,-0.050355107,0.35150233
TCGA-63-A5MP,LUSC,B2M,-1.088685,0.7169823
TCGA-63-A5MP,LUSC,HLA-A,-0.76333225,-0.13725942
TCGA-63-A5MP,LUSC,HLA-B,-1.08693,-0.25740933
TCGA-63-A5MP,LUSC,HLA-C,-0.97718066,-0.65927494
TCGA-63-A5MP,LUSC,HLA-DQA1,-1.0991094,0.50758797
TCGA-63-A5MP,LUSC,HLA-DRB1,-1.1420794,0.12276182
TCGA-63-A5MP,LUSC,CMKLR1,-0.94702184,0.49717957
TCGA-63-A5MP,LUSC,HLA-E,-0.98130226,-0.31637818
TCGA-63-A5MP,LUSC,NKG7,-0.8259808,0.4808216
TCGA-63-A5MP,LUSC,CD8A,-0.83634055,0.4848144
TCGA-63-A5MP,LUSC,CCL5,-0.7433566,0.034136
TCGA-63-A5MP,LUSC,CXCL9,-0.72524583,0.21642968
TCGA-63-A5MP,LUSC,CD27,-0.7337034,0.687559
TCGA-63-A5MP,LUSC,CXCR6,-1.0252357,0.7142977
TCGA-63-A5MP,LUSC,IDO1,-0.5549015,0.88153887
TCGA-63-A5MP,LUSC,STAT1,-0.6652478,-0.106737144
TCGA-63-A5MP,LUSC,CD274,-0.13611689,2.991081
TCGA-63-A5MP,LUSC,CD276,0.5537165,-0.052892417
TCGA-63-A5MP,LUSC,LAG3,-0.46432018,0.7968468
TCGA-63-A5MP,LUSC,PDCD1LG2,-0.648584,0.909837
TCGA-63-A5MP,LUSC,TIGIT,-0.8490759,1.0860636
TCGA-63-A5MP,LUSC,APM,-0.98001397,-0.16509303
TCGA-63-A5MP,LUSC,TIS,-0.91170484,0.7734468
TCGA-66-2759,LUSC,TMB,0.1718905,0.7490803
TCGA-66-2759,LUSC,PSMB5,0.5023679,0.3776045
TCGA-66-2759,LUSC,PSMB6,0.649078,0.09994337
TCGA-66-2759,LUSC,PSMB7,0.8764273,1.0704494
TCGA-66-2759,LUSC,PSMB8,0.57777965,-0.45273495
TCGA-66-2759,LUSC,PSMB9,0.6006455,-0.10966771
TCGA-66-2759,LUSC,PSMB10,0.4611922,-0.24676165
TCGA-66-2759,LUSC,TAP1,0.85492575,-0.076940194
TCGA-66-2759,LUSC,TAP2,0.37461862,-0.5208408
TCGA-66-2759,LUSC,ERAP1,0.2306141,-0.28599808
TCGA-66-2759,LUSC,ERAP2,-0.24628203,0.9275592
TCGA-66-2759,LUSC,TAPBP,0.15333554,-0.43819988
TCGA-66-2759,LUSC,CANX,-0.2498152,-0.48061052
TCGA-66-2759,LUSC,CALR,0.602861,-0.6795738
TCGA-66-2759,LUSC,PDIA3,-0.27474093,-0.87191755
TCGA-66-2759,LUSC,B2M,0.56369466,-0.08820676
TCGA-66-2759,LUSC,HLA-A,0.26644918,-1.0726095
TCGA-66-2759,LUSC,HLA-B,0.2860306,-0.65379715
TCGA-66-2759,LUSC,HLA-C,0.2817245,-0.3245685
TCGA-66-2759,LUSC,HLA-DQA1,0.09347801,0.5369878
TCGA-66-2759,LUSC,HLA-DRB1,0.10315792,0.12683158
TCGA-66-2759,LUSC,CMKLR1,0.23571452,0.5488201
TCGA-66-2759,LUSC,HLA-E,0.19753638,0.15875773
TCGA-66-2759,LUSC,NKG7,0.47559768,0.37239873
TCGA-66-2759,LUSC,CD8A,0.4500734,0.12642676
TCGA-66-2759,LUSC,CCL5,0.35656065,0.07628389
TCGA-66-2759,LUSC,CXCL9,0.15316382,0.614242
TCGA-66-2759,LUSC,CD27,0.13726197,0.054943834
TCGA-66-2759,LUSC,CXCR6,0.35638252,0.36254874
TCGA-66-2759,LUSC,IDO1,0.22210304,-0.14490673
TCGA-66-2759,LUSC,STAT1,0.41950807,0.3340464
TCGA-66-2759,LUSC,CD274,0.7159887,2.4615176
TCGA-66-2759,LUSC,CD276,0.84617376,0.11823846
TCGA-66-2759,LUSC,LAG3,0.20108895,0.2276911
TCGA-66-2759,LUSC,PDCD1LG2,0.5967714,4.0886507
TCGA-66-2759,LUSC,TIGIT,-0.071002424,-0.0677955
TCGA-66-2759,LUSC,APM,0.5246994,-0.27422473
TCGA-66-2759,LUSC,TIS,0.3735736,1.0562543
TCGA-66-2763,LUSC,TMB,0.23205094,0.7041267
TCGA-66-2763,LUSC,PSMB5,0.6264532,1.2378433
TCGA-66-2763,LUSC,PSMB6,0.42752856,0.118798226
TCGA-66-2763,LUSC,PSMB7,0.6093625,-0.7346586
TCGA-66-2763,LUSC,PSMB8,0.11861988,-0.16023381
TCGA-66-2763,LUSC,PSMB9,0.047267057,0.38572294
TCGA-66-2763,LUSC,PSMB10,-0.17266172,-0.4764579
TCGA-66-2763,LUSC,TAP1,0.14064887,0.39786994
TCGA-66-2763,LUSC,TAP2,-0.41541308,-0.639809
TCGA-66-2763,LUSC,ERAP1,-0.5810735,-1.225673
TCGA-66-2763,LUSC,ERAP2,-0.41003472,0.92628354
TCGA-66-2763,LUSC,TAPBP,-0.60798657,-0.64207226
TCGA-66-2763,LUSC,CANX,-0.3180567,-0.5970936
TCGA-66-2763,LUSC,CALR,0.43775263,0.074783154
TCGA-66-2763,LUSC,PDIA3,-0.17131245,-0.8201805
TCGA-66-2763,LUSC,B2M,0.03458231,-0.14127451
TCGA-66-2763,LUSC,HLA-A,-0.05291345,-1.1642979
TCGA-66-2763,LUSC,HLA-B,-0.19153354,-0.65450925
TCGA-66-2763,LUSC,HLA-C,-0.20952845,-1.4016753
TCGA-66-2763,LUSC,HLA-DQA1,-0.208462,0.13000315
TCGA-66-2763,LUSC,HLA-DRB1,-0.2144589,-0.21470492
TCGA-66-2763,LUSC,CMKLR1,-0.22348642,-0.30830923
TCGA-66-2763,LUSC,HLA-E,-0.27388707,-0.19781767
TCGA-66-2763,LUSC,NKG7,-0.17975482,-0.19456182
TCGA-66-2763,LUSC,CD8A,0.027411932,-0.4354965
TCGA-66-2763,LUSC,CCL5,-0.17755124,-0.32602975
TCGA-66-2763,LUSC,CXCL9,-0.2567285,-0.15231359
TCGA-66-2763,LUSC,CD27,-0.15470651,-0.15687557
TCGA-66-2763,LUSC,CXCR6,-0.046703737,-0.1797468
TCGA-66-2763,LUSC,IDO1,-0.13321045,1.2796324
TCGA-66-2763,LUSC,STAT1,-0.27829728,0.17666996
TCGA-66-2763,LUSC,CD274,0.13765118,1.239251
TCGA-66-2763,LUSC,CD276,0.443889,0.18594661
TCGA-66-2763,LUSC,LAG3,-0.336651,0.13699579
TCGA-66-2763,LUSC,PDCD1LG2,0.113662764,0.93207616
TCGA-66-2763,LUSC,TIGIT,-0.4294234,-0.7761885
TCGA-66-2763,LUSC,APM,-0.20757946,-0.38465187
TCGA-66-2763,LUSC,TIS,-0.20751552,-0.07426124
TCGA-77-8139,LUSC,TMB,-0.079421535,-0.051148664
TCGA-77-8139,LUSC,PSMB5,0.029153133,0.87041247
TCGA-77-8139,LUSC,PSMB6,0.18502364,-0.55507654
TCGA-77-8139,LUSC,PSMB7,0.13647693,-0.5712145
TCGA-77-8139,LUSC,PSMB8,-0.19193812,-0.3472875
TCGA-77-8139,LUSC,PSMB9,0.15792498,-1.4635295
TCGA-77-8139,LUSC,PSMB10,-0.033188615,-1.3885316
TCGA-77-8139,LUSC,TAP1,0.13864394,-0.0889644
TCGA-77-8139,LUSC,TAP2,0.25278863,0.27476963
TCGA-77-8139,LUSC,ERAP1,-0.013962345,-0.42194676
TCGA-77-8139,LUSC,ERAP2,0.09922998,0.77202845
TCGA-77-8139,LUSC,TAPBP,0.47931433,-0.07167374
TCGA-77-8139,LUSC,CANX,-0.25243878,-1.8806056
TCGA-77-8139,LUSC,CALR,0.44459876,-0.33625954
TCGA-77-8139,LUSC,PDIA3,0.21148698,0.096878625
TCGA-77-8139,LUSC,B2M,-0.057270598,-0.96707165
TCGA-77-8139,LUSC,HLA-A,-0.21100774,-1.2533592
TCGA-77-8139,LUSC,HLA-B,0.0009756565,-0.9513517
TCGA-77-8139,LUSC,HLA-C,-0.18172319,-1.142524
TCGA-77-8139,LUSC,HLA-DQA1,-0.28808066,-0.38344994
TCGA-77-8139,LUSC,HLA-DRB1,-0.10036931,-0.9217322
TCGA-77-8139,LUSC,CMKLR1,-0.120944895,-0.5099747
TCGA-77-8139,LUSC,HLA-E,-0.12556052,-0.97816527
TCGA-77-8139,LUSC,NKG7,0.28441826,-0.5669573
TCGA-77-8139,LUSC,CD8A,0.15463121,-0.65446275
TCGA-77-8139,LUSC,CCL5,0.3875479,-0.57285005
TCGA-77-8139,LUSC,CXCL9,-0.08165196,-0.38481855
TCGA-77-8139,LUSC,CD27,0.32773474,0.80427325
TCGA-77-8139,LUSC,CXCR6,0.041585766,-0.7318836
TCGA-77-8139,LUSC,IDO1,-0.0041381717,-1.0010186
TCGA-77-8139,LUSC,STAT1,0.21707141,-0.5988441
TCGA-77-8139,LUSC,CD274,0.22366504,-0.6640216
TCGA-77-8139,LUSC,CD276,0.62662834,0.727443
TCGA-77-8139,LUSC,LAG3,0.2711265,-0.19624482
TCGA-77-8139,LUSC,PDCD1LG2,0.40632468,-0.19835444
TCGA-77-8139,LUSC,TIGIT,0.13250725,-0.7035749
TCGA-77-8139,LUSC,APM,0.047933638,-0.82152414
TCGA-77-8139,LUSC,TIS,0.16040105,-0.72383267
TCGA-56-8629,LUSC,TMB,0.0045189057,0.043305952
TCGA-56-8629,LUSC,PSMB5,0.15920384,0.6197073
TCGA-56-8629,LUSC,PSMB6,0.16246095,-0.42599997
TCGA-56-8629,LUSC,PSMB7,0.25993234,0.14154781
TCGA-56-8629,LUSC,PSMB8,-0.24038813,-0.28495434
TCGA-56-8629,LUSC,PSMB9,-0.006513335,-0.30109972
TCGA-56-8629,LUSC,PSMB10,-0.05494977,-0.0944622
TCGA-56-8629,LUSC,TAP1,0.17810123,-0.055972543
TCGA-56-8629,LUSC,TAP2,0.21012612,0.36974657
TCGA-56-8629,LUSC,ERAP1,0.03990422,-0.83627206
TCGA-56-8629,LUSC,ERAP2,-0.15007387,-1.3733934
TCGA-56-8629,LUSC,TAPBP,0.014050871,1.0693433
TCGA-56-8629,LUSC,CANX,-0.29829022,-0.42227367
TCGA-56-8629,LUSC,CALR,-0.14176568,0.2970645
TCGA-56-8629,LUSC,PDIA3,-0.058262646,-0.51269436
TCGA-56-8629,LUSC,B2M,-0.34066978,-1.498989
TCGA-56-8629,LUSC,HLA-A,-0.18198878,-1.2107936
TCGA-56-8629,LUSC,HLA-B,-0.23648496,-0.65710866
TCGA-56-8629,LUSC,HLA-C,-0.29165515,-0.17142338
TCGA-56-8629,LUSC,HLA-DQA1,-0.40924662,-1.5070642
TCGA-56-8629,LUSC,HLA-DRB1,-0.47413117,-0.32518196
TCGA-56-8629,LUSC,CMKLR1,-0.016298467,-0.5164063
TCGA-56-8629,LUSC,HLA-E,-0.17521743,0.29018864
TCGA-56-8629,LUSC,NKG7,0.082135774,-0.57786876
TCGA-56-8629,LUSC,CD8A,0.027083501,-0.4077791
TCGA-56-8629,LUSC,CCL5,-0.057830453,1.1596991
TCGA-56-8629,LUSC,CXCL9,-0.17448226,-0.81523544
TCGA-56-8629,LUSC,CD27,-0.14257836,-1.0831388
TCGA-56-8629,LUSC,CXCR6,-0.20417614,-1.1081604
TCGA-56-8629,LUSC,IDO1,0.002631134,-0.66701037
TCGA-56-8629,LUSC,STAT1,0.042081494,0.7320022
TCGA-56-8629,LUSC,CD274,-0.12327006,-1.1344988
TCGA-56-8629,LUSC,CD276,0.2833639,1.1218486
TCGA-56-8629,LUSC,LAG3,0.015059605,0.009607809
TCGA-56-8629,LUSC,PDCD1LG2,-0.008487542,-0.9098424
TCGA-56-8629,LUSC,TIGIT,0.04526281,-0.9257767
TCGA-56-8629,LUSC,APM,-0.15976827,-0.59676665
TCGA-56-8629,LUSC,TIS,-0.06926118,-0.28947112
TCGA-33-AASD,LUSC,TMB,0.10771626,0.6142522
TCGA-33-AASD,LUSC,PSMB5,0.2570787,-0.37863114
TCGA-33-AASD,LUSC,PSMB6,0.41413516,1.1366045
TCGA-33-AASD,LUSC,PSMB7,0.78089076,1.5693343
TCGA-33-AASD,LUSC,PSMB8,-0.69636536,0.084770285
TCGA-33-AASD,LUSC,PSMB9,-0.6939411,-0.25095302
TCGA-33-AASD,LUSC,PSMB10,-0.63163054,0.031290922
TCGA-33-AASD,LUSC,TAP1,-0.3411615,-0.004587785
TCGA-33-AASD,LUSC,TAP2,-0.036121286,-0.65674126
TCGA-33-AASD,LUSC,ERAP1,-0.2212944,-0.93998426
TCGA-33-AASD,LUSC,ERAP2,-0.38778526,0.2904165
TCGA-33-AASD,LUSC,TAPBP,-0.5273272,-0.6630444
TCGA-33-AASD,LUSC,CANX,-0.51621085,-0.5190474
TCGA-33-AASD,LUSC,CALR,-0.092076175,-0.9202648
TCGA-33-AASD,LUSC,PDIA3,0.08068027,-0.9450958
TCGA-33-AASD,LUSC,B2M,-1.0426109,-0.20398779
TCGA-33-AASD,LUSC,HLA-A,-0.8350624,0.21509735
TCGA-33-AASD,LUSC,HLA-B,-0.8798976,-0.012966742
TCGA-33-AASD,LUSC,HLA-C,-0.80110395,0.56072277
TCGA-33-AASD,LUSC,HLA-DQA1,-1.1025101,-1.1777675
TCGA-33-AASD,LUSC,HLA-DRB1,-1.1818478,-1.3625221
TCGA-33-AASD,LUSC,CMKLR1,-1.1770552,-1.467333
TCGA-33-AASD,LUSC,HLA-E,-0.78286594,-0.0727182
TCGA-33-AASD,LUSC,NKG7,-0.6959092,-1.0336552
TCGA-33-AASD,LUSC,CD8A,-0.82680845,-1.2126083
TCGA-33-AASD,LUSC,CCL5,-0.96632063,-1.6352344
TCGA-33-AASD,LUSC,CXCL9,-0.83877933,-0.22366376
TCGA-33-AASD,LUSC,CD27,-1.0377537,-1.4504948
TCGA-33-AASD,LUSC,CXCR6,-0.9139393,-1.0765448
TCGA-33-AASD,LUSC,IDO1,-0.42749944,-0.9926622
TCGA-33-AASD,LUSC,STAT1,-0.47324944,0.3943817
TCGA-33-AASD,LUSC,CD274,0.033557843,-0.65639853
TCGA-33-AASD,LUSC,CD276,0.7091734,-0.5553638
TCGA-33-AASD,LUSC,LAG3,-0.57260334,-0.7014948
TCGA-33-AASD,LUSC,PDCD1LG2,-0.5084429,-1.0771378
TCGA-33-AASD,LUSC,TIGIT,-0.8908229,-1.1671906
TCGA-33-AASD,LUSC,APM,-0.55161047,-0.054139525
TCGA-33-AASD,LUSC,TIS,-0.9035961,-1.1573783
TCGA-56-8201,LUSC,TMB,0.077063486,-0.3349892
TCGA-56-8201,LUSC,PSMB5,0.043028582,0.39065707
TCGA-56-8201,LUSC,PSMB6,0.15144198,1.6683905
TCGA-56-8201,LUSC,PSMB7,0.23760207,0.34746036
TCGA-56-8201,LUSC,PSMB8,0.6549031,0.45188868
TCGA-56-8201,LUSC,PSMB9,1.1062324,0.7257821
TCGA-56-8201,LUSC,PSMB10,0.8914355,0.7142588
TCGA-56-8201,LUSC,TAP1,1.1372348,1.2638812
TCGA-56-8201,LUSC,TAP2,1.2072732,1.3040271
TCGA-56-8201,LUSC,ERAP1,0.6951764,1.6385769
TCGA-56-8201,LUSC,ERAP2,0.32306218,-0.23287088
TCGA-56-8201,LUSC,TAPBP,0.93352604,1.7425709
TCGA-56-8201,LUSC,CANX,0.09834417,0.27947444
TCGA-56-8201,LUSC,CALR,0.6153871,0.0030750558
TCGA-56-8201,LUSC,PDIA3,-0.03295337,-0.036788292
TCGA-56-8201,LUSC,B2M,0.6880627,0.7015895
TCGA-56-8201,LUSC,HLA-A,0.7906085,0.2305223
TCGA-56-8201,LUSC,HLA-B,0.94070655,0.883453
TCGA-56-8201,LUSC,HLA-C,0.83254415,0.9330154
TCGA-56-8201,LUSC,HLA-DQA1,0.6179942,1.3006562
TCGA-56-8201,LUSC,HLA-DRB1,0.45504457,1.1299304
TCGA-56-8201,LUSC,CMKLR1,0.83452415,2.079121
TCGA-56-8201,LUSC,HLA-E,0.8271842,0.6641048
TCGA-56-8201,LUSC,NKG7,1.0561202,1.6167936
TCGA-56-8201,LUSC,CD8A,0.8763269,1.526812
TCGA-56-8201,LUSC,CCL5,1.1115565,1.6800916
TCGA-56-8201,LUSC,CXCL9,0.749322,1.3028666
TCGA-56-8201,LUSC,CD27,0.89602786,0.50922114
TCGA-56-8201,LUSC,CXCR6,0.8678085,0.92862636
TCGA-56-8201,LUSC,IDO1,0.8115565,0.4812127
TCGA-56-8201,LUSC,STAT1,1.0755173,1.7470571
TCGA-56-8201,LUSC,CD274,0.4901444,0.7843521
TCGA-56-8201,LUSC,CD276,0.7905934,1.6251422
TCGA-56-8201,LUSC,LAG3,0.8072513,1.6395034
TCGA-56-8201,LUSC,PDCD1LG2,1.0438054,1.0346968
TCGA-56-8201,LUSC,TIGIT,1.0165129,1.3546568
TCGA-56-8201,LUSC,APM,1.0249357,1.0789698
TCGA-56-8201,LUSC,TIS,1.2095777,1.4927421
TCGA-22-5485,LUSC,TMB,-0.049001686,0.0035728663
TCGA-22-5485,LUSC,PSMB5,0.43136993,1.6338985
TCGA-22-5485,LUSC,PSMB6,0.21154785,1.9193405
TCGA-22-5485,LUSC,PSMB7,0.5164395,1.1715777
TCGA-22-5485,LUSC,PSMB8,-0.34606415,-1.2207782
TCGA-22-5485,LUSC,PSMB9,-0.56002575,-1.0720202
TCGA-22-5485,LUSC,PSMB10,-0.35969406,-1.2116572
TCGA-22-5485,LUSC,TAP1,-0.13963096,-0.9693377
TCGA-22-5485,LUSC,TAP2,-0.107607484,-0.3390921
TCGA-22-5485,LUSC,ERAP1,-0.16836376,-1.8277255
TCGA-22-5485,LUSC,ERAP2,-0.4289023,-0.83037287
TCGA-22-5485,LUSC,TAPBP,-0.47699007,-0.73314345
TCGA-22-5485,LUSC,CANX,-0.5325049,-0.6217412
TCGA-22-5485,LUSC,CALR,-0.022625376,0.91692656
TCGA-22-5485,LUSC,PDIA3,0.14680544,0.48256755
TCGA-22-5485,LUSC,B2M,-0.5458233,-1.496487
TCGA-22-5485,LUSC,HLA-A,-0.6138257,-0.48999265
TCGA-22-5485,LUSC,HLA-B,-0.6333581,-1.4348259
TCGA-22-5485,LUSC,HLA-C,-0.5799035,-1.2087675
TCGA-22-5485,LUSC,HLA-DQA1,-0.74809456,-0.14251967
TCGA-22-5485,LUSC,HLA-DRB1,-0.77254474,-0.07274884
TCGA-22-5485,LUSC,CMKLR1,-0.7939933,0.09578577
TCGA-22-5485,LUSC,HLA-E,-0.5306484,-1.0908026
TCGA-22-5485,LUSC,NKG7,-0.48159522,-0.7313397
TCGA-22-5485,LUSC,CD8A,-0.49148577,-0.95579034
TCGA-22-5485,LUSC,CCL5,-0.54376495,-0.9945429
TCGA-22-5485,LUSC,CXCL9,-0.6168679,-0.99922216
TCGA-22-5485,LUSC,CD27,-0.593911,-1.432688
TCGA-22-5485,LUSC,CXCR6,-0.64183027,-0.84887356
TCGA-22-5485,LUSC,IDO1,-0.056427367,-0.997349
TCGA-22-5485,LUSC,STAT1,-0.26339942,-0.74274206
TCGA-22-5485,LUSC,CD274,0.22623451,0.24021536
TCGA-22-5485,LUSC,CD276,0.43671006,0.75720304
TCGA-22-5485,LUSC,LAG3,-0.46238357,-0.48502755
TCGA-22-5485,LUSC,PDCD1LG2,-0.15560868,-0.4666258
TCGA-22-5485,LUSC,TIGIT,-0.6794028,-1.2710567
TCGA-22-5485,LUSC,APM,-0.5014384,-0.9463948
TCGA-22-5485,LUSC,TIS,-0.4906226,-0.88676494
TCGA-22-4594,LUSC,TMB,-0.025681224,0.53254163
TCGA-22-4594,LUSC,PSMB5,0.30808958,-0.28749862
TCGA-22-4594,LUSC,PSMB6,0.14200854,0.29318127
TCGA-22-4594,LUSC,PSMB7,0.24783233,0.03254031
TCGA-22-4594,LUSC,PSMB8,-0.24523206,0.53797036
TCGA-22-4594,LUSC,PSMB9,-0.10143453,0.09620334
TCGA-22-4594,LUSC,PSMB10,-0.16272715,0.41128585
TCGA-22-4594,LUSC,TAP1,-0.21108572,-0.2784933
TCGA-22-4594,LUSC,TAP2,-0.01898185,-0.94917667
TCGA-22-4594,LUSC,ERAP1,-0.15723208,-0.4864758
TCGA-22-4594,LUSC,ERAP2,-0.018790435,-1.1394901
TCGA-22-4594,LUSC,TAPBP,0.037869312,-0.7787078
TCGA-22-4594,LUSC,CANX,-0.3532553,2.086668
TCGA-22-4594,LUSC,CALR,0.11849817,1.1786633
TCGA-22-4594,LUSC,PDIA3,0.18037334,-0.36990386
TCGA-22-4594,LUSC,B2M,-0.24913096,0.78103524
TCGA-22-4594,LUSC,HLA-A,-0.22835962,-0.020088881
TCGA-22-4594,LUSC,HLA-B,-0.29120597,-0.08631837
TCGA-22-4594,LUSC,HLA-C,-0.18990542,0.4145503
TCGA-22-4594,LUSC,HLA-DQA1,-0.17442676,0.44169772
TCGA-22-4594,LUSC,HLA-DRB1,-0.26155314,0.3101481
TCGA-22-4594,LUSC,CMKLR1,-0.28438044,0.3655685
TCGA-22-4594,LUSC,HLA-E,-0.45201606,-0.23218843
TCGA-22-4594,LUSC,NKG7,0.14830287,0.8864782
TCGA-22-4594,LUSC,CD8A,0.19077374,0.40123194
TCGA-22-4594,LUSC,CCL5,0.14491828,0.12024941
TCGA-22-4594,LUSC,CXCL9,0.12748651,0.3938386
TCGA-22-4594,LUSC,CD27,0.1408963,2.660418
TCGA-22-4594,LUSC,CXCR6,-0.1200809,1.3616302
TCGA-22-4594,LUSC,IDO1,0.09964083,1.1314348
TCGA-22-4594,LUSC,STAT1,0.004881692,-0.17626026
TCGA-22-4594,LUSC,CD274,-0.18669906,-0.5508842
TCGA-22-4594,LUSC,CD276,0.08867771,-1.050078
TCGA-22-4594,LUSC,LAG3,0.0870625,0.22718129
TCGA-22-4594,LUSC,PDCD1LG2,-0.19695145,0.1694275
TCGA-22-4594,LUSC,TIGIT,0.025330162,0.6220344
TCGA-22-4594,LUSC,APM,-0.19864663,0.05214521
TCGA-22-4594,LUSC,TIS,0.005423751,0.60518056
TCGA-96-7544,LUSC,TMB,-0.06642342,0.77698135
TCGA-96-7544,LUSC,PSMB5,0.061484896,0.96712446
TCGA-96-7544,LUSC,PSMB6,-0.06502034,-1.307493
TCGA-96-7544,LUSC,PSMB7,-0.07917921,-1.3390636
TCGA-96-7544,LUSC,PSMB8,-0.5500982,-1.7956622
TCGA-96-7544,LUSC,PSMB9,-0.50548637,-0.83811253
TCGA-96-7544,LUSC,PSMB10,-0.54391587,-1.0422404
TCGA-96-7544,LUSC,TAP1,-0.15264265,-1.102711
TCGA-96-7544,LUSC,TAP2,0.03500223,-0.9613307
TCGA-96-7544,LUSC,ERAP1,-0.08023411,-0.5389313
TCGA-96-7544,LUSC,ERAP2,-0.22963634,-1.3129792
TCGA-96-7544,LUSC,TAPBP,-0.21859665,-1.5197971
TCGA-96-7544,LUSC,CANX,-0.66190755,0.43601903
TCGA-96-7544,LUSC,CALR,-0.45582214,-0.46447068
TCGA-96-7544,LUSC,PDIA3,-0.20836306,0.25425082
TCGA-96-7544,LUSC,B2M,-0.65543234,-0.122544855
TCGA-96-7544,LUSC,HLA-A,-0.36747402,-1.459035
TCGA-96-7544,LUSC,HLA-B,-0.4538819,-0.815311
TCGA-96-7544,LUSC,HLA-C,-0.6160806,-1.2005644
TCGA-96-7544,LUSC,HLA-DQA1,-0.6752564,0.17144036
TCGA-96-7544,LUSC,HLA-DRB1,-0.6281759,-0.305621
TCGA-96-7544,LUSC,CMKLR1,-0.43270272,0.67109257
TCGA-96-7544,LUSC,HLA-E,-0.3836082,-1.0542368
TCGA-96-7544,LUSC,NKG7,-0.36036175,-0.30740896
TCGA-96-7544,LUSC,CD8A,-0.43524113,-0.28246027
TCGA-96-7544,LUSC,CCL5,-0.20404486,-0.18824393
TCGA-96-7544,LUSC,CXCL9,-0.43039924,0.75271523
TCGA-96-7544,LUSC,CD27,-0.23255607,0.08233824
TCGA-96-7544,LUSC,CXCR6,-0.43796134,0.033938747
TCGA-96-7544,LUSC,IDO1,-0.31379047,-0.052549127
TCGA-96-7544,LUSC,STAT1,-0.21396264,0.04242374
TCGA-96-7544,LUSC,CD274,0.10091871,1.4959638
TCGA-96-7544,LUSC,CD276,0.32086146,-0.8508242
TCGA-96-7544,LUSC,LAG3,-0.29085928,-0.743651
TCGA-96-7544,LUSC,PDCD1LG2,-0.34851152,1.1285286
TCGA-96-7544,LUSC,TIGIT,-0.34343338,0.5545389
TCGA-96-7544,LUSC,APM,-0.39889598,-1.3758963
TCGA-96-7544,LUSC,TIS,-0.39656514,-0.059334997
TCGA-66-2792,LUSC,TMB,0.11076605,-0.5441087
TCGA-66-2792,LUSC,PSMB5,0.2858469,0.11087108
TCGA-66-2792,LUSC,PSMB6,0.34048676,1.0688384
TCGA-66-2792,LUSC,PSMB7,0.49422798,0.98138565
TCGA-66-2792,LUSC,PSMB8,-0.26286966,-1.1985432
TCGA-66-2792,LUSC,PSMB9,-0.19808945,-1.0277188
TCGA-66-2792,LUSC,PSMB10,-0.38220924,-1.4694117
TCGA-66-2792,LUSC,TAP1,-0.036696948,-0.7161475
TCGA-66-2792,LUSC,TAP2,-0.46167612,-1.1740801
TCGA-66-2792,LUSC,ERAP1,-0.5683828,-0.067489795
TCGA-66-2792,LUSC,ERAP2,-0.52158177,-1.5166377
TCGA-66-2792,LUSC,TAPBP,-0.6621579,-1.5991567
TCGA-66-2792,LUSC,CANX,-0.44546455,-0.5800428
TCGA-66-2792,LUSC,CALR,0.2955839,-1.3021513
TCGA-66-2792,LUSC,PDIA3,-0.33603314,-0.115513936
TCGA-66-2792,LUSC,B2M,-0.33370888,-0.70094377
TCGA-66-2792,LUSC,HLA-A,-0.5202761,-1.218445
TCGA-66-2792,LUSC,HLA-B,-0.46828118,-0.98869777
TCGA-66-2792,LUSC,HLA-C,-0.44240624,-1.037099
TCGA-66-2792,LUSC,HLA-DQA1,-0.30068225,-0.46650195
TCGA-66-2792,LUSC,HLA-DRB1,-0.5093568,-0.8109632
TCGA-66-2792,LUSC,CMKLR1,-0.4277628,-0.27849218
TCGA-66-2792,LUSC,HLA-E,-0.5302114,-1.2276614
TCGA-66-2792,LUSC,NKG7,-0.35577145,-0.6883263
TCGA-66-2792,LUSC,CD8A,-0.16602506,-0.65974337
TCGA-66-2792,LUSC,CCL5,-0.50176644,-0.87949467
TCGA-66-2792,LUSC,CXCL9,-0.3105392,0.18670036
TCGA-66-2792,LUSC,CD27,-0.20279467,-0.8286711
TCGA-66-2792,LUSC,CXCR6,-0.22075453,-0.5153888
TCGA-66-2792,LUSC,IDO1,-0.43737283,-1.0886881
TCGA-66-2792,LUSC,STAT1,-0.34558025,-0.38418624
TCGA-66-2792,LUSC,CD274,0.024256168,1.5442479
TCGA-66-2792,LUSC,CD276,0.577248,0.38281977
TCGA-66-2792,LUSC,LAG3,-0.47718844,-0.90073085
TCGA-66-2792,LUSC,PDCD1LG2,-0.071114555,1.3661268
TCGA-66-2792,LUSC,TIGIT,-0.52350676,-0.91955733
TCGA-66-2792,LUSC,APM,-0.4648738,-1.3001658
TCGA-66-2792,LUSC,TIS,-0.32436937,-0.5006824
TCGA-77-A5GB,LUSC,TMB,0.02213502,-0.6771011
TCGA-77-A5GB,LUSC,PSMB5,0.069384955,-0.23910736
TCGA-77-A5GB,LUSC,PSMB6,0.16995925,-0.6798158
TCGA-77-A5GB,LUSC,PSMB7,0.39050144,0.71060133
TCGA-77-A5GB,LUSC,PSMB8,0.3690772,0.2785639
TCGA-77-A5GB,LUSC,PSMB9,0.39972666,0.09642321
TCGA-77-A5GB,LUSC,PSMB10,0.43580952,-0.15416496
TCGA-77-A5GB,LUSC,TAP1,0.5249567,0.94560254
TCGA-77-A5GB,LUSC,TAP2,0.5666196,1.6523255
TCGA-77-A5GB,LUSC,ERAP1,0.3864203,-1.3270875
TCGA-77-A5GB,LUSC,ERAP2,0.17717013,0.9398474
TCGA-77-A5GB,LUSC,TAPBP,0.5256936,0.40467018
TCGA-77-A5GB,LUSC,CANX,-0.29559585,-1.2981764
TCGA-77-A5GB,LUSC,CALR,0.23799798,1.3571049
TCGA-77-A5GB,LUSC,PDIA3,0.18245867,0.31572637
TCGA-77-A5GB,LUSC,B2M,0.17761047,0.39863792
TCGA-77-A5GB,LUSC,HLA-A,0.23867974,0.5658255
TCGA-77-A5GB,LUSC,HLA-B,0.32591912,0.7815541
TCGA-77-A5GB,LUSC,HLA-C,0.18686998,0.5415426
TCGA-77-A5GB,LUSC,HLA-DQA1,-0.054147996,-0.000118328695
TCGA-77-A5GB,LUSC,HLA-DRB1,0.11952486,-0.0720611
TCGA-77-A5GB,LUSC,CMKLR1,0.10360279,-0.12932342
TCGA-77-A5GB,LUSC,HLA-E,0.31776685,0.22213794
TCGA-77-A5GB,LUSC,NKG7,0.5525308,0.24203172
TCGA-77-A5GB,LUSC,CD8A,0.4399333,-0.18756445
TCGA-77-A5GB,LUSC,CCL5,0.43097878,0.13240527
TCGA-77-A5GB,LUSC,CXCL9,0.2807626,0.98698825
TCGA-77-A5GB,LUSC,CD27,0.393864,0.24022815
TCGA-77-A5GB,LUSC,CXCR6,0.2538002,0.056995757
TCGA-77-A5GB,LUSC,IDO1,0.3209169,-0.77192014
TCGA-77-A5GB,LUSC,STAT1,0.5335208,0.24981298
TCGA-77-A5GB,LUSC,CD274,0.4236094,0.08953803
TCGA-77-A5GB,LUSC,CD276,0.5702151,1.1576474
TCGA-77-A5GB,LUSC,LAG3,0.4196064,0.0076670777
TCGA-77-A5GB,LUSC,PDCD1LG2,0.35187778,-0.04649669
TCGA-77-A5GB,LUSC,TIGIT,0.46270403,0.48587415
TCGA-77-A5GB,LUSC,APM,0.44502193,0.58426774
TCGA-77-A5GB,LUSC,TIS,0.52901995,0.117949225
TCGA-22-4609,LUSC,TMB,0.11436884,-0.18999554
TCGA-22-4609,LUSC,PSMB5,0.17322254,-0.44484288
TCGA-22-4609,LUSC,PSMB6,0.17068923,-0.64723015
TCGA-22-4609,LUSC,PSMB7,0.28222054,-1.1264441
TCGA-22-4609,LUSC,PSMB8,-0.48106647,-0.41453698
TCGA-22-4609,LUSC,PSMB9,-0.5479158,0.19474326
TCGA-22-4609,LUSC,PSMB10,-0.52785355,0.45371532
TCGA-22-4609,LUSC,TAP1,-0.33593974,0.2667887
TCGA-22-4609,LUSC,TAP2,-0.21957056,-0.32937816
TCGA-22-4609,LUSC,ERAP1,-0.3696247,-0.19246344
TCGA-22-4609,LUSC,ERAP2,-0.37010002,0.25660723
TCGA-22-4609,LUSC,TAPBP,-0.3114849,-0.33973432
TCGA-22-4609,LUSC,CANX,-0.6839746,-0.7558853
TCGA-22-4609,LUSC,CALR,0.093407944,-0.24627039
TCGA-22-4609,LUSC,PDIA3,-0.15235196,-0.2099412
TCGA-22-4609,LUSC,B2M,-0.6292007,0.5549294
TCGA-22-4609,LUSC,HLA-A,-0.56790245,-0.25258604
TCGA-22-4609,LUSC,HLA-B,-0.50898445,0.15887141
TCGA-22-4609,LUSC,HLA-C,-0.46668968,0.082105
TCGA-22-4609,LUSC,HLA-DQA1,-0.60210097,0.10227294
TCGA-22-4609,LUSC,HLA-DRB1,-0.6024862,0.07316751
TCGA-22-4609,LUSC,CMKLR1,-0.5510805,0.9240674
TCGA-22-4609,LUSC,HLA-E,-0.43626028,0.32420793
TCGA-22-4609,LUSC,NKG7,-0.3346684,0.7625985
TCGA-22-4609,LUSC,CD8A,-0.30471388,1.112994
TCGA-22-4609,LUSC,CCL5,-0.3343428,0.59956586
TCGA-22-4609,LUSC,CXCL9,-0.46911126,0.95335287
TCGA-22-4609,LUSC,CD27,-0.34267634,0.9531596
TCGA-22-4609,LUSC,CXCR6,-0.4362045,1.0823654
TCGA-22-4609,LUSC,IDO1,-0.28693208,0.2908506
TCGA-22-4609,LUSC,STAT1,-0.36931795,0.49706978
TCGA-22-4609,LUSC,CD274,-0.12748995,0.5279082
TCGA-22-4609,LUSC,CD276,0.27251518,0.32012942
TCGA-22-4609,LUSC,LAG3,-0.3129796,0.42019436
TCGA-22-4609,LUSC,PDCD1LG2,-0.34035164,0.90825593
TCGA-22-4609,LUSC,TIGIT,-0.30295527,0.9851834
TCGA-22-4609,LUSC,APM,-0.53415096,-0.07821208
TCGA-22-4609,LUSC,TIS,-0.54973716,0.6537416
TCGA-O2-A5IB,LUSC,TMB,-0.07223004,0.20980118
TCGA-O2-A5IB,LUSC,PSMB5,-0.09994688,-0.24481072
TCGA-O2-A5IB,LUSC,PSMB6,0.120609045,-1.5578597
TCGA-O2-A5IB,LUSC,PSMB7,0.2334971,-1.4006859
TCGA-O2-A5IB,LUSC,PSMB8,-0.33250254,-0.66508895
TCGA-O2-A5IB,LUSC,PSMB9,-0.46631378,-1.971431
TCGA-O2-A5IB,LUSC,PSMB10,-0.25421005,-0.8944693
TCGA-O2-A5IB,LUSC,TAP1,-0.3908667,-1.2655221
TCGA-O2-A5IB,LUSC,TAP2,-0.3904276,-1.5978752
TCGA-O2-A5IB,LUSC,ERAP1,-0.16644806,-0.4537993
TCGA-O2-A5IB,LUSC,ERAP2,-0.24580717,0.5687971
TCGA-O2-A5IB,LUSC,TAPBP,-0.32198027,-3.1214495
TCGA-O2-A5IB,LUSC,CANX,-0.5908388,-0.012469402
TCGA-O2-A5IB,LUSC,CALR,-0.24735081,0.03973769
TCGA-O2-A5IB,LUSC,PDIA3,0.07596507,-1.3450963
TCGA-O2-A5IB,LUSC,B2M,-0.33260924,-2.5185096
TCGA-O2-A5IB,LUSC,HLA-A,-0.22469744,-2.1923735
TCGA-O2-A5IB,LUSC,HLA-B,-0.3673772,-1.9800345
TCGA-O2-A5IB,LUSC,HLA-C,-0.12556235,-1.2298872
TCGA-O2-A5IB,LUSC,HLA-DQA1,-0.54370874,-1.6037742
TCGA-O2-A5IB,LUSC,HLA-DRB1,-0.37309736,-2.0218604
TCGA-O2-A5IB,LUSC,CMKLR1,-0.57412857,-1.6016754
TCGA-O2-A5IB,LUSC,HLA-E,-0.3449882,-2.8210247
TCGA-O2-A5IB,LUSC,NKG7,-0.07258245,-1.8402221
TCGA-O2-A5IB,LUSC,CD8A,-0.16120394,-1.0475407
TCGA-O2-A5IB,LUSC,CCL5,-0.11376216,-1.7496085
TCGA-O2-A5IB,LUSC,CXCL9,-0.39400545,-0.648075
TCGA-O2-A5IB,LUSC,CD27,-0.21929312,-1.5187
TCGA-O2-A5IB,LUSC,CXCR6,-0.29574826,-1.3514117
TCGA-O2-A5IB,LUSC,IDO1,-0.31570157,-0.28808334
TCGA-O2-A5IB,LUSC,STAT1,-0.49565887,0.25544757
TCGA-O2-A5IB,LUSC,CD274,-0.072317496,-1.3475937
TCGA-O2-A5IB,LUSC,CD276,0.28498733,-0.58609235
TCGA-O2-A5IB,LUSC,LAG3,-0.3511594,-1.367308
TCGA-O2-A5IB,LUSC,PDCD1LG2,-0.2744465,-1.3373531
TCGA-O2-A5IB,LUSC,TIGIT,-0.24747443,-1.4499582
TCGA-O2-A5IB,LUSC,APM,-0.42948055,-2.0310373
TCGA-O2-A5IB,LUSC,TIS,-0.48092994,-1.9559457
TCGA-77-8154,LUSC,TMB,0.03010359,-0.044195004
TCGA-77-8154,LUSC,PSMB5,0.19787581,0.36287823
TCGA-77-8154,LUSC,PSMB6,0.27412385,-0.27372414
TCGA-77-8154,LUSC,PSMB7,0.37175894,-1.3061821
TCGA-77-8154,LUSC,PSMB8,-0.3434178,-1.4281374
TCGA-77-8154,LUSC,PSMB9,-0.32256067,-1.974596
TCGA-77-8154,LUSC,PSMB10,-0.49526963,-1.7332784
TCGA-77-8154,LUSC,TAP1,-0.04388982,-0.6407723
TCGA-77-8154,LUSC,TAP2,-0.21050759,-1.2521349
TCGA-77-8154,LUSC,ERAP1,-0.44725102,-1.4219009
TCGA-77-8154,LUSC,ERAP2,-0.39867073,-1.6602752
TCGA-77-8154,LUSC,TAPBP,-0.122785844,-0.853154
TCGA-77-8154,LUSC,CANX,-0.4069934,-1.7642422
TCGA-77-8154,LUSC,CALR,0.048622847,-0.16341294
TCGA-77-8154,LUSC,PDIA3,0.035197686,-0.8604181
TCGA-77-8154,LUSC,B2M,-0.4263103,-1.3556572
TCGA-77-8154,LUSC,HLA-A,-0.34502795,-1.1436741
TCGA-77-8154,LUSC,HLA-B,-0.41863832,-1.2090596
TCGA-77-8154,LUSC,HLA-C,-0.49835357,-2.2446122
TCGA-77-8154,LUSC,HLA-DQA1,-0.7285126,-2.0869746
TCGA-77-8154,LUSC,HLA-DRB1,-0.8619746,-2.0406249
TCGA-77-8154,LUSC,CMKLR1,-0.57419133,-1.2880685
TCGA-77-8154,LUSC,HLA-E,-0.53101504,-0.9309501
TCGA-77-8154,LUSC,NKG7,-0.35777923,-1.6267736
TCGA-77-8154,LUSC,CD8A,-0.41807038,-1.5070356
TCGA-77-8154,LUSC,CCL5,-0.322442,-1.819108
TCGA-77-8154,LUSC,CXCL9,-0.46909317,-2.0412695
TCGA-77-8154,LUSC,CD27,-0.512777,-1.3074279
TCGA-77-8154,LUSC,CXCR6,-0.57396543,-1.6212137
TCGA-77-8154,LUSC,IDO1,-0.37733498,-0.013661828
TCGA-77-8154,LUSC,STAT1,-0.139685,-1.8886539
TCGA-77-8154,LUSC,CD274,-0.2404263,-1.3092265
TCGA-77-8154,LUSC,CD276,0.64084107,-1.2229259
TCGA-77-8154,LUSC,LAG3,-0.36535,-1.3717926
TCGA-77-8154,LUSC,PDCD1LG2,-0.34348845,-1.6927317
TCGA-77-8154,LUSC,TIGIT,-0.5114063,-1.417377
TCGA-77-8154,LUSC,APM,-0.47502938,-2.0709605
TCGA-77-8154,LUSC,TIS,-0.3374309,-2.545378
TCGA-66-2727,LUSC,TMB,0.16782442,-0.07930006
TCGA-66-2727,LUSC,PSMB5,0.2634379,0.03099316
TCGA-66-2727,LUSC,PSMB6,-0.009893833,0.6348958
TCGA-66-2727,LUSC,PSMB7,0.39705625,1.7115114
TCGA-66-2727,LUSC,PSMB8,0.012586236,0.31676742
TCGA-66-2727,LUSC,PSMB9,0.02740644,0.15665278
TCGA-66-2727,LUSC,PSMB10,-0.1764992,0.8160731
TCGA-66-2727,LUSC,TAP1,0.17523336,0.29528514
TCGA-66-2727,LUSC,TAP2,0.152253,0.3438484
TCGA-66-2727,LUSC,ERAP1,-0.059658803,0.7489895
TCGA-66-2727,LUSC,ERAP2,0.055328548,0.3249024
TCGA-66-2727,LUSC,TAPBP,-0.08137243,0.036784604
TCGA-66-2727,LUSC,CANX,-0.28270993,1.2390169
TCGA-66-2727,LUSC,CALR,0.06529541,0.016137213
TCGA-66-2727,LUSC,PDIA3,-0.18127087,-0.68705714
TCGA-66-2727,LUSC,B2M,-0.3282835,-0.14056142
TCGA-66-2727,LUSC,HLA-A,-0.19998321,-0.69279516
TCGA-66-2727,LUSC,HLA-B,-0.110035345,-0.32662055
TCGA-66-2727,LUSC,HLA-C,-0.45945412,-0.08063824
TCGA-66-2727,LUSC,HLA-DQA1,0.09534101,-0.65293145
TCGA-66-2727,LUSC,HLA-DRB1,-0.0783457,-0.46490967
TCGA-66-2727,LUSC,CMKLR1,0.026173964,0.15542154
TCGA-66-2727,LUSC,HLA-E,-0.27459818,-0.43576705
TCGA-66-2727,LUSC,NKG7,0.17415327,-0.10076058
TCGA-66-2727,LUSC,CD8A,0.4011901,-0.23783462
TCGA-66-2727,LUSC,CCL5,0.1726054,-0.26589572
TCGA-66-2727,LUSC,CXCL9,0.2024658,0.14933395
TCGA-66-2727,LUSC,CD27,0.15562814,-0.23102193
TCGA-66-2727,LUSC,CXCR6,0.1252045,-0.069930516
TCGA-66-2727,LUSC,IDO1,-0.03677826,-0.0820897
TCGA-66-2727,LUSC,STAT1,0.15727444,0.2803528
TCGA-66-2727,LUSC,CD274,0.49377075,1.9242113
TCGA-66-2727,LUSC,CD276,0.75241435,-0.34590268
TCGA-66-2727,LUSC,LAG3,0.27580315,-0.4883777
TCGA-66-2727,LUSC,PDCD1LG2,0.41878256,0.1475389
TCGA-66-2727,LUSC,TIGIT,0.12905498,-0.83316624
TCGA-66-2727,LUSC,APM,-0.1566122,0.3383498
TCGA-66-2727,LUSC,TIS,0.17897354,-0.06998029
TCGA-37-3792,LUSC,TMB,0.23419309,1.8673843
TCGA-37-3792,LUSC,PSMB5,0.25926661,0.25633377
TCGA-37-3792,LUSC,PSMB6,0.33546907,0.36750972
TCGA-37-3792,LUSC,PSMB7,0.80637884,1.2847025
TCGA-37-3792,LUSC,PSMB8,0.43788022,1.2282958
TCGA-37-3792,LUSC,PSMB9,0.86974126,1.6644057
TCGA-37-3792,LUSC,PSMB10,0.34265625,1.3244574
TCGA-37-3792,LUSC,TAP1,0.8218379,1.3249449
TCGA-37-3792,LUSC,TAP2,0.57711166,0.9513412
TCGA-37-3792,LUSC,ERAP1,0.33392924,1.2431062
TCGA-37-3792,LUSC,ERAP2,0.2930321,0.35898247
TCGA-37-3792,LUSC,TAPBP,0.25068155,1.2199963
TCGA-37-3792,LUSC,CANX,0.23320036,1.0830935
TCGA-37-3792,LUSC,CALR,0.20072398,1.4726272
TCGA-37-3792,LUSC,PDIA3,-0.13391145,1.0086503
TCGA-37-3792,LUSC,B2M,0.34568298,2.4030278
TCGA-37-3792,LUSC,HLA-A,0.39957052,1.3864963
TCGA-37-3792,LUSC,HLA-B,0.47843352,1.4124666
TCGA-37-3792,LUSC,HLA-C,0.35550374,1.7844411
TCGA-37-3792,LUSC,HLA-DQA1,0.083239734,1.0817124
TCGA-37-3792,LUSC,HLA-DRB1,-0.00046643912,1.5217345
TCGA-37-3792,LUSC,CMKLR1,0.22116633,2.5127473
TCGA-37-3792,LUSC,HLA-E,0.14434493,0.6681511
TCGA-37-3792,LUSC,NKG7,0.76234925,1.6083454
TCGA-37-3792,LUSC,CD8A,0.685415,1.1350175
TCGA-37-3792,LUSC,CCL5,0.52150595,2.540123
TCGA-37-3792,LUSC,CXCL9,0.40269914,0.41144297
TCGA-37-3792,LUSC,CD27,0.025535857,0.055624902
TCGA-37-3792,LUSC,CXCR6,0.3842993,0.9997998
TCGA-37-3792,LUSC,IDO1,0.6437548,0.78554684
TCGA-37-3792,LUSC,STAT1,0.72720236,2.157236
TCGA-37-3792,LUSC,CD274,0.23815072,2.238773
TCGA-37-3792,LUSC,CD276,0.19590798,0.8050849
TCGA-37-3792,LUSC,LAG3,0.6111511,3.0825405
TCGA-37-3792,LUSC,PDCD1LG2,0.51397747,2.9911013
TCGA-37-3792,LUSC,TIGIT,0.40708795,0.4923124
TCGA-37-3792,LUSC,APM,0.6408739,1.8283316
TCGA-37-3792,LUSC,TIS,0.49356574,1.9757552
TCGA-77-8128,LUSC,TMB,0.062788665,0.31108603
TCGA-77-8128,LUSC,PSMB5,0.14927407,0.45489335
TCGA-77-8128,LUSC,PSMB6,0.07598103,-0.2546901
TCGA-77-8128,LUSC,PSMB7,0.3651138,0.5383308
TCGA-77-8128,LUSC,PSMB8,-1.0531348,-2.1161447
TCGA-77-8128,LUSC,PSMB9,-0.8617239,-1.5021949
TCGA-77-8128,LUSC,PSMB10,-0.9967953,-1.6144493
TCGA-77-8128,LUSC,TAP1,-0.5847074,-1.4298933
TCGA-77-8128,LUSC,TAP2,-0.43021345,-2.1626506
TCGA-77-8128,LUSC,ERAP1,-0.5951279,-0.90312594
TCGA-77-8128,LUSC,ERAP2,-0.31222588,-0.7908049
TCGA-77-8128,LUSC,TAPBP,-0.5455638,-1.8100154
TCGA-77-8128,LUSC,CANX,-0.5805954,-0.9402614
TCGA-77-8128,LUSC,CALR,-0.17771134,-1.0249498
TCGA-77-8128,LUSC,PDIA3,-0.29033703,-0.74052304
TCGA-77-8128,LUSC,B2M,-1.0666226,-1.7647586
TCGA-77-8128,LUSC,HLA-A,-1.0643275,-1.1335785
TCGA-77-8128,LUSC,HLA-B,-1.0361412,-1.9446367
TCGA-77-8128,LUSC,HLA-C,-1.0459306,-1.0383805
TCGA-77-8128,LUSC,HLA-DQA1,-1.0814719,-1.7933655
TCGA-77-8128,LUSC,HLA-DRB1,-1.1155332,-1.8346192
TCGA-77-8128,LUSC,CMKLR1,-0.8635621,-1.345482
TCGA-77-8128,LUSC,HLA-E,-0.92154044,-2.0243616
TCGA-77-8128,LUSC,NKG7,-0.7686153,-1.6441721
TCGA-77-8128,LUSC,CD8A,-0.5799352,-1.3526119
TCGA-77-8128,LUSC,CCL5,-0.7103437,-1.5959445
TCGA-77-8128,LUSC,CXCL9,-0.6858935,-0.8006159
TCGA-77-8128,LUSC,CD27,-0.7018525,-1.3803724
TCGA-77-8128,LUSC,CXCR6,-0.97277135,-1.554939
TCGA-77-8128,LUSC,IDO1,-0.94760835,-1.4126966
TCGA-77-8128,LUSC,STAT1,-0.70653516,-1.5153003
TCGA-77-8128,LUSC,CD274,-0.24660619,-0.5903337
TCGA-77-8128,LUSC,CD276,0.61027795,0.7645005
TCGA-77-8128,LUSC,LAG3,-0.61261594,-1.2487389
TCGA-77-8128,LUSC,PDCD1LG2,-0.48967615,-0.79545724
TCGA-77-8128,LUSC,TIGIT,-0.64146626,-1.230525
TCGA-77-8128,LUSC,APM,-0.98256,-1.993898
TCGA-77-8128,LUSC,TIS,-0.9047904,-1.8082011
TCGA-63-A5MY,LUSC,TMB,0.21573725,-0.32654402
TCGA-63-A5MY,LUSC,PSMB5,0.3404849,0.8477941
TCGA-63-A5MY,LUSC,PSMB6,0.22397137,-0.5986922
TCGA-63-A5MY,LUSC,PSMB7,0.008041727,-1.0680764
TCGA-63-A5MY,LUSC,PSMB8,-0.82020414,-3.492408
TCGA-63-A5MY,LUSC,PSMB9,-0.70810986,-2.856473
TCGA-63-A5MY,LUSC,PSMB10,-1.0598053,-2.922038
TCGA-63-A5MY,LUSC,TAP1,-0.46569443,-2.0811772
TCGA-63-A5MY,LUSC,TAP2,-0.7640296,-1.554523
TCGA-63-A5MY,LUSC,ERAP1,-0.8119484,-2.0394032
TCGA-63-A5MY,LUSC,ERAP2,-0.5882231,-0.34929308
TCGA-63-A5MY,LUSC,TAPBP,-1.1995158,-2.7232606
TCGA-63-A5MY,LUSC,CANX,-0.70535517,-6.5727882
TCGA-63-A5MY,LUSC,CALR,0.17752714,0.03072667
TCGA-63-A5MY,LUSC,PDIA3,-0.18892993,-0.6541924
TCGA-63-A5MY,LUSC,B2M,-0.8765346,-4.3601913
TCGA-63-A5MY,LUSC,HLA-A,-0.7869228,-4.3030186
TCGA-63-A5MY,LUSC,HLA-B,-0.9645642,-3.659331
TCGA-63-A5MY,LUSC,HLA-C,-0.800725,-2.9640028
TCGA-63-A5MY,LUSC,HLA-DQA1,-1.2582396,-2.6507692
TCGA-63-A5MY,LUSC,HLA-DRB1,-1.2113558,-3.416169
TCGA-63-A5MY,LUSC,CMKLR1,-1.1887426,-2.0819972
TCGA-63-A5MY,LUSC,HLA-E,-0.8809301,-1.7339624
TCGA-63-A5MY,LUSC,NKG7,-0.75920784,-1.954117
TCGA-63-A5MY,LUSC,CD8A,-0.5399042,-1.3905361
TCGA-63-A5MY,LUSC,CCL5,-0.7711159,-2.5234032
TCGA-63-A5MY,LUSC,CXCL9,-0.84367895,-1.7354418
TCGA-63-A5MY,LUSC,CD27,-0.78276294,-1.4461193
TCGA-63-A5MY,LUSC,CXCR6,-0.89350593,-1.5328999
TCGA-63-A5MY,LUSC,IDO1,-0.3816484,-1.346871
TCGA-63-A5MY,LUSC,STAT1,-0.7211188,-0.67473567
TCGA-63-A5MY,LUSC,CD274,-0.42174292,0.0068322094
TCGA-63-A5MY,LUSC,CD276,0.30347294,-0.0904373
TCGA-63-A5MY,LUSC,LAG3,-0.6838608,-1.1769404
TCGA-63-A5MY,LUSC,PDCD1LG2,-0.6657411,-1.5569043
TCGA-63-A5MY,LUSC,TIGIT,-0.72681284,-1.6193343
TCGA-63-A5MY,LUSC,APM,-1.025362,-4.364529
TCGA-63-A5MY,LUSC,TIS,-0.79826033,-2.3446815
TCGA-22-4596,LUSC,TMB,0.12187743,-0.6878523
TCGA-22-4596,LUSC,PSMB5,0.06876146,-0.74103415
TCGA-22-4596,LUSC,PSMB6,-0.00092929305,-0.9210016
TCGA-22-4596,LUSC,PSMB7,0.30071568,-0.69810325
TCGA-22-4596,LUSC,PSMB8,0.1065678,0.472793
TCGA-22-4596,LUSC,PSMB9,0.5404861,0.6741464
TCGA-22-4596,LUSC,PSMB10,0.32568806,0.8627658
TCGA-22-4596,LUSC,TAP1,0.48219356,0.41992468
TCGA-22-4596,LUSC,TAP2,0.40901566,0.17642485
TCGA-22-4596,LUSC,ERAP1,-0.025854629,-0.19579495
TCGA-22-4596,LUSC,ERAP2,-0.08048737,1.0168011
TCGA-22-4596,LUSC,TAPBP,0.25859353,-0.15211351
TCGA-22-4596,LUSC,CANX,0.12722169,0.97365206
TCGA-22-4596,LUSC,CALR,0.1835529,-0.65826607
TCGA-22-4596,LUSC,PDIA3,0.054845233,-1.0428367
TCGA-22-4596,LUSC,B2M,-0.013697523,1.0176109
TCGA-22-4596,LUSC,HLA-A,-0.0037291343,0.14029795
TCGA-22-4596,LUSC,HLA-B,0.2121193,0.47257763
TCGA-22-4596,LUSC,HLA-C,0.19394138,0.017368324
TCGA-22-4596,LUSC,HLA-DQA1,0.12886699,1.7747059
TCGA-22-4596,LUSC,HLA-DRB1,0.12754114,1.2314504
TCGA-22-4596,LUSC,CMKLR1,-0.05820357,1.7209321
TCGA-22-4596,LUSC,HLA-E,0.2634689,0.64786595
TCGA-22-4596,LUSC,NKG7,0.29764616,0.6770641
TCGA-22-4596,LUSC,CD8A,0.42825723,0.5086413
TCGA-22-4596,LUSC,CCL5,0.5584413,0.408441
TCGA-22-4596,LUSC,CXCL9,0.28330803,0.99571466
TCGA-22-4596,LUSC,CD27,0.21908483,1.012484
TCGA-22-4596,LUSC,CXCR6,0.047678255,1.6827608
TCGA-22-4596,LUSC,IDO1,0.7179962,0.2709903
TCGA-22-4596,LUSC,STAT1,0.45971337,0.30040297
TCGA-22-4596,LUSC,CD274,0.73218906,1.619714
TCGA-22-4596,LUSC,CD276,0.5006295,0.052291516
TCGA-22-4596,LUSC,LAG3,0.38787144,0.33062726
TCGA-22-4596,LUSC,PDCD1LG2,0.55017006,1.5589688
TCGA-22-4596,LUSC,TIGIT,0.47463417,1.3432225
TCGA-22-4596,LUSC,APM,0.21184614,0.39793825
TCGA-22-4596,LUSC,TIS,0.42967957,1.1836277
TCGA-NC-A5HL,LUSC,TMB,0.43663558,-0.12257422
TCGA-NC-A5HL,LUSC,PSMB5,0.5160538,-0.4877877
TCGA-NC-A5HL,LUSC,PSMB6,0.45662946,0.57946694
TCGA-NC-A5HL,LUSC,PSMB7,0.6592577,0.8873332
TCGA-NC-A5HL,LUSC,PSMB8,-0.892917,0.28056973
TCGA-NC-A5HL,LUSC,PSMB9,-0.83919144,1.3155258
TCGA-NC-A5HL,LUSC,PSMB10,-0.8414756,0.74536973
TCGA-NC-A5HL,LUSC,TAP1,-0.686093,1.2957765
TCGA-NC-A5HL,LUSC,TAP2,-0.4665865,1.5841132
TCGA-NC-A5HL,LUSC,ERAP1,-0.75847906,1.771308
TCGA-NC-A5HL,LUSC,ERAP2,-0.69654334,-0.6339321
TCGA-NC-A5HL,LUSC,TAPBP,-0.9741085,-0.5760856
TCGA-NC-A5HL,LUSC,CANX,-0.8267177,0.28525624
TCGA-NC-A5HL,LUSC,CALR,-0.086031236,-0.25986525
TCGA-NC-A5HL,LUSC,PDIA3,-0.21179804,-0.106699
TCGA-NC-A5HL,LUSC,B2M,-1.1917406,0.7257799
TCGA-NC-A5HL,LUSC,HLA-A,-0.93563634,0.78434426
TCGA-NC-A5HL,LUSC,HLA-B,-0.9799655,0.36481914
TCGA-NC-A5HL,LUSC,HLA-C,-0.98943853,0.076127015
TCGA-NC-A5HL,LUSC,HLA-DQA1,-1.1711714,0.1859796
TCGA-NC-A5HL,LUSC,HLA-DRB1,-1.3363243,-0.29728234
TCGA-NC-A5HL,LUSC,CMKLR1,-1.0891615,0.45177615
TCGA-NC-A5HL,LUSC,HLA-E,-1.0168924,0.3366505
TCGA-NC-A5HL,LUSC,NKG7,-0.31593195,0.8813089
TCGA-NC-A5HL,LUSC,CD8A,-0.37618643,0.89893264
TCGA-NC-A5HL,LUSC,CCL5,-0.60088867,0.8145883
TCGA-NC-A5HL,LUSC,CXCL9,-0.3546564,1.2358038
TCGA-NC-A5HL,LUSC,CD27,-0.7980229,0.16160798
TCGA-NC-A5HL,LUSC,CXCR6,-0.7965647,0.76482767
TCGA-NC-A5HL,LUSC,IDO1,-0.12699091,0.19917724
TCGA-NC-A5HL,LUSC,STAT1,-0.49643517,1.4193615
TCGA-NC-A5HL,LUSC,CD274,-0.26862973,2.6037273
TCGA-NC-A5HL,LUSC,CD276,-0.32759437,-0.39555743
TCGA-NC-A5HL,LUSC,LAG3,-0.031476308,1.0521488
TCGA-NC-A5HL,LUSC,PDCD1LG2,-0.7801267,1.9763036
TCGA-NC-A5HL,LUSC,TIGIT,-0.45311803,0.8220778
TCGA-NC-A5HL,LUSC,APM,-1.0039864,0.76235527
TCGA-NC-A5HL,LUSC,TIS,-0.69843924,1.0056369
TCGA-85-A4QR,LUSC,TMB,0.06475448,0.06277336
TCGA-85-A4QR,LUSC,PSMB5,0.32892913,2.1967509
TCGA-85-A4QR,LUSC,PSMB6,0.3210432,0.43622813
TCGA-85-A4QR,LUSC,PSMB7,0.41306096,-0.8485169
TCGA-85-A4QR,LUSC,PSMB8,-1.6960157,-0.6315556
TCGA-85-A4QR,LUSC,PSMB9,-1.5362707,-1.0461788
TCGA-85-A4QR,LUSC,PSMB10,-1.5580761,-2.1464798
TCGA-85-A4QR,LUSC,TAP1,-1.4073184,-0.7474792
TCGA-85-A4QR,LUSC,TAP2,-1.0928864,-0.46486917
TCGA-85-A4QR,LUSC,ERAP1,-0.8398229,-1.3583812
TCGA-85-A4QR,LUSC,ERAP2,-0.5280951,-1.5455408
TCGA-85-A4QR,LUSC,TAPBP,-1.2795613,-0.10336411
TCGA-85-A4QR,LUSC,CANX,-0.79144317,-1.4717917
TCGA-85-A4QR,LUSC,CALR,-0.041851006,-0.15988432
TCGA-85-A4QR,LUSC,PDIA3,-0.3389029,0.19765091
TCGA-85-A4QR,LUSC,B2M,-1.6970657,-1.4390714
TCGA-85-A4QR,LUSC,HLA-A,-1.6832784,-1.5441759
TCGA-85-A4QR,LUSC,HLA-B,-1.8689423,-1.7241715
TCGA-85-A4QR,LUSC,HLA-C,-1.8995292,-0.7705333
TCGA-85-A4QR,LUSC,HLA-DQA1,-1.4364341,-2.57272
TCGA-85-A4QR,LUSC,HLA-DRB1,-1.6965401,-2.8025758
TCGA-85-A4QR,LUSC,CMKLR1,-1.5941783,-2.100645
TCGA-85-A4QR,LUSC,HLA-E,-1.4063236,-1.2068484
TCGA-85-A4QR,LUSC,NKG7,-1.2736733,-2.040309
TCGA-85-A4QR,LUSC,CD8A,-0.9334819,-1.8597891
TCGA-85-A4QR,LUSC,CCL5,-1.1670233,-2.3790293
TCGA-85-A4QR,LUSC,CXCL9,-1.2404631,-2.2431912
TCGA-85-A4QR,LUSC,CD27,-1.1020494,-1.2386049
TCGA-85-A4QR,LUSC,CXCR6,-1.2052668,-1.6705096
TCGA-85-A4QR,LUSC,IDO1,-0.94981766,-0.9554817
TCGA-85-A4QR,LUSC,STAT1,-1.5164611,-1.7822117
TCGA-85-A4QR,LUSC,CD274,-0.5481089,-0.6049151
TCGA-85-A4QR,LUSC,CD276,0.29344484,-0.8553648
TCGA-85-A4QR,LUSC,LAG3,-1.1543442,0.28016138
TCGA-85-A4QR,LUSC,PDCD1LG2,-1.1624349,-1.6231711
TCGA-85-A4QR,LUSC,TIGIT,-1.3450464,-1.2313248
TCGA-85-A4QR,LUSC,APM,-1.8949146,-1.3923934
TCGA-85-A4QR,LUSC,TIS,-1.5347617,-2.3723474
TCGA-39-5030,LUSC,TMB,-0.15323988,-0.26068923
TCGA-39-5030,LUSC,PSMB5,0.10444335,-0.7206143
TCGA-39-5030,LUSC,PSMB6,0.5261786,-0.058446128
TCGA-39-5030,LUSC,PSMB7,0.83921117,1.4156587
TCGA-39-5030,LUSC,PSMB8,1.3805412,0.48446867
TCGA-39-5030,LUSC,PSMB9,1.8699147,0.9953995
TCGA-39-5030,LUSC,PSMB10,1.4493389,0.89428484
TCGA-39-5030,LUSC,TAP1,1.8728329,1.4175366
TCGA-39-5030,LUSC,TAP2,1.5982119,0.71879923
TCGA-39-5030,LUSC,ERAP1,1.0685142,0.5123393
TCGA-39-5030,LUSC,ERAP2,0.68171346,-0.8870049
TCGA-39-5030,LUSC,TAPBP,0.96025723,1.6762441
TCGA-39-5030,LUSC,CANX,0.23808876,-0.56907696
TCGA-39-5030,LUSC,CALR,0.3764502,0.18807475
TCGA-39-5030,LUSC,PDIA3,-0.40546942,-0.99228597
TCGA-39-5030,LUSC,B2M,1.2788513,1.1718442
TCGA-39-5030,LUSC,HLA-A,1.4076111,0.5878374
TCGA-39-5030,LUSC,HLA-B,1.5128105,0.8924067
TCGA-39-5030,LUSC,HLA-C,1.3565676,0.67836744
TCGA-39-5030,LUSC,HLA-DQA1,0.9215121,1.0116607
TCGA-39-5030,LUSC,HLA-DRB1,0.98303545,0.59712553
TCGA-39-5030,LUSC,CMKLR1,0.8594208,1.4852053
TCGA-39-5030,LUSC,HLA-E,1.2458851,0.8593288
TCGA-39-5030,LUSC,NKG7,1.992252,1.5081587
TCGA-39-5030,LUSC,CD8A,1.9869297,1.5776205
TCGA-39-5030,LUSC,CCL5,1.9640408,2.1579552
TCGA-39-5030,LUSC,CXCL9,1.6872702,1.6159594
TCGA-39-5030,LUSC,CD27,1.5850117,2.4002254
TCGA-39-5030,LUSC,CXCR6,1.7635155,2.4785452
TCGA-39-5030,LUSC,IDO1,1.7459536,0.70051163
TCGA-39-5030,LUSC,STAT1,1.9108417,1.5831244
TCGA-39-5030,LUSC,CD274,1.4325792,0.74264795
TCGA-39-5030,LUSC,CD276,0.06917928,0.6001823
TCGA-39-5030,LUSC,LAG3,1.8764099,2.2646697
TCGA-39-5030,LUSC,PDCD1LG2,1.3107829,1.63355
TCGA-39-5030,LUSC,TIGIT,1.7691498,2.3440387
TCGA-39-5030,LUSC,APM,1.5731293,0.7805553
TCGA-39-5030,LUSC,TIS,1.869736,1.8018532
TCGA-92-7340,LUSC,TMB,0.022883013,0.35920453
TCGA-92-7340,LUSC,PSMB5,0.269753,0.4367651
TCGA-92-7340,LUSC,PSMB6,0.23616335,0.6480184
TCGA-92-7340,LUSC,PSMB7,0.33352673,-0.65615
TCGA-92-7340,LUSC,PSMB8,-0.21740349,-0.7323011
TCGA-92-7340,LUSC,PSMB9,-0.073535934,0.092494234
TCGA-92-7340,LUSC,PSMB10,-0.1196623,-0.034405716
TCGA-92-7340,LUSC,TAP1,0.06319463,-0.15992112
TCGA-92-7340,LUSC,TAP2,0.028510284,-0.15623416
TCGA-92-7340,LUSC,ERAP1,-0.22105332,1.1716788
TCGA-92-7340,LUSC,ERAP2,-0.1958947,-1.1783935
TCGA-92-7340,LUSC,TAPBP,-0.091604166,0.47392356
TCGA-92-7340,LUSC,CANX,-0.19094287,0.7614732
TCGA-92-7340,LUSC,CALR,-0.08571784,-0.118888654
TCGA-92-7340,LUSC,PDIA3,-0.14596967,0.070261575
TCGA-92-7340,LUSC,B2M,-0.3228572,0.16298127
TCGA-92-7340,LUSC,HLA-A,-0.25362828,-0.5654898
TCGA-92-7340,LUSC,HLA-B,-0.271439,-0.06402986
TCGA-92-7340,LUSC,HLA-C,-0.25947893,-0.5700979
TCGA-92-7340,LUSC,HLA-DQA1,-0.48583484,-0.105691746
TCGA-92-7340,LUSC,HLA-DRB1,-0.5318838,-0.37783554
TCGA-92-7340,LUSC,CMKLR1,-0.3956057,0.1514865
TCGA-92-7340,LUSC,HLA-E,-0.3160682,0.30856588
TCGA-92-7340,LUSC,NKG7,-0.143639,0.56018955
TCGA-92-7340,LUSC,CD8A,-0.089060575,0.2782214
TCGA-92-7340,LUSC,CCL5,-0.037495267,0.50323224
TCGA-92-7340,LUSC,CXCL9,-0.33532268,0.5968614
TCGA-92-7340,LUSC,CD27,-0.3663798,0.0510214
TCGA-92-7340,LUSC,CXCR6,-0.40086776,0.3096801
TCGA-92-7340,LUSC,IDO1,0.024506092,0.91339296
TCGA-92-7340,LUSC,STAT1,-0.1875136,0.9169762
TCGA-92-7340,LUSC,CD274,-0.17844442,-0.6644545
TCGA-92-7340,LUSC,CD276,0.09766735,1.1459867
TCGA-92-7340,LUSC,LAG3,-0.12503266,0.17408074
TCGA-92-7340,LUSC,PDCD1LG2,-0.22307698,0.273908
TCGA-92-7340,LUSC,TIGIT,-0.23064709,0.8052765
TCGA-92-7340,LUSC,APM,-0.09529874,-0.14142248
TCGA-92-7340,LUSC,TIS,-0.26648468,0.33027762
TCGA-33-AASI,LUSC,TMB,0.06961881,0.819774
TCGA-33-AASI,LUSC,PSMB5,0.3262311,1.437859
TCGA-33-AASI,LUSC,PSMB6,0.27052203,1.3666413
TCGA-33-AASI,LUSC,PSMB7,0.30906206,0.016474022
TCGA-33-AASI,LUSC,PSMB8,-0.40696993,1.8318799
TCGA-33-AASI,LUSC,PSMB9,-0.42620248,1.6415329
TCGA-33-AASI,LUSC,PSMB10,-0.43308434,1.524808
TCGA-33-AASI,LUSC,TAP1,-0.19036569,2.170343
TCGA-33-AASI,LUSC,TAP2,-0.06219812,2.3307042
TCGA-33-AASI,LUSC,ERAP1,-0.40322572,-1.2101789
TCGA-33-AASI,LUSC,ERAP2,-0.3551737,-0.20274979
TCGA-33-AASI,LUSC,TAPBP,-0.29706225,2.3737965
TCGA-33-AASI,LUSC,CANX,-0.5188906,-1.3472805
TCGA-33-AASI,LUSC,CALR,0.0946021,0.7730875
TCGA-33-AASI,LUSC,PDIA3,0.021321313,1.1368492
TCGA-33-AASI,LUSC,B2M,-0.6632444,0.58712065
TCGA-33-AASI,LUSC,HLA-A,-0.3814012,0.8683171
TCGA-33-AASI,LUSC,HLA-B,-0.41024026,0.6913893
TCGA-33-AASI,LUSC,HLA-C,-0.42128325,0.45583954
TCGA-33-AASI,LUSC,HLA-DQA1,-0.6078336,-0.44444773
TCGA-33-AASI,LUSC,HLA-DRB1,-0.7602561,-0.6621181
TCGA-33-AASI,LUSC,CMKLR1,-0.7805759,-0.894734
TCGA-33-AASI,LUSC,HLA-E,-0.3680182,1.5808895
TCGA-33-AASI,LUSC,NKG7,-0.49570543,0.5269713
TCGA-33-AASI,LUSC,CD8A,-0.5101914,0.5944698
TCGA-33-AASI,LUSC,CCL5,-0.58204824,0.32049125
TCGA-33-AASI,LUSC,CXCL9,-0.5195263,1.2038418
TCGA-33-AASI,LUSC,CD27,-0.4940676,0.04886803
TCGA-33-AASI,LUSC,CXCR6,-0.58849096,0.17637984
TCGA-33-AASI,LUSC,IDO1,-0.25427586,1.6369779
TCGA-33-AASI,LUSC,STAT1,-0.34353653,1.1193225
TCGA-33-AASI,LUSC,CD274,-0.19901028,-0.5499194
TCGA-33-AASI,LUSC,CD276,0.43427163,-0.193627
TCGA-33-AASI,LUSC,LAG3,-0.33919457,0.7286715
TCGA-33-AASI,LUSC,PDCD1LG2,-0.42796916,-0.59427214
TCGA-33-AASI,LUSC,TIGIT,-0.48962316,1.0680234
TCGA-33-AASI,LUSC,APM,-0.31132075,1.4136511
TCGA-33-AASI,LUSC,TIS,-0.5803362,0.64400685
TCGA-63-6202,LUSC,TMB,0.21533163,0.6142522
TCGA-63-6202,LUSC,PSMB5,0.26685974,-0.26384073
TCGA-63-6202,LUSC,PSMB6,0.260806,0.39305693
TCGA-63-6202,LUSC,PSMB7,0.35964146,0.14859067
TCGA-63-6202,LUSC,PSMB8,0.022063741,0.058566898
TCGA-63-6202,LUSC,PSMB9,0.37002164,0.30426505
TCGA-63-6202,LUSC,PSMB10,0.11411686,0.54390806
TCGA-63-6202,LUSC,TAP1,0.36242038,0.97856194
TCGA-63-6202,LUSC,TAP2,0.31794316,0.30140957
TCGA-63-6202,LUSC,ERAP1,0.08221533,-0.9074698
TCGA-63-6202,LUSC,ERAP2,0.13736205,-1.106213
TCGA-63-6202,LUSC,TAPBP,0.000583002,0.11859571
TCGA-63-6202,LUSC,CANX,0.109095916,0.07621316
TCGA-63-6202,LUSC,CALR,0.43683487,0.6631442
TCGA-63-6202,LUSC,PDIA3,0.068007305,-0.27215827
TCGA-63-6202,LUSC,B2M,0.10089185,0.45099813
TCGA-63-6202,LUSC,HLA-A,0.12092564,0.23524946
TCGA-63-6202,LUSC,HLA-B,0.09759407,0.6276884
TCGA-63-6202,LUSC,HLA-C,0.14974432,-0.1620656
TCGA-63-6202,LUSC,HLA-DQA1,0.10846858,1.321115
TCGA-63-6202,LUSC,HLA-DRB1,0.0738063,0.9423864
TCGA-63-6202,LUSC,CMKLR1,-0.021559581,1.7448329
TCGA-63-6202,LUSC,HLA-E,0.10574417,0.4071843
TCGA-63-6202,LUSC,NKG7,0.2913868,1.5022128
TCGA-63-6202,LUSC,CD8A,0.33369166,1.8967862
TCGA-63-6202,LUSC,CCL5,0.35125124,1.4060766
TCGA-63-6202,LUSC,CXCL9,0.11314347,1.7174658
TCGA-63-6202,LUSC,CD27,0.32012308,0.56648564
TCGA-63-6202,LUSC,CXCR6,0.28543574,1.7673703
TCGA-63-6202,LUSC,IDO1,0.5309707,1.2710747
TCGA-63-6202,LUSC,STAT1,0.480119,1.2917767
TCGA-63-6202,LUSC,CD274,0.42473015,1.1901585
TCGA-63-6202,LUSC,CD276,0.7982477,1.5130031
TCGA-63-6202,LUSC,LAG3,0.13808164,1.3702863
TCGA-63-6202,LUSC,PDCD1LG2,0.7408538,1.2662122
TCGA-63-6202,LUSC,TIGIT,0.29092318,1.2097079
TCGA-63-6202,LUSC,APM,0.32798237,0.19752873
TCGA-63-6202,LUSC,TIS,0.499219,1.5086888
TCGA-77-A5G7,LUSC,TMB,0.03594329,-1.0129255
TCGA-77-A5G7,LUSC,PSMB5,0.20467746,0.19678028
TCGA-77-A5G7,LUSC,PSMB6,0.36147735,0.1283474
TCGA-77-A5G7,LUSC,PSMB7,0.56512344,-0.7602922
TCGA-77-A5G7,LUSC,PSMB8,-0.9312787,-1.2734865
TCGA-77-A5G7,LUSC,PSMB9,-0.79747534,-1.2764846
TCGA-77-A5G7,LUSC,PSMB10,-0.8654212,-2.0630348
TCGA-77-A5G7,LUSC,TAP1,-0.5294868,-0.90336484
TCGA-77-A5G7,LUSC,TAP2,-0.58593464,-0.13606964
TCGA-77-A5G7,LUSC,ERAP1,-0.48231268,-1.2394646
TCGA-77-A5G7,LUSC,ERAP2,-0.5229572,-1.0268745
TCGA-77-A5G7,LUSC,TAPBP,-0.6973883,-1.0583166
TCGA-77-A5G7,LUSC,CANX,-0.15302673,-1.1891531
TCGA-77-A5G7,LUSC,CALR,-0.095020935,0.8586087
TCGA-77-A5G7,LUSC,PDIA3,-0.052820258,0.47755376
TCGA-77-A5G7,LUSC,B2M,-1.0160034,-1.2374067
TCGA-77-A5G7,LUSC,HLA-A,-0.86260366,-0.9373359
TCGA-77-A5G7,LUSC,HLA-B,-0.8808792,-1.4847509
TCGA-77-A5G7,LUSC,HLA-C,-1.0256385,-0.7135969
TCGA-77-A5G7,LUSC,HLA-DQA1,-0.94887954,-1.101151
TCGA-77-A5G7,LUSC,HLA-DRB1,-0.9128491,-1.4063615
TCGA-77-A5G7,LUSC,CMKLR1,-0.8536037,-1.5284587
TCGA-77-A5G7,LUSC,HLA-E,-1.028261,-0.7891662
TCGA-77-A5G7,LUSC,NKG7,-0.5932344,-0.52840346
TCGA-77-A5G7,LUSC,CD8A,-0.5435478,-0.90676814
TCGA-77-A5G7,LUSC,CCL5,-0.81310606,-0.8719218
TCGA-77-A5G7,LUSC,CXCL9,-0.49571857,-0.84664994
TCGA-77-A5G7,LUSC,CD27,-0.50575614,-0.56613904
TCGA-77-A5G7,LUSC,CXCR6,-0.70476264,-1.3366667
TCGA-77-A5G7,LUSC,IDO1,-0.7054563,0.2940209
TCGA-77-A5G7,LUSC,STAT1,-0.7215612,-1.6102611
TCGA-77-A5G7,LUSC,CD274,-0.13043669,-1.189121
TCGA-77-A5G7,LUSC,CD276,0.41054344,-0.08759143
TCGA-77-A5G7,LUSC,LAG3,-0.62594616,-1.0685886
TCGA-77-A5G7,LUSC,PDCD1LG2,-0.36273006,-1.7785788
TCGA-77-A5G7,LUSC,TIGIT,-0.73412573,-0.5782009
TCGA-77-A5G7,LUSC,APM,-0.99881554,-1.3918047
TCGA-77-A5G7,LUSC,TIS,-0.91593206,-1.5976509
TCGA-77-8156,LUSC,TMB,0.018742662,-0.1976831
TCGA-77-8156,LUSC,PSMB5,0.15023503,-0.10827543
TCGA-77-8156,LUSC,PSMB6,0.44699645,1.0185626
TCGA-77-8156,LUSC,PSMB7,0.6720887,1.0584145
TCGA-77-8156,LUSC,PSMB8,-0.23384753,-0.23652992
TCGA-77-8156,LUSC,PSMB9,-0.0974829,0.3765725
TCGA-77-8156,LUSC,PSMB10,-0.4219901,0.040475834
TCGA-77-8156,LUSC,TAP1,-0.001076971,0.4809181
TCGA-77-8156,LUSC,TAP2,-0.011398998,0.118435904
TCGA-77-8156,LUSC,ERAP1,-0.06429607,-0.6927739
TCGA-77-8156,LUSC,ERAP2,0.008447295,-1.0858202
TCGA-77-8156,LUSC,TAPBP,-0.008888942,0.14110214
TCGA-77-8156,LUSC,CANX,-0.033509612,-0.36249387
TCGA-77-8156,LUSC,CALR,0.03174981,0.9021631
TCGA-77-8156,LUSC,PDIA3,0.080570064,-0.82150406
TCGA-77-8156,LUSC,B2M,-0.35692,0.14914834
TCGA-77-8156,LUSC,HLA-A,-0.25225854,0.34311318
TCGA-77-8156,LUSC,HLA-B,-0.45872173,0.38544858
TCGA-77-8156,LUSC,HLA-C,-0.42985344,-0.032109678
TCGA-77-8156,LUSC,HLA-DQA1,-0.2816378,0.047752343
TCGA-77-8156,LUSC,HLA-DRB1,-0.5052706,0.08550531
TCGA-77-8156,LUSC,CMKLR1,-0.061641954,0.75871396
TCGA-77-8156,LUSC,HLA-E,-0.45742393,0.32738358
TCGA-77-8156,LUSC,NKG7,0.15107235,1.3556995
TCGA-77-8156,LUSC,CD8A,0.2522092,1.315464
TCGA-77-8156,LUSC,CCL5,0.041713964,1.5753064
TCGA-77-8156,LUSC,CXCL9,0.18809198,1.3475026
TCGA-77-8156,LUSC,CD27,-0.03099502,1.2759073
TCGA-77-8156,LUSC,CXCR6,-0.11771755,1.542204
TCGA-77-8156,LUSC,IDO1,-0.18245652,-0.044561867
TCGA-77-8156,LUSC,STAT1,0.10977125,0.38558972
TCGA-77-8156,LUSC,CD274,0.39335138,-0.10210831
TCGA-77-8156,LUSC,CD276,0.44908768,-0.21622488
TCGA-77-8156,LUSC,LAG3,0.22178376,1.4749725
TCGA-77-8156,LUSC,PDCD1LG2,0.23253758,0.43678626
TCGA-77-8156,LUSC,TIGIT,0.04873605,1.722109
TCGA-77-8156,LUSC,APM,-0.22255857,0.10153958
TCGA-77-8156,LUSC,TIS,-0.123337746,0.9408673
TCGA-85-6561,LUSC,TMB,0.06606854,-0.023530977
TCGA-85-6561,LUSC,PSMB5,0.2050924,0.3453381
TCGA-85-6561,LUSC,PSMB6,0.14619853,0.3008124
TCGA-85-6561,LUSC,PSMB7,0.2686108,-0.39490193
TCGA-85-6561,LUSC,PSMB8,-0.27792633,-0.72138506
TCGA-85-6561,LUSC,PSMB9,-0.09540384,-0.39889532
TCGA-85-6561,LUSC,PSMB10,-0.36787406,-0.39892915
TCGA-85-6561,LUSC,TAP1,0.028968524,0.20153359
TCGA-85-6561,LUSC,TAP2,-0.0798399,-0.10949879
TCGA-85-6561,LUSC,ERAP1,-0.17622909,0.47967383
TCGA-85-6561,LUSC,ERAP2,-0.30363256,0.3734224
TCGA-85-6561,LUSC,TAPBP,-0.13086882,-0.42956963
TCGA-85-6561,LUSC,CANX,-0.47266084,-0.66400295
TCGA-85-6561,LUSC,CALR,-0.0704912,-0.7705935
TCGA-85-6561,LUSC,PDIA3,-0.19208238,-0.6430057
TCGA-85-6561,LUSC,B2M,-0.2520579,0.120441616
TCGA-85-6561,LUSC,HLA-A,-0.19760396,-0.36004153
TCGA-85-6561,LUSC,HLA-B,-0.15974279,-0.008033305
TCGA-85-6561,LUSC,HLA-C,-0.2856458,-0.037141856
TCGA-85-6561,LUSC,HLA-DQA1,-0.59451646,0.40437025
TCGA-85-6561,LUSC,HLA-DRB1,-0.60747254,0.012077593
TCGA-85-6561,LUSC,CMKLR1,-0.21834607,1.4490888
TCGA-85-6561,LUSC,HLA-E,-0.35719556,0.28188697
TCGA-85-6561,LUSC,NKG7,0.07386552,0.6526911
TCGA-85-6561,LUSC,CD8A,0.022598106,1.1452718
TCGA-85-6561,LUSC,CCL5,0.033430964,0.61732453
TCGA-85-6561,LUSC,CXCL9,-0.074996874,0.52455354
TCGA-85-6561,LUSC,CD27,-0.06325754,1.4067117
TCGA-85-6561,LUSC,CXCR6,-0.19556656,1.1760217
TCGA-85-6561,LUSC,IDO1,-0.007507384,-0.3233677
TCGA-85-6561,LUSC,STAT1,0.029905062,0.15427184
TCGA-85-6561,LUSC,CD274,0.022516413,0.9565971
TCGA-85-6561,LUSC,CD276,0.43568164,0.60706425
TCGA-85-6561,LUSC,LAG3,0.01051867,0.49804744
TCGA-85-6561,LUSC,PDCD1LG2,-0.107300445,1.4510716
TCGA-85-6561,LUSC,TIGIT,-0.031195724,1.2032639
TCGA-85-6561,LUSC,APM,-0.21081543,-0.17678505
TCGA-85-6561,LUSC,TIS,-0.12508626,0.7566154
TCGA-77-A5GH,LUSC,TMB,0.12643087,0.19221397
TCGA-77-A5GH,LUSC,PSMB5,0.14313483,-1.3865918
TCGA-77-A5GH,LUSC,PSMB6,0.5091609,0.09596444
TCGA-77-A5GH,LUSC,PSMB7,0.8054985,0.10087571
TCGA-77-A5GH,LUSC,PSMB8,0.6535676,0.04286275
TCGA-77-A5GH,LUSC,PSMB9,0.8883375,0.9274513
TCGA-77-A5GH,LUSC,PSMB10,0.62318474,0.07435547
TCGA-77-A5GH,LUSC,TAP1,0.78867847,0.8444363
TCGA-77-A5GH,LUSC,TAP2,0.94613487,1.0320971
TCGA-77-A5GH,LUSC,ERAP1,0.6528252,0.89484346
TCGA-77-A5GH,LUSC,ERAP2,0.6141316,0.09790488
TCGA-77-A5GH,LUSC,TAPBP,0.71112674,1.4641713
TCGA-77-A5GH,LUSC,CANX,-0.030832615,-0.7235081
TCGA-77-A5GH,LUSC,CALR,0.057664253,0.3600047
TCGA-77-A5GH,LUSC,PDIA3,-0.01870282,0.42399323
TCGA-77-A5GH,LUSC,B2M,0.6343013,0.7882595
TCGA-77-A5GH,LUSC,HLA-A,0.57674265,-0.06966506
TCGA-77-A5GH,LUSC,HLA-B,0.52826226,0.58799416
TCGA-77-A5GH,LUSC,HLA-C,0.573413,0.23036665
TCGA-77-A5GH,LUSC,HLA-DQA1,0.38125238,1.0637478
TCGA-77-A5GH,LUSC,HLA-DRB1,0.3078198,0.93461853
TCGA-77-A5GH,LUSC,CMKLR1,0.37315297,0.63237655
TCGA-77-A5GH,LUSC,HLA-E,0.5403558,0.35062993
TCGA-77-A5GH,LUSC,NKG7,1.2235882,0.9664368
TCGA-77-A5GH,LUSC,CD8A,1.1341555,0.681015
TCGA-77-A5GH,LUSC,CCL5,1.1372333,2.5668378
TCGA-77-A5GH,LUSC,CXCL9,0.90976155,1.2571752
TCGA-77-A5GH,LUSC,CD27,0.8615262,0.9057747
TCGA-77-A5GH,LUSC,CXCR6,0.8158368,0.1650466
TCGA-77-A5GH,LUSC,IDO1,0.5495038,0.28379628
TCGA-77-A5GH,LUSC,STAT1,0.942616,0.86180216
TCGA-77-A5GH,LUSC,CD274,1.052381,0.9631785
TCGA-77-A5GH,LUSC,CD276,0.3662409,-0.40775794
TCGA-77-A5GH,LUSC,LAG3,0.87264097,2.4701545
TCGA-77-A5GH,LUSC,PDCD1LG2,0.92268246,0.7942839
TCGA-77-A5GH,LUSC,TIGIT,1.0091208,1.4741553
TCGA-77-A5GH,LUSC,APM,0.8409796,0.5822074
TCGA-77-A5GH,LUSC,TIS,1.0575929,1.2488712
TCGA-43-6143,LUSC,TMB,0.085034505,0.44597423
TCGA-43-6143,LUSC,PSMB5,-0.02445894,-0.5967682
TCGA-43-6143,LUSC,PSMB6,0.25141612,-0.7967007
TCGA-43-6143,LUSC,PSMB7,0.10003694,-0.9533884
TCGA-43-6143,LUSC,PSMB8,-1.1441013,-0.6463464
TCGA-43-6143,LUSC,PSMB9,-0.8309005,-0.6055117
TCGA-43-6143,LUSC,PSMB10,-1.1778764,-0.66589856
TCGA-43-6143,LUSC,TAP1,-0.74907446,-0.6008039
TCGA-43-6143,LUSC,TAP2,-0.67864096,-1.3350757
TCGA-43-6143,LUSC,ERAP1,-0.7654726,-1.1266159
TCGA-43-6143,LUSC,ERAP2,-0.52801734,-0.50050306
TCGA-43-6143,LUSC,TAPBP,-0.99616116,-1.8914573
TCGA-43-6143,LUSC,CANX,-0.7582954,0.23590423
TCGA-43-6143,LUSC,CALR,-0.5179845,-1.4289126
TCGA-43-6143,LUSC,PDIA3,-0.35405266,-1.174077
TCGA-43-6143,LUSC,B2M,-1.2554018,-0.56871223
TCGA-43-6143,LUSC,HLA-A,-0.94115865,-1.2326182
TCGA-43-6143,LUSC,HLA-B,-1.1341045,-1.2222551
TCGA-43-6143,LUSC,HLA-C,-1.0335398,-1.2115028
TCGA-43-6143,LUSC,HLA-DQA1,-1.0141587,-0.86746854
TCGA-43-6143,LUSC,HLA-DRB1,-1.3630216,-1.0677762
TCGA-43-6143,LUSC,CMKLR1,-0.8994749,-0.728946
TCGA-43-6143,LUSC,HLA-E,-1.1838133,-1.2475151
TCGA-43-6143,LUSC,NKG7,-0.7596753,-0.9264784
TCGA-43-6143,LUSC,CD8A,-0.6685277,-1.2386718
TCGA-43-6143,LUSC,CCL5,-0.96185035,-1.0003049
TCGA-43-6143,LUSC,CXCL9,-0.8065292,-0.45524114
TCGA-43-6143,LUSC,CD27,-0.6979237,-0.67589045
TCGA-43-6143,LUSC,CXCR6,-1.2910591,-0.97005075
TCGA-43-6143,LUSC,IDO1,-0.7561627,-0.9536074
TCGA-43-6143,LUSC,STAT1,-0.67104065,0.62341756
TCGA-43-6143,LUSC,CD274,-0.5162708,-0.50807554
TCGA-43-6143,LUSC,CD276,0.3326059,-1.2605081
TCGA-43-6143,LUSC,LAG3,-0.7318203,-0.65408164
TCGA-43-6143,LUSC,PDCD1LG2,-0.66371727,-0.8063779
TCGA-43-6143,LUSC,TIGIT,-0.7907227,-0.7253619
TCGA-43-6143,LUSC,APM,-1.1775974,-1.4112372
TCGA-43-6143,LUSC,TIS,-1.020436,-1.2274442
TCGA-90-A4EE,LUSC,TMB,0.051888864,0.62743586
TCGA-90-A4EE,LUSC,PSMB5,-0.02042443,0.37462446
TCGA-90-A4EE,LUSC,PSMB6,0.037704952,0.9339662
TCGA-90-A4EE,LUSC,PSMB7,0.2278013,-0.058489446
TCGA-90-A4EE,LUSC,PSMB8,1.0268722,0.68046737
TCGA-90-A4EE,LUSC,PSMB9,1.4561764,1.6810526
TCGA-90-A4EE,LUSC,PSMB10,1.3898492,0.9902156
TCGA-90-A4EE,LUSC,TAP1,1.570586,1.7696904
TCGA-90-A4EE,LUSC,TAP2,1.5789692,2.0597486
TCGA-90-A4EE,LUSC,ERAP1,0.93024504,0.6431383
TCGA-90-A4EE,LUSC,ERAP2,0.28981605,1.2683457
TCGA-90-A4EE,LUSC,TAPBP,1.1428844,2.3729966
TCGA-90-A4EE,LUSC,CANX,0.070309125,-0.80699706
TCGA-90-A4EE,LUSC,CALR,0.1222088,0.98303777
TCGA-90-A4EE,LUSC,PDIA3,-0.3921807,-0.84253234
TCGA-90-A4EE,LUSC,B2M,1.0232923,0.40423816
TCGA-90-A4EE,LUSC,HLA-A,1.1427224,0.62783694
TCGA-90-A4EE,LUSC,HLA-B,1.2463145,0.9670775
TCGA-90-A4EE,LUSC,HLA-C,1.0931314,0.78651583
TCGA-90-A4EE,LUSC,HLA-DQA1,1.1749067,1.2549447
TCGA-90-A4EE,LUSC,HLA-DRB1,0.75401294,0.9951547
TCGA-90-A4EE,LUSC,CMKLR1,1.2422673,1.6487784
TCGA-90-A4EE,LUSC,HLA-E,1.1359866,0.5543086
TCGA-90-A4EE,LUSC,NKG7,1.8639243,2.2430775
TCGA-90-A4EE,LUSC,CD8A,1.753931,2.151124
TCGA-90-A4EE,LUSC,CCL5,1.8629147,1.769815
TCGA-90-A4EE,LUSC,CXCL9,1.6564744,1.9907669
TCGA-90-A4EE,LUSC,CD27,1.4531704,1.2282649
TCGA-90-A4EE,LUSC,CXCR6,1.4941057,1.4462018
TCGA-90-A4EE,LUSC,IDO1,1.0462554,0.6463783
TCGA-90-A4EE,LUSC,STAT1,1.512215,1.5358995
TCGA-90-A4EE,LUSC,CD274,0.97713816,0.67261726
TCGA-90-A4EE,LUSC,CD276,0.2886634,-0.46000576
TCGA-90-A4EE,LUSC,LAG3,1.6146933,2.6439655
TCGA-90-A4EE,LUSC,PDCD1LG2,1.0804045,1.4199883
TCGA-90-A4EE,LUSC,TIGIT,1.7508659,2.6411068
TCGA-90-A4EE,LUSC,APM,1.3635994,1.3811917
TCGA-90-A4EE,LUSC,TIS,1.6359771,1.8187448
TCGA-98-A538,LUSC,TMB,-0.04645459,1.4180986
TCGA-98-A538,LUSC,PSMB5,-0.023143968,0.11109113
TCGA-98-A538,LUSC,PSMB6,-0.11582363,-0.65938425
TCGA-98-A538,LUSC,PSMB7,0.21175902,-1.5741985
TCGA-98-A538,LUSC,PSMB8,-0.61852264,-1.5613955
TCGA-98-A538,LUSC,PSMB9,-0.52564365,-0.79208076
TCGA-98-A538,LUSC,PSMB10,-0.57613486,-1.3231795
TCGA-98-A538,LUSC,TAP1,-0.22786704,-0.20103243
TCGA-98-A538,LUSC,TAP2,-0.08248548,-0.2680716
TCGA-98-A538,LUSC,ERAP1,-0.13620454,-0.030197542
TCGA-98-A538,LUSC,ERAP2,-0.15352516,-1.3436158
TCGA-98-A538,LUSC,TAPBP,-0.32537466,-0.8668136
TCGA-98-A538,LUSC,CANX,-0.51350844,-0.6869165
TCGA-98-A538,LUSC,CALR,-0.41078287,-0.09588585
TCGA-98-A538,LUSC,PDIA3,-0.2961185,-0.14570402
TCGA-98-A538,LUSC,B2M,-0.64385897,-0.8315299
TCGA-98-A538,LUSC,HLA-A,-0.5548402,-1.9454815
TCGA-98-A538,LUSC,HLA-B,-0.7664927,-0.9757698
TCGA-98-A538,LUSC,HLA-C,-0.7229411,-1.5780036
TCGA-98-A538,LUSC,HLA-DQA1,-0.6844672,-0.0729516
TCGA-98-A538,LUSC,HLA-DRB1,-0.8602449,-0.54000056
TCGA-98-A538,LUSC,CMKLR1,-0.5836989,-0.039800085
TCGA-98-A538,LUSC,HLA-E,-0.4099028,-1.1839864
TCGA-98-A538,LUSC,NKG7,-0.26910272,-0.45693085
TCGA-98-A538,LUSC,CD8A,-0.50901645,-0.47359034
TCGA-98-A538,LUSC,CCL5,-0.35271946,-0.65226567
TCGA-98-A538,LUSC,CXCL9,-0.35386643,0.16118295
TCGA-98-A538,LUSC,CD27,-0.46831185,-0.11565743
TCGA-98-A538,LUSC,CXCR6,-0.34851193,-0.22112656
TCGA-98-A538,LUSC,IDO1,-0.09774722,-0.54940236
TCGA-98-A538,LUSC,STAT1,-0.22209422,-0.29690605
TCGA-98-A538,LUSC,CD274,0.071770675,-0.17405696
TCGA-98-A538,LUSC,CD276,0.2592833,0.19877522
TCGA-98-A538,LUSC,LAG3,-0.3377807,-0.14764114
TCGA-98-A538,LUSC,PDCD1LG2,-0.28677148,-0.31384566
TCGA-98-A538,LUSC,TIGIT,-0.41611513,-0.5369387
TCGA-98-A538,LUSC,APM,-0.59391034,-1.4384868
TCGA-98-A538,LUSC,TIS,-0.4890004,-0.6860713
TCGA-85-8276,LUSC,TMB,0.042196132,0.17441185
TCGA-85-8276,LUSC,PSMB5,0.112357296,4.59752
TCGA-85-8276,LUSC,PSMB6,0.20574018,0.09526934
TCGA-85-8276,LUSC,PSMB7,0.36101466,-0.23212531
TCGA-85-8276,LUSC,PSMB8,0.03400317,0.1391716
TCGA-85-8276,LUSC,PSMB9,0.27043462,0.3958422
TCGA-85-8276,LUSC,PSMB10,-0.07101762,0.067735374
TCGA-85-8276,LUSC,TAP1,0.25274593,0.42959774
TCGA-85-8276,LUSC,TAP2,0.0667821,1.1677591
TCGA-85-8276,LUSC,ERAP1,-0.036559828,-0.320914
TCGA-85-8276,LUSC,ERAP2,-0.06639923,0.25026095
TCGA-85-8276,LUSC,TAPBP,0.034931757,-0.21327841
TCGA-85-8276,LUSC,CANX,-0.20639935,-0.9778694
TCGA-85-8276,LUSC,CALR,0.32488573,-0.47985926
TCGA-85-8276,LUSC,PDIA3,-0.18115565,-0.6198985
TCGA-85-8276,LUSC,B2M,0.048572812,0.2451361
TCGA-85-8276,LUSC,HLA-A,0.12370871,0.11949218
TCGA-85-8276,LUSC,HLA-B,0.16755037,0.5872332
TCGA-85-8276,LUSC,HLA-C,-0.074894026,0.73207575
TCGA-85-8276,LUSC,HLA-DQA1,-0.026044477,0.29602447
TCGA-85-8276,LUSC,HLA-DRB1,-0.18324402,0.048498917
TCGA-85-8276,LUSC,CMKLR1,0.25031972,0.5752197
TCGA-85-8276,LUSC,HLA-E,-0.12477745,0.2962691
TCGA-85-8276,LUSC,NKG7,0.52050203,0.7477451
TCGA-85-8276,LUSC,CD8A,0.5987606,0.79225594
TCGA-85-8276,LUSC,CCL5,0.74027216,0.8449819
TCGA-85-8276,LUSC,CXCL9,0.38223475,1.1776977
TCGA-85-8276,LUSC,CD27,0.46419042,1.4241122
TCGA-85-8276,LUSC,CXCR6,0.37104562,1.1813211
TCGA-85-8276,LUSC,IDO1,0.14187407,0.2707371
TCGA-85-8276,LUSC,STAT1,0.07636206,0.5829254
TCGA-85-8276,LUSC,CD274,0.13864467,-0.34039006
TCGA-85-8276,LUSC,CD276,0.4512755,-0.053379912
TCGA-85-8276,LUSC,LAG3,0.586661,0.90309614
TCGA-85-8276,LUSC,PDCD1LG2,0.26743203,0.32152873
TCGA-85-8276,LUSC,TIGIT,0.64975196,1.1492835
TCGA-85-8276,LUSC,APM,0.04021974,0.57750744
TCGA-85-8276,LUSC,TIS,0.32404277,0.64118665
TCGA-43-A56V,LUSC,TMB,-0.00930441,-0.07930006
TCGA-43-A56V,LUSC,PSMB5,0.09598303,1.935613
TCGA-43-A56V,LUSC,PSMB6,-0.022009889,0.6144868
TCGA-43-A56V,LUSC,PSMB7,0.1927555,-0.4171005
TCGA-43-A56V,LUSC,PSMB8,-0.765206,-1.6787854
TCGA-43-A56V,LUSC,PSMB9,-0.65546453,-1.4383737
TCGA-43-A56V,LUSC,PSMB10,-0.6544033,-0.7946319
TCGA-43-A56V,LUSC,TAP1,-0.3176771,-1.8931775
TCGA-43-A56V,LUSC,TAP2,-0.38149142,-1.6324637
TCGA-43-A56V,LUSC,ERAP1,-0.17613319,-0.2579432
TCGA-43-A56V,LUSC,ERAP2,-0.21637335,-1.3282802
TCGA-43-A56V,LUSC,TAPBP,-0.7841496,-1.2594234
TCGA-43-A56V,LUSC,CANX,-0.60139304,-0.7651919
TCGA-43-A56V,LUSC,CALR,-0.46040782,-0.27671784
TCGA-43-A56V,LUSC,PDIA3,-0.26353976,0.49665496
TCGA-43-A56V,LUSC,B2M,-0.85235894,-0.9711932
TCGA-43-A56V,LUSC,HLA-A,-0.7919962,-1.909944
TCGA-43-A56V,LUSC,HLA-B,-0.91122544,-1.617359
TCGA-43-A56V,LUSC,HLA-C,-0.9281639,-1.6527095
TCGA-43-A56V,LUSC,HLA-DQA1,-0.7414694,-1.3355784
TCGA-43-A56V,LUSC,HLA-DRB1,-0.732747,-1.2857203
TCGA-43-A56V,LUSC,CMKLR1,-0.7281478,-0.8462578
TCGA-43-A56V,LUSC,HLA-E,-0.6454794,-1.3182286
TCGA-43-A56V,LUSC,NKG7,-0.61833745,-0.7784004
TCGA-43-A56V,LUSC,CD8A,-0.6575011,-1.0072473
TCGA-43-A56V,LUSC,CCL5,-0.67610025,-1.2446252
TCGA-43-A56V,LUSC,CXCL9,-0.65301096,-1.2163006
TCGA-43-A56V,LUSC,CD27,-0.49625176,-0.3818146
TCGA-43-A56V,LUSC,CXCR6,-0.7282774,-1.241281
TCGA-43-A56V,LUSC,IDO1,-0.4387629,0.057461537
TCGA-43-A56V,LUSC,STAT1,-0.49002442,-0.97514206
TCGA-43-A56V,LUSC,CD274,-0.17020066,-0.95084554
TCGA-43-A56V,LUSC,CD276,0.24119449,-0.21343043
TCGA-43-A56V,LUSC,LAG3,-0.6101719,-0.43922833
TCGA-43-A56V,LUSC,PDCD1LG2,-0.415083,-1.2446887
TCGA-43-A56V,LUSC,TIGIT,-0.4968931,-0.79301673
TCGA-43-A56V,LUSC,APM,-0.8418064,-1.6290716
TCGA-43-A56V,LUSC,TIS,-0.6152444,-1.4267392
TCGA-39-5034,LUSC,TMB,0.20856984,1.2282853
TCGA-39-5034,LUSC,PSMB5,0.6364053,0.2460433
TCGA-39-5034,LUSC,PSMB6,0.6679131,0.12740919
TCGA-39-5034,LUSC,PSMB7,0.5386791,-0.24145168
TCGA-39-5034,LUSC,PSMB8,0.63255864,-0.14506486
TCGA-39-5034,LUSC,PSMB9,0.6751919,-0.6025514
TCGA-39-5034,LUSC,PSMB10,0.44208702,0.13164659
TCGA-39-5034,LUSC,TAP1,0.6860922,-0.5617405
TCGA-39-5034,LUSC,TAP2,0.62743646,-0.30019256
TCGA-39-5034,LUSC,ERAP1,0.11649499,0.25713387
TCGA-39-5034,LUSC,ERAP2,0.2421451,-1.1797631
TCGA-39-5034,LUSC,TAPBP,0.41625863,0.10463872
TCGA-39-5034,LUSC,CANX,0.012643,2.6219976
TCGA-39-5034,LUSC,CALR,0.20796964,0.27912766
TCGA-39-5034,LUSC,PDIA3,-0.0036298663,0.8883925
TCGA-39-5034,LUSC,B2M,0.56767374,0.20189773
TCGA-39-5034,LUSC,HLA-A,0.64976144,0.28357863
TCGA-39-5034,LUSC,HLA-B,0.391598,-0.33520958
TCGA-39-5034,LUSC,HLA-C,0.5860799,0.2892405
TCGA-39-5034,LUSC,HLA-DQA1,0.19367778,0.25734955
TCGA-39-5034,LUSC,HLA-DRB1,0.32375622,-0.19017677
TCGA-39-5034,LUSC,CMKLR1,0.15758638,-0.2637591
TCGA-39-5034,LUSC,HLA-E,0.2943378,-0.701564
TCGA-39-5034,LUSC,NKG7,0.90844744,0.026775066
TCGA-39-5034,LUSC,CD8A,0.8752901,-0.078649245
TCGA-39-5034,LUSC,CCL5,0.7188057,0.10388774
TCGA-39-5034,LUSC,CXCL9,0.65790594,0.43511203
TCGA-39-5034,LUSC,CD27,0.6878151,1.1051326
TCGA-39-5034,LUSC,CXCR6,0.76316565,-0.38328263
TCGA-39-5034,LUSC,IDO1,0.8470248,0.93154854
TCGA-39-5034,LUSC,STAT1,0.63833296,0.22559007
TCGA-39-5034,LUSC,CD274,0.34358796,-0.7388213
TCGA-39-5034,LUSC,CD276,-0.18789436,0.051018607
TCGA-39-5034,LUSC,LAG3,0.93485737,0.18669154
TCGA-39-5034,LUSC,PDCD1LG2,0.24471298,-0.07422175
TCGA-39-5034,LUSC,TIGIT,0.63137466,-0.14722207
TCGA-39-5034,LUSC,APM,0.7587868,0.018280024
TCGA-39-5034,LUSC,TIS,0.58268726,-0.07854699
TCGA-60-2706,LUSC,TMB,0.19951136,-2.1059628
TCGA-60-2706,LUSC,PSMB5,0.3555042,0.9226235
TCGA-60-2706,LUSC,PSMB6,0.39413348,0.31196672
TCGA-60-2706,LUSC,PSMB7,0.54441404,-0.68032295
TCGA-60-2706,LUSC,PSMB8,0.3877033,0.6295544
TCGA-60-2706,LUSC,PSMB9,0.6147434,0.12983862
TCGA-60-2706,LUSC,PSMB10,0.5414721,0.6455057
TCGA-60-2706,LUSC,TAP1,0.5549346,-0.040347774
TCGA-60-2706,LUSC,TAP2,0.47571477,-0.3765371
TCGA-60-2706,LUSC,ERAP1,0.23525214,-0.20760828
TCGA-60-2706,LUSC,ERAP2,-0.02334036,-1.2670026
TCGA-60-2706,LUSC,TAPBP,0.32782474,0.04022811
TCGA-60-2706,LUSC,CANX,0.0889581,-0.1474215
TCGA-60-2706,LUSC,CALR,0.09255777,-0.04678725
TCGA-60-2706,LUSC,PDIA3,-0.12651053,-0.10086525
TCGA-60-2706,LUSC,B2M,0.1798577,-0.081972666
TCGA-60-2706,LUSC,HLA-A,0.34598327,-0.22699638
TCGA-60-2706,LUSC,HLA-B,0.2047915,-0.034145474
TCGA-60-2706,LUSC,HLA-C,0.04638387,-0.52351975
TCGA-60-2706,LUSC,HLA-DQA1,0.27287152,1.0112431
TCGA-60-2706,LUSC,HLA-DRB1,0.15186495,0.6016361
TCGA-60-2706,LUSC,CMKLR1,0.3462167,0.9220435
TCGA-60-2706,LUSC,HLA-E,0.1732937,-0.072778724
TCGA-60-2706,LUSC,NKG7,0.89575636,0.58363384
TCGA-60-2706,LUSC,CD8A,0.83264923,0.74666375
TCGA-60-2706,LUSC,CCL5,0.84669983,0.6692468
TCGA-60-2706,LUSC,CXCL9,0.80796593,1.2743925
TCGA-60-2706,LUSC,CD27,0.41431275,0.07828913
TCGA-60-2706,LUSC,CXCR6,0.79128015,0.76750684
TCGA-60-2706,LUSC,IDO1,0.38744837,0.090338826
TCGA-60-2706,LUSC,STAT1,0.45220256,0.24905969
TCGA-60-2706,LUSC,CD274,0.6297137,-0.46523196
TCGA-60-2706,LUSC,CD276,-0.010560053,0.7843625
TCGA-60-2706,LUSC,LAG3,0.8556627,0.97715384
TCGA-60-2706,LUSC,PDCD1LG2,0.5214714,0.60963565
TCGA-60-2706,LUSC,TIGIT,0.7686914,0.74818075
TCGA-60-2706,LUSC,APM,0.4422593,-0.122739315
TCGA-60-2706,LUSC,TIS,0.71758896,0.657693
TCGA-77-A5G1,LUSC,TMB,-0.084329486,-0.4403452
TCGA-77-A5G1,LUSC,PSMB5,-0.09839467,-0.621508
TCGA-77-A5G1,LUSC,PSMB6,-0.031247765,-0.31697607
TCGA-77-A5G1,LUSC,PSMB7,-0.0071290014,0.30768898
TCGA-77-A5G1,LUSC,PSMB8,-0.5452797,-0.74206024
TCGA-77-A5G1,LUSC,PSMB9,-0.4664688,-0.12995592
TCGA-77-A5G1,LUSC,PSMB10,-0.34206003,-0.13968377
TCGA-77-A5G1,LUSC,TAP1,-0.47111854,-0.35422805
TCGA-77-A5G1,LUSC,TAP2,-0.06152017,0.2967447
TCGA-77-A5G1,LUSC,ERAP1,-0.25548652,-0.1704589
TCGA-77-A5G1,LUSC,ERAP2,-0.08656028,1.3660171
TCGA-77-A5G1,LUSC,TAPBP,0.28261918,0.5432875
TCGA-77-A5G1,LUSC,CANX,-0.48346394,-0.5470023
TCGA-77-A5G1,LUSC,CALR,0.19784705,0.8243964
TCGA-77-A5G1,LUSC,PDIA3,0.31718618,1.3019459
TCGA-77-A5G1,LUSC,B2M,-0.35118222,0.03794125
TCGA-77-A5G1,LUSC,HLA-A,-0.38526466,-0.58253205
TCGA-77-A5G1,LUSC,HLA-B,-0.3480246,-0.37390512
TCGA-77-A5G1,LUSC,HLA-C,-0.467652,-0.8600977
TCGA-77-A5G1,LUSC,HLA-DQA1,-0.5885846,-0.32788068
TCGA-77-A5G1,LUSC,HLA-DRB1,-0.45357385,-0.16028471
TCGA-77-A5G1,LUSC,CMKLR1,-0.3490048,1.7373204
TCGA-77-A5G1,LUSC,HLA-E,-0.31992933,0.4907193
TCGA-77-A5G1,LUSC,NKG7,-0.16915599,-0.23099726
TCGA-77-A5G1,LUSC,CD8A,-0.38055313,-0.5319806
TCGA-77-A5G1,LUSC,CCL5,-0.05753972,0.17432624
TCGA-77-A5G1,LUSC,CXCL9,-0.5083816,0.07236013
TCGA-77-A5G1,LUSC,CD27,-0.12481632,-0.050003264
TCGA-77-A5G1,LUSC,CXCR6,-0.5405003,-0.405583
TCGA-77-A5G1,LUSC,IDO1,-0.42383757,-0.90441537
TCGA-77-A5G1,LUSC,STAT1,-0.17675988,0.021438375
TCGA-77-A5G1,LUSC,CD274,-0.20421651,-0.05729795
TCGA-77-A5G1,LUSC,CD276,0.695066,0.7573112
TCGA-77-A5G1,LUSC,LAG3,-0.24004808,-0.6408743
TCGA-77-A5G1,LUSC,PDCD1LG2,-0.081145965,0.41803542
TCGA-77-A5G1,LUSC,TIGIT,-0.24350047,0.07573322
TCGA-77-A5G1,LUSC,APM,-0.37681255,0.0047987956
TCGA-77-A5G1,LUSC,TIS,-0.3703303,0.07327516
TCGA-77-8007,LUSC,TMB,0.1975404,-0.9861947
TCGA-77-8007,LUSC,PSMB5,-0.113410614,-1.3392812
TCGA-77-8007,LUSC,PSMB6,0.17450342,-0.38340774
TCGA-77-8007,LUSC,PSMB7,0.1873866,-0.87007225
TCGA-77-8007,LUSC,PSMB8,-0.5341078,0.7257193
TCGA-77-8007,LUSC,PSMB9,-0.15302011,0.55210036
TCGA-77-8007,LUSC,PSMB10,-0.24278846,0.66582066
TCGA-77-8007,LUSC,TAP1,0.038359843,0.984912
TCGA-77-8007,LUSC,TAP2,0.14473504,1.3700733
TCGA-77-8007,LUSC,ERAP1,-0.07961179,-0.20800567
TCGA-77-8007,LUSC,ERAP2,-0.049318466,1.5558662
TCGA-77-8007,LUSC,TAPBP,0.22308517,0.65003395
TCGA-77-8007,LUSC,CANX,0.04882745,-0.5362696
TCGA-77-8007,LUSC,CALR,0.013296744,-0.6830969
TCGA-77-8007,LUSC,PDIA3,0.19948868,-1.0716279
TCGA-77-8007,LUSC,B2M,-0.33562803,0.29107615
TCGA-77-8007,LUSC,HLA-A,-0.5342136,1.0183308
TCGA-77-8007,LUSC,HLA-B,-0.28872427,0.6375549
TCGA-77-8007,LUSC,HLA-C,-0.5396835,0.857225
TCGA-77-8007,LUSC,HLA-DQA1,-0.5439871,0.8171592
TCGA-77-8007,LUSC,HLA-DRB1,-0.6496972,0.25459263
TCGA-77-8007,LUSC,CMKLR1,-0.44615015,1.4230582
TCGA-77-8007,LUSC,HLA-E,-0.36860391,0.45456782
TCGA-77-8007,LUSC,NKG7,-0.09892668,0.6613997
TCGA-77-8007,LUSC,CD8A,-0.29362077,0.7652853
TCGA-77-8007,LUSC,CCL5,-0.1898055,0.3650539
TCGA-77-8007,LUSC,CXCL9,-0.26167893,0.56585985
TCGA-77-8007,LUSC,CD27,-0.2931755,0.06387412
TCGA-77-8007,LUSC,CXCR6,-0.4872169,0.17365082
TCGA-77-8007,LUSC,IDO1,-0.15346377,-0.30637488
TCGA-77-8007,LUSC,STAT1,0.0671152,0.7766049
TCGA-77-8007,LUSC,CD274,0.30958804,1.9953917
TCGA-77-8007,LUSC,CD276,0.8760718,0.20647013
TCGA-77-8007,LUSC,LAG3,-0.087092444,0.5890708
TCGA-77-8007,LUSC,PDCD1LG2,0.25228342,1.674875
TCGA-77-8007,LUSC,TIGIT,-0.0019191265,0.67108005
TCGA-77-8007,LUSC,APM,-0.36485413,0.6825445
TCGA-77-8007,LUSC,TIS,-0.2462436,0.7875726
TCGA-85-8351,LUSC,TMB,0.016143586,-0.5837517
TCGA-85-8351,LUSC,PSMB5,0.2401987,0.06677627
TCGA-85-8351,LUSC,PSMB6,0.15324053,0.030762728
TCGA-85-8351,LUSC,PSMB7,0.28379384,-0.60986066
TCGA-85-8351,LUSC,PSMB8,-0.18375471,-0.34721363
TCGA-85-8351,LUSC,PSMB9,-0.16792698,-0.78864807
TCGA-85-8351,LUSC,PSMB10,-0.36017242,-1.1874466
TCGA-85-8351,LUSC,TAP1,0.04777248,-0.39843968
TCGA-85-8351,LUSC,TAP2,0.035980113,-0.06666523
TCGA-85-8351,LUSC,ERAP1,-0.22998019,-0.08650129
TCGA-85-8351,LUSC,ERAP2,-0.3277893,0.98489845
TCGA-85-8351,LUSC,TAPBP,-0.19573931,-1.0305005
TCGA-85-8351,LUSC,CANX,-0.3512755,-0.36956975
TCGA-85-8351,LUSC,CALR,0.33577994,0.15074928
TCGA-85-8351,LUSC,PDIA3,0.110638544,0.2661273
TCGA-85-8351,LUSC,B2M,-0.073149465,-0.19590716
TCGA-85-8351,LUSC,HLA-A,-0.15253043,-0.14667048
TCGA-85-8351,LUSC,HLA-B,-0.12252374,-0.641285
TCGA-85-8351,LUSC,HLA-C,-0.22933514,-0.48652965
TCGA-85-8351,LUSC,HLA-DQA1,-0.44508395,-0.4981403
TCGA-85-8351,LUSC,HLA-DRB1,-0.58117366,-0.32797813
TCGA-85-8351,LUSC,CMKLR1,-0.24900968,-0.4935428
TCGA-85-8351,LUSC,HLA-E,-0.2057074,-0.74929863
TCGA-85-8351,LUSC,NKG7,-0.19114712,-0.45565265
TCGA-85-8351,LUSC,CD8A,-0.1149886,-0.9479922
TCGA-85-8351,LUSC,CCL5,-0.028298277,-0.2211272
TCGA-85-8351,LUSC,CXCL9,-0.2949027,-0.26694494
TCGA-85-8351,LUSC,CD27,-0.20285158,-1.4555675
TCGA-85-8351,LUSC,CXCR6,-0.3794629,-1.128859
TCGA-85-8351,LUSC,IDO1,-0.13263667,-0.24339457
TCGA-85-8351,LUSC,STAT1,-0.065415956,-0.73361635
TCGA-85-8351,LUSC,CD274,0.047569167,-0.37120095
TCGA-85-8351,LUSC,CD276,0.7582264,1.8054597
TCGA-85-8351,LUSC,LAG3,-0.116349004,-0.97941613
TCGA-85-8351,LUSC,PDCD1LG2,0.018369162,-0.7350696
TCGA-85-8351,LUSC,TIGIT,-0.13317536,-1.074431
TCGA-85-8351,LUSC,APM,-0.11272387,-0.37078047
TCGA-85-8351,LUSC,TIS,-0.16568543,-0.68919325
TCGA-98-8023,LUSC,TMB,-0.050573,-0.15215471
TCGA-98-8023,LUSC,PSMB5,-0.042188022,-1.2146178
TCGA-98-8023,LUSC,PSMB6,0.032704778,0.5663206
TCGA-98-8023,LUSC,PSMB7,0.2565,0.31597716
TCGA-98-8023,LUSC,PSMB8,0.37405473,0.4738362
TCGA-98-8023,LUSC,PSMB9,0.55095327,0.8006455
TCGA-98-8023,LUSC,PSMB10,0.28543127,0.86992246
TCGA-98-8023,LUSC,TAP1,0.6768957,-0.10549393
TCGA-98-8023,LUSC,TAP2,0.57229143,0.94903314
TCGA-98-8023,LUSC,ERAP1,0.3968671,1.7057856
TCGA-98-8023,LUSC,ERAP2,0.10706635,1.4490552
TCGA-98-8023,LUSC,TAPBP,0.3596141,2.218419
TCGA-98-8023,LUSC,CANX,0.1756178,0.75689566
TCGA-98-8023,LUSC,CALR,0.2328155,1.3761715
TCGA-98-8023,LUSC,PDIA3,-0.11921953,0.73389536
TCGA-98-8023,LUSC,B2M,0.28635785,0.80722255
TCGA-98-8023,LUSC,HLA-A,0.38113827,0.596237
TCGA-98-8023,LUSC,HLA-B,0.4650817,-0.3571032
TCGA-98-8023,LUSC,HLA-C,0.23339316,0.52229214
TCGA-98-8023,LUSC,HLA-DQA1,0.3169712,0.53925765
TCGA-98-8023,LUSC,HLA-DRB1,0.041519277,0.58097994
TCGA-98-8023,LUSC,CMKLR1,0.47614416,0.28799146
TCGA-98-8023,LUSC,HLA-E,0.25808844,0.4520908
TCGA-98-8023,LUSC,NKG7,0.68485844,1.0341829
TCGA-98-8023,LUSC,CD8A,0.7909976,0.6772046
TCGA-98-8023,LUSC,CCL5,0.81422824,1.9183625
TCGA-98-8023,LUSC,CXCL9,0.52432173,0.64178884
TCGA-98-8023,LUSC,CD27,0.6243843,0.5889535
TCGA-98-8023,LUSC,CXCR6,0.57976496,0.9756073
TCGA-98-8023,LUSC,IDO1,0.30946964,-0.12038136
TCGA-98-8023,LUSC,STAT1,0.6570735,0.92237896
TCGA-98-8023,LUSC,CD274,0.21416497,-0.47847918
TCGA-98-8023,LUSC,CD276,0.43477458,0.96411836
TCGA-98-8023,LUSC,LAG3,0.68667877,1.7611222
TCGA-98-8023,LUSC,PDCD1LG2,0.61353886,-0.3178689
TCGA-98-8023,LUSC,TIGIT,0.75305253,0.490687
TCGA-98-8023,LUSC,APM,0.4945076,1.050058
TCGA-98-8023,LUSC,TIS,0.6985038,0.86357635
TCGA-77-8136,LUSC,TMB,0.1503274,0.8501249
TCGA-77-8136,LUSC,PSMB5,-0.04075002,0.36533883
TCGA-77-8136,LUSC,PSMB6,0.31890252,-0.4242471
TCGA-77-8136,LUSC,PSMB7,0.6215105,-0.16424826
TCGA-77-8136,LUSC,PSMB8,0.7349291,0.77135885
TCGA-77-8136,LUSC,PSMB9,0.96382266,1.6593845
TCGA-77-8136,LUSC,PSMB10,0.61475533,0.89820445
TCGA-77-8136,LUSC,TAP1,0.9751053,2.0619016
TCGA-77-8136,LUSC,TAP2,1.201835,1.535647
TCGA-77-8136,LUSC,ERAP1,0.59335893,0.99941534
TCGA-77-8136,LUSC,ERAP2,0.47961634,1.7966932
TCGA-77-8136,LUSC,TAPBP,1.0488819,2.2734895
TCGA-77-8136,LUSC,CANX,0.048975468,0.052109037
TCGA-77-8136,LUSC,CALR,0.030089255,1.2859257
TCGA-77-8136,LUSC,PDIA3,0.06365436,1.9049158
TCGA-77-8136,LUSC,B2M,0.7556919,0.8911117
TCGA-77-8136,LUSC,HLA-A,0.61908495,0.6121012
TCGA-77-8136,LUSC,HLA-B,0.64133686,0.8794653
TCGA-77-8136,LUSC,HLA-C,0.3370202,1.0653685
TCGA-77-8136,LUSC,HLA-DQA1,0.4323998,0.5366145
TCGA-77-8136,LUSC,HLA-DRB1,0.24726808,0.6022349
TCGA-77-8136,LUSC,CMKLR1,0.6457807,1.3510612
TCGA-77-8136,LUSC,HLA-E,0.6692937,1.2664704
TCGA-77-8136,LUSC,NKG7,1.3375733,1.4255446
TCGA-77-8136,LUSC,CD8A,1.2364824,1.4369483
TCGA-77-8136,LUSC,CCL5,1.2418922,1.4930304
TCGA-77-8136,LUSC,CXCL9,1.0019568,1.5399206
TCGA-77-8136,LUSC,CD27,0.85985595,0.60635304
TCGA-77-8136,LUSC,CXCR6,0.9046553,1.6029172
TCGA-77-8136,LUSC,IDO1,0.69474936,2.4711373
TCGA-77-8136,LUSC,STAT1,1.201182,1.6364834
TCGA-77-8136,LUSC,CD274,0.7809776,2.2698855
TCGA-77-8136,LUSC,CD276,0.36275855,1.558163
TCGA-77-8136,LUSC,LAG3,1.2118919,2.316262
TCGA-77-8136,LUSC,PDCD1LG2,0.9176725,1.5390084
TCGA-77-8136,LUSC,TIGIT,1.3046898,0.9373398
TCGA-77-8136,LUSC,APM,0.8719452,1.6574343
TCGA-77-8136,LUSC,TIS,1.0521475,1.7093586
TCGA-66-2783,LUSC,TMB,-0.1054609,0.1320075
TCGA-66-2783,LUSC,PSMB5,0.20025969,0.8928541
TCGA-66-2783,LUSC,PSMB6,0.030518442,-0.09068483
TCGA-66-2783,LUSC,PSMB7,0.2262415,1.3242875
TCGA-66-2783,LUSC,PSMB8,-0.02373432,0.10212414
TCGA-66-2783,LUSC,PSMB9,0.009670058,-0.37443128
TCGA-66-2783,LUSC,PSMB10,-0.11843829,-0.0047201803
TCGA-66-2783,LUSC,TAP1,0.3500394,0.21484168
TCGA-66-2783,LUSC,TAP2,0.2156192,0.42679563
TCGA-66-2783,LUSC,ERAP1,0.13180555,0.3394548
TCGA-66-2783,LUSC,ERAP2,-0.19889589,-1.414622
TCGA-66-2783,LUSC,TAPBP,-0.07589269,-0.88488495
TCGA-66-2783,LUSC,CANX,-0.06620537,0.96804273
TCGA-66-2783,LUSC,CALR,0.31731388,0.002829263
TCGA-66-2783,LUSC,PDIA3,-0.06750812,-0.8472901
TCGA-66-2783,LUSC,B2M,0.1630965,-0.64927715
TCGA-66-2783,LUSC,HLA-A,-0.090274215,-0.89416325
TCGA-66-2783,LUSC,HLA-B,0.015377754,-0.8942401
TCGA-66-2783,LUSC,HLA-C,-0.17897351,-0.19314109
TCGA-66-2783,LUSC,HLA-DQA1,0.034227908,-0.56601506
TCGA-66-2783,LUSC,HLA-DRB1,0.0032278418,-0.47050488
TCGA-66-2783,LUSC,CMKLR1,0.20687044,-0.28764048
TCGA-66-2783,LUSC,HLA-E,0.14719868,-0.7438337
TCGA-66-2783,LUSC,NKG7,0.025060838,-0.37918752
TCGA-66-2783,LUSC,CD8A,0.15704718,-0.1668877
TCGA-66-2783,LUSC,CCL5,0.050996743,-0.50940144
TCGA-66-2783,LUSC,CXCL9,-0.086103484,-0.43104044
TCGA-66-2783,LUSC,CD27,0.1716653,1.2166517
TCGA-66-2783,LUSC,CXCR6,0.197557,-0.66804177
TCGA-66-2783,LUSC,IDO1,-0.045449805,-0.70510584
TCGA-66-2783,LUSC,STAT1,0.20132974,-0.20409529
TCGA-66-2783,LUSC,CD274,0.22270353,0.7754846
TCGA-66-2783,LUSC,CD276,0.74883497,0.13217995
TCGA-66-2783,LUSC,LAG3,-0.024526384,-0.4181297
TCGA-66-2783,LUSC,PDCD1LG2,0.42096463,0.6645898
TCGA-66-2783,LUSC,TIGIT,-0.06721592,-0.57726204
TCGA-66-2783,LUSC,APM,0.029886404,-0.35050458
TCGA-66-2783,LUSC,TIS,0.16440465,-0.31215933
TCGA-92-8064,LUSC,TMB,0.17281926,-0.016707594
TCGA-92-8064,LUSC,PSMB5,-0.07887196,1.7492843
TCGA-92-8064,LUSC,PSMB6,0.21928282,0.10863025
TCGA-92-8064,LUSC,PSMB7,0.5047091,0.09220281
TCGA-92-8064,LUSC,PSMB8,0.6662135,0.81423074
TCGA-92-8064,LUSC,PSMB9,1.2296543,1.5119219
TCGA-92-8064,LUSC,PSMB10,0.846913,1.0597911
TCGA-92-8064,LUSC,TAP1,1.2807229,1.8474027
TCGA-92-8064,LUSC,TAP2,1.2460063,1.494259
TCGA-92-8064,LUSC,ERAP1,0.9612749,-0.05767704
TCGA-92-8064,LUSC,ERAP2,0.5349363,1.3831191
TCGA-92-8064,LUSC,TAPBP,0.78820306,0.7834037
TCGA-92-8064,LUSC,CANX,0.083879344,-1.2860268
TCGA-92-8064,LUSC,CALR,0.026502173,-0.33175978
TCGA-92-8064,LUSC,PDIA3,-0.31244785,-1.5769296
TCGA-92-8064,LUSC,B2M,0.7201261,0.76305676
TCGA-92-8064,LUSC,HLA-A,0.7848639,0.38696137
TCGA-92-8064,LUSC,HLA-B,0.98185015,0.70437515
TCGA-92-8064,LUSC,HLA-C,0.6903872,-0.031989567
TCGA-92-8064,LUSC,HLA-DQA1,0.57308924,0.7565331
TCGA-92-8064,LUSC,HLA-DRB1,0.42122966,0.26364043
TCGA-92-8064,LUSC,CMKLR1,0.9433273,1.3232632
TCGA-92-8064,LUSC,HLA-E,0.63309175,1.1912862
TCGA-92-8064,LUSC,NKG7,1.4699607,2.3129494
TCGA-92-8064,LUSC,CD8A,1.5244868,2.3364296
TCGA-92-8064,LUSC,CCL5,1.4600264,1.9927189
TCGA-92-8064,LUSC,CXCL9,1.3541181,2.160535
TCGA-92-8064,LUSC,CD27,0.9036025,1.443167
TCGA-92-8064,LUSC,CXCR6,1.2207286,2.189704
TCGA-92-8064,LUSC,IDO1,0.86971915,1.8685601
TCGA-92-8064,LUSC,STAT1,1.3609993,1.798318
TCGA-92-8064,LUSC,CD274,1.0509379,3.067755
TCGA-92-8064,LUSC,CD276,0.37606597,-1.1166492
TCGA-92-8064,LUSC,LAG3,1.3369917,2.7545118
TCGA-92-8064,LUSC,PDCD1LG2,1.3044615,1.9096792
TCGA-92-8064,LUSC,TIGIT,1.3406765,2.073149
TCGA-92-8064,LUSC,APM,1.1127242,1.0284979
TCGA-92-8064,LUSC,TIS,1.4529014,2.1355975
TCGA-XC-AA0X,LUSC,TMB,0.24972959,-0.24468037
TCGA-XC-AA0X,LUSC,PSMB5,0.13969734,-0.90728176
TCGA-XC-AA0X,LUSC,PSMB6,0.23723786,-0.43944326
TCGA-XC-AA0X,LUSC,PSMB7,0.48565236,-0.7721047
TCGA-XC-AA0X,LUSC,PSMB8,-0.41750884,-1.0216534
TCGA-XC-AA0X,LUSC,PSMB9,-0.19050896,-0.8282491
TCGA-XC-AA0X,LUSC,PSMB10,-0.44769222,-0.5982887
TCGA-XC-AA0X,LUSC,TAP1,-0.020439556,-0.27083156
TCGA-XC-AA0X,LUSC,TAP2,-0.16562809,-0.7278627
TCGA-XC-AA0X,LUSC,ERAP1,-0.10345729,-0.27225718
TCGA-XC-AA0X,LUSC,ERAP2,-0.29229733,-0.049882222
TCGA-XC-AA0X,LUSC,TAPBP,-0.3556091,-0.7940426
TCGA-XC-AA0X,LUSC,CANX,-0.31193677,-1.2445023
TCGA-XC-AA0X,LUSC,CALR,0.19813597,-1.3542738
TCGA-XC-AA0X,LUSC,PDIA3,-0.2809289,-0.92028993
TCGA-XC-AA0X,LUSC,B2M,-0.29420397,-0.40957195
TCGA-XC-AA0X,LUSC,HLA-A,-0.43536645,-0.7361535
TCGA-XC-AA0X,LUSC,HLA-B,-0.33887154,-0.46871376
TCGA-XC-AA0X,LUSC,HLA-C,-0.5274056,-0.7313741
TCGA-XC-AA0X,LUSC,HLA-DQA1,-0.36725822,0.11135168
TCGA-XC-AA0X,LUSC,HLA-DRB1,-0.29774132,0.26642478
TCGA-XC-AA0X,LUSC,CMKLR1,-0.20157413,-0.46399885
TCGA-XC-AA0X,LUSC,HLA-E,-0.36282954,-0.20207508
TCGA-XC-AA0X,LUSC,NKG7,-0.13615131,-0.34435645
TCGA-XC-AA0X,LUSC,CD8A,-0.01704424,-0.10440485
TCGA-XC-AA0X,LUSC,CCL5,-0.083637394,-0.52268606
TCGA-XC-AA0X,LUSC,CXCL9,-0.021278307,-1.0146673
TCGA-XC-AA0X,LUSC,CD27,0.0061798217,0.90110177
TCGA-XC-AA0X,LUSC,CXCR6,-0.22718918,0.23279972
TCGA-XC-AA0X,LUSC,IDO1,-0.43856245,-0.6632549
TCGA-XC-AA0X,LUSC,STAT1,-0.12337376,-1.218842
TCGA-XC-AA0X,LUSC,CD274,0.33658066,0.46583983
TCGA-XC-AA0X,LUSC,CD276,0.6312688,-0.23703091
TCGA-XC-AA0X,LUSC,LAG3,-0.04738071,-0.65463436
TCGA-XC-AA0X,LUSC,PDCD1LG2,0.1188094,-0.2970049
TCGA-XC-AA0X,LUSC,TIGIT,-0.06658137,0.42155588
TCGA-XC-AA0X,LUSC,APM,-0.44771093,-0.9950579
TCGA-XC-AA0X,LUSC,TIS,-0.106258556,-0.35531512
TCGA-98-8021,LUSC,TMB,-0.07509689,1.956141
TCGA-98-8021,LUSC,PSMB5,-0.16622739,-1.4464374
TCGA-98-8021,LUSC,PSMB6,-0.31537908,-0.78601104
TCGA-98-8021,LUSC,PSMB7,0.012186515,-0.23895949
TCGA-98-8021,LUSC,PSMB8,-0.8499609,-0.8055967
TCGA-98-8021,LUSC,PSMB9,-0.6554283,-1.0088477
TCGA-98-8021,LUSC,PSMB10,-0.79674757,-0.9095219
TCGA-98-8021,LUSC,TAP1,-0.5528633,-0.32354382
TCGA-98-8021,LUSC,TAP2,-0.3247361,-0.86958086
TCGA-98-8021,LUSC,ERAP1,-0.2912758,0.46074903
TCGA-98-8021,LUSC,ERAP2,-0.25140834,0.44714606
TCGA-98-8021,LUSC,TAPBP,-0.40374893,0.3293187
TCGA-98-8021,LUSC,CANX,-0.5599619,-1.0977409
TCGA-98-8021,LUSC,CALR,-0.14553957,1.5912582
TCGA-98-8021,LUSC,PDIA3,-0.09008671,0.51036596
TCGA-98-8021,LUSC,B2M,-0.69314003,-1.031737
TCGA-98-8021,LUSC,HLA-A,-0.770058,-1.0990276
TCGA-98-8021,LUSC,HLA-B,-0.6788859,-1.1207819
TCGA-98-8021,LUSC,HLA-C,-0.7866216,-0.7376803
TCGA-98-8021,LUSC,HLA-DQA1,-0.6149623,-1.0852538
TCGA-98-8021,LUSC,HLA-DRB1,-0.56493527,-0.8920524
TCGA-98-8021,LUSC,CMKLR1,-0.5323658,-1.0152218
TCGA-98-8021,LUSC,HLA-E,-0.5457037,-0.2536049
TCGA-98-8021,LUSC,NKG7,-0.65031165,-0.44873163
TCGA-98-8021,LUSC,CD8A,-0.6130861,-0.5532373
TCGA-98-8021,LUSC,CCL5,-0.6280221,-0.56745595
TCGA-98-8021,LUSC,CXCL9,-0.69509363,-0.631149
TCGA-98-8021,LUSC,CD27,-0.46552888,0.24691696
TCGA-98-8021,LUSC,CXCR6,-0.50661325,-0.5468278
TCGA-98-8021,LUSC,IDO1,-0.76626444,-0.5822901
TCGA-98-8021,LUSC,STAT1,-0.5097399,-0.8953584
TCGA-98-8021,LUSC,CD274,-0.30685422,-1.1551828
TCGA-98-8021,LUSC,CD276,0.75813854,1.9072884
TCGA-98-8021,LUSC,LAG3,-0.68538535,-0.7253201
TCGA-98-8021,LUSC,PDCD1LG2,-0.34323707,-1.1452376
TCGA-98-8021,LUSC,TIGIT,-0.51734346,-0.19668815
TCGA-98-8021,LUSC,APM,-0.8039133,-0.77266
TCGA-98-8021,LUSC,TIS,-0.6323368,-0.5340507
