submitter_id,subtype,gene,predicted,actual
TCGA-MP-A4T9,LUAD,TMB,-0.059751652,-1.821439
TCGA-MP-A4T9,LUAD,PSMB5,0.17714852,-0.24994567
TCGA-MP-A4T9,LUAD,PSMB6,0.21601403,0.03647465
TCGA-MP-A4T9,LUAD,PSMB7,0.23517486,-1.651916
TCGA-MP-A4T9,LUAD,PSMB8,0.23700294,-0.3631656
TCGA-MP-A4T9,LUAD,PSMB9,0.23265418,-0.7890645
TCGA-MP-A4T9,LUAD,PSMB10,0.28243,-0.15936208
TCGA-MP-A4T9,LUAD,TAP1,0.100011624,-0.7906898
TCGA-MP-A4T9,LUAD,TAP2,0.26566893,-0.3164122
TCGA-MP-A4T9,LUAD,ERAP1,-0.038265567,-0.511367
TCGA-MP-A4T9,LUAD,ERAP2,-0.07539368,-1.1863617
TCGA-MP-A4T9,LUAD,TAPBP,0.18493327,-0.0011728649
TCGA-MP-A4T9,LUAD,CANX,-0.18330061,-0.19376004
TCGA-MP-A4T9,LUAD,CALR,-0.03745407,-1.7152679
TCGA-MP-A4T9,LUAD,PDIA3,-0.03481414,-1.1291544
TCGA-MP-A4T9,LUAD,B2M,0.003334526,-0.22676642
TCGA-MP-A4T9,LUAD,HLA-A,0.20507464,0.0319632
TCGA-MP-A4T9,LUAD,HLA-B,0.16694248,-0.0045554447
TCGA-MP-A4T9,LUAD,HLA-C,0.03609872,0.6853979
TCGA-MP-A4T9,LUAD,HLA-DQA1,-0.020595727,0.48922962
TCGA-MP-A4T9,LUAD,HLA-DRB1,0.1163341,0.23224276
TCGA-MP-A4T9,LUAD,CMKLR1,-0.2668234,0.49642092
TCGA-MP-A4T9,LUAD,HLA-E,0.05462966,-0.32088077
TCGA-MP-A4T9,LUAD,NKG7,0.34641308,0.17771403
TCGA-MP-A4T9,LUAD,CD8A,0.24761376,-0.14957722
TCGA-MP-A4T9,LUAD,CCL5,0.31875286,-0.15493266
TCGA-MP-A4T9,LUAD,CXCL9,0.16897607,-0.19565417
TCGA-MP-A4T9,LUAD,CD27,0.035365358,-0.5909937
TCGA-MP-A4T9,LUAD,CXCR6,0.15165658,0.057471715
TCGA-MP-A4T9,LUAD,IDO1,0.22939739,-0.65852946
TCGA-MP-A4T9,LUAD,STAT1,0.040121727,-0.670758
TCGA-MP-A4T9,LUAD,CD274,-0.038207643,0.5535133
TCGA-MP-A4T9,LUAD,CD276,-0.15630122,0.40175566
TCGA-MP-A4T9,LUAD,LAG3,0.32135725,-0.7588716
TCGA-MP-A4T9,LUAD,PDCD1LG2,-0.09620843,0.10193284
TCGA-MP-A4T9,LUAD,TIGIT,0.20629314,-0.31130993
TCGA-MP-A4T9,LUAD,APM,0.16441073,-0.65472794
TCGA-MP-A4T9,LUAD,TIS,0.10834974,-0.218437
TCGA-97-8171,LUAD,TMB,-0.3394023,-1.4320177
TCGA-97-8171,LUAD,PSMB5,-0.21063356,0.8492655
TCGA-97-8171,LUAD,PSMB6,-0.11569558,-1.2527089
TCGA-97-8171,LUAD,PSMB7,-0.37527832,-0.040878296
TCGA-97-8171,LUAD,PSMB8,-0.85117245,0.3922939
TCGA-97-8171,LUAD,PSMB9,-1.266929,-1.2116253
TCGA-97-8171,LUAD,PSMB10,-0.8744273,-0.93970877
TCGA-97-8171,LUAD,TAP1,-1.4484767,-0.9746518
TCGA-97-8171,LUAD,TAP2,-1.2181698,-0.5682306
TCGA-97-8171,LUAD,ERAP1,-0.6029576,0.7567843
TCGA-97-8171,LUAD,ERAP2,-0.51468027,0.6147543
TCGA-97-8171,LUAD,TAPBP,-0.4898486,0.51900786
TCGA-97-8171,LUAD,CANX,0.0050672055,0.072905764
TCGA-97-8171,LUAD,CALR,0.00041517318,-0.2547729
TCGA-97-8171,LUAD,PDIA3,0.7697239,0.47172803
TCGA-97-8171,LUAD,B2M,-0.9315375,-1.0974324
TCGA-97-8171,LUAD,HLA-A,-0.82815564,-0.42360187
TCGA-97-8171,LUAD,HLA-B,-0.93872774,-0.29834288
TCGA-97-8171,LUAD,HLA-C,-0.86710274,-0.9434827
TCGA-97-8171,LUAD,HLA-DQA1,-0.9457159,1.0328783
TCGA-97-8171,LUAD,HLA-DRB1,-0.68913853,1.1462697
TCGA-97-8171,LUAD,CMKLR1,-1.0079974,-1.0322969
TCGA-97-8171,LUAD,HLA-E,-0.8723941,0.7131434
TCGA-97-8171,LUAD,NKG7,-1.224378,-2.1084409
TCGA-97-8171,LUAD,CD8A,-1.2585238,-1.9571974
TCGA-97-8171,LUAD,CCL5,-1.1005061,-2.2682917
TCGA-97-8171,LUAD,CXCL9,-1.338881,-1.7500128
TCGA-97-8171,LUAD,CD27,-0.88404685,-1.0669527
TCGA-97-8171,LUAD,CXCR6,-1.0608582,-1.4429498
TCGA-97-8171,LUAD,IDO1,-0.94852716,-1.4815747
TCGA-97-8171,LUAD,STAT1,-1.4126747,-1.5570588
TCGA-97-8171,LUAD,CD274,-1.2115197,-1.5199484
TCGA-97-8171,LUAD,CD276,-0.38871437,-1.4161028
TCGA-97-8171,LUAD,LAG3,-1.1255414,-1.6749661
TCGA-97-8171,LUAD,PDCD1LG2,-1.4381077,-1.6141292
TCGA-97-8171,LUAD,TIGIT,-1.1532522,-1.552885
TCGA-97-8171,LUAD,APM,-1.0849342,-0.41498947
TCGA-97-8171,LUAD,TIS,-1.3347791,-0.96636033
TCGA-55-8204,LUAD,TMB,0.17840235,-0.030386468
TCGA-55-8204,LUAD,PSMB5,-0.059853982,0.74262476
TCGA-55-8204,LUAD,PSMB6,-0.06389153,0.817775
TCGA-55-8204,LUAD,PSMB7,-0.17547806,-0.3854055
TCGA-55-8204,LUAD,PSMB8,0.29352942,0.045604445
TCGA-55-8204,LUAD,PSMB9,0.44932532,0.2710627
TCGA-55-8204,LUAD,PSMB10,0.2968846,0.056965534
TCGA-55-8204,LUAD,TAP1,0.4409996,0.29845315
TCGA-55-8204,LUAD,TAP2,0.4743774,0.27316353
TCGA-55-8204,LUAD,ERAP1,0.3061975,0.2339131
TCGA-55-8204,LUAD,ERAP2,0.2926761,0.031230943
TCGA-55-8204,LUAD,TAPBP,0.5120242,-0.019130498
TCGA-55-8204,LUAD,CANX,0.095440455,-0.2467793
TCGA-55-8204,LUAD,CALR,0.21053585,0.9213407
TCGA-55-8204,LUAD,PDIA3,0.016975442,0.979559
TCGA-55-8204,LUAD,B2M,0.42374286,0.7189719
TCGA-55-8204,LUAD,HLA-A,0.33090535,-0.569414
TCGA-55-8204,LUAD,HLA-B,0.53039974,0.26473558
TCGA-55-8204,LUAD,HLA-C,0.49161357,0.00023738327
TCGA-55-8204,LUAD,HLA-DQA1,0.38348693,-0.3639122
TCGA-55-8204,LUAD,HLA-DRB1,0.34931993,-0.30341294
TCGA-55-8204,LUAD,CMKLR1,0.512298,-0.21535456
TCGA-55-8204,LUAD,HLA-E,0.5093449,0.37511334
TCGA-55-8204,LUAD,NKG7,0.36492229,-0.009339347
TCGA-55-8204,LUAD,CD8A,0.31903875,0.0075056683
TCGA-55-8204,LUAD,CCL5,0.44969058,-0.19711092
TCGA-55-8204,LUAD,CXCL9,0.42482185,0.49850446
TCGA-55-8204,LUAD,CD27,0.47728905,0.79243207
TCGA-55-8204,LUAD,CXCR6,0.39517647,-0.21793056
TCGA-55-8204,LUAD,IDO1,0.37016413,1.4112222
TCGA-55-8204,LUAD,STAT1,0.46804458,0.13720362
TCGA-55-8204,LUAD,CD274,0.17070115,0.119822726
TCGA-55-8204,LUAD,CD276,-0.056901753,0.19233754
TCGA-55-8204,LUAD,LAG3,0.39499992,0.587609
TCGA-55-8204,LUAD,PDCD1LG2,0.33062655,-0.08294792
TCGA-55-8204,LUAD,TIGIT,0.4154829,-0.77980167
TCGA-55-8204,LUAD,APM,0.47468466,0.3630291
TCGA-55-8204,LUAD,TIS,0.49021465,0.021087894
TCGA-05-4395,LUAD,TMB,0.2343136,0.15638947
TCGA-05-4395,LUAD,PSMB5,0.26510254,1.2684091
TCGA-05-4395,LUAD,PSMB6,0.22241256,0.22952178
TCGA-05-4395,LUAD,PSMB7,0.25650322,2.1276107
TCGA-05-4395,LUAD,PSMB8,0.6618594,1.1167679
TCGA-05-4395,LUAD,PSMB9,0.7656002,1.215597
TCGA-05-4395,LUAD,PSMB10,0.61721903,1.1706988
TCGA-05-4395,LUAD,TAP1,0.77495074,0.85081977
TCGA-05-4395,LUAD,TAP2,0.4156035,0.95713425
TCGA-05-4395,LUAD,ERAP1,0.23750862,2.168111
TCGA-05-4395,LUAD,ERAP2,0.16761282,-1.0309563
TCGA-05-4395,LUAD,TAPBP,0.37879187,0.12346278
TCGA-05-4395,LUAD,CANX,0.44148612,1.1537933
TCGA-05-4395,LUAD,CALR,0.5200807,-0.2777422
TCGA-05-4395,LUAD,PDIA3,0.2650016,-0.23968151
TCGA-05-4395,LUAD,B2M,0.7651242,0.14991528
TCGA-05-4395,LUAD,HLA-A,0.5525626,0.88003904
TCGA-05-4395,LUAD,HLA-B,0.5654647,0.0622168
TCGA-05-4395,LUAD,HLA-C,0.63817793,0.3107859
TCGA-05-4395,LUAD,HLA-DQA1,0.47529483,0.3625786
TCGA-05-4395,LUAD,HLA-DRB1,0.4952696,0.1257806
TCGA-05-4395,LUAD,CMKLR1,0.5683547,-0.5323006
TCGA-05-4395,LUAD,HLA-E,0.49589938,-0.6598306
TCGA-05-4395,LUAD,NKG7,0.51601946,0.76891375
TCGA-05-4395,LUAD,CD8A,0.45144567,-0.25751376
TCGA-05-4395,LUAD,CCL5,0.5047741,1.1194813
TCGA-05-4395,LUAD,CXCL9,0.45741898,0.08631275
TCGA-05-4395,LUAD,CD27,0.301306,-1.0526431
TCGA-05-4395,LUAD,CXCR6,0.4810564,0.048466466
TCGA-05-4395,LUAD,IDO1,0.33485565,-0.7584178
TCGA-05-4395,LUAD,STAT1,0.59700906,0.31036463
TCGA-05-4395,LUAD,CD274,0.41006213,-0.4239881
TCGA-05-4395,LUAD,CD276,0.23783724,-0.6299639
TCGA-05-4395,LUAD,LAG3,0.39941496,-0.34133545
TCGA-05-4395,LUAD,PDCD1LG2,0.6047312,0.033772677
TCGA-05-4395,LUAD,TIGIT,0.26765645,-0.62316245
TCGA-05-4395,LUAD,APM,0.7209221,0.9287087
TCGA-05-4395,LUAD,TIS,0.6723324,-0.09260649
TCGA-93-A4JO,LUAD,TMB,0.028034637,-1.4501147
TCGA-93-A4JO,LUAD,PSMB5,-0.07335533,-1.412437
TCGA-93-A4JO,LUAD,PSMB6,-0.07376436,-0.85474646
TCGA-93-A4JO,LUAD,PSMB7,0.030784305,-1.2389525
TCGA-93-A4JO,LUAD,PSMB8,0.62349546,0.208523
TCGA-93-A4JO,LUAD,PSMB9,0.81405246,0.45768356
TCGA-93-A4JO,LUAD,PSMB10,0.737913,0.49539834
TCGA-93-A4JO,LUAD,TAP1,0.7144333,-0.071916156
TCGA-93-A4JO,LUAD,TAP2,0.7407042,0.4217395
TCGA-93-A4JO,LUAD,ERAP1,0.4185217,-0.62033373
TCGA-93-A4JO,LUAD,ERAP2,0.43802556,1.1156254
TCGA-93-A4JO,LUAD,TAPBP,0.69122565,0.7177236
TCGA-93-A4JO,LUAD,CANX,0.2371066,-0.89627814
TCGA-93-A4JO,LUAD,CALR,0.041992206,-0.62580216
TCGA-93-A4JO,LUAD,PDIA3,-0.054985017,-0.7647544
TCGA-93-A4JO,LUAD,B2M,0.6795008,0.2981005
TCGA-93-A4JO,LUAD,HLA-A,0.64534235,0.20946921
TCGA-93-A4JO,LUAD,HLA-B,0.8111967,0.29918355
TCGA-93-A4JO,LUAD,HLA-C,0.68741757,0.40170687
TCGA-93-A4JO,LUAD,HLA-DQA1,0.7965709,1.0040317
TCGA-93-A4JO,LUAD,HLA-DRB1,0.7423425,0.89478403
TCGA-93-A4JO,LUAD,CMKLR1,0.6654188,0.993072
TCGA-93-A4JO,LUAD,HLA-E,0.6396377,0.7479815
TCGA-93-A4JO,LUAD,NKG7,0.8263548,0.95578927
TCGA-93-A4JO,LUAD,CD8A,0.7005162,0.9251792
TCGA-93-A4JO,LUAD,CCL5,0.77501774,0.8538473
TCGA-93-A4JO,LUAD,CXCL9,0.77094764,0.8472014
TCGA-93-A4JO,LUAD,CD27,0.7177483,0.81725854
TCGA-93-A4JO,LUAD,CXCR6,0.7541052,1.0306814
TCGA-93-A4JO,LUAD,IDO1,0.53019184,0.27987805
TCGA-93-A4JO,LUAD,STAT1,0.71245843,0.16239467
TCGA-93-A4JO,LUAD,CD274,0.60180527,0.12982996
TCGA-93-A4JO,LUAD,CD276,-0.119358085,-1.1905215
TCGA-93-A4JO,LUAD,LAG3,0.777596,0.96955156
TCGA-93-A4JO,LUAD,PDCD1LG2,0.6438681,-0.09529507
TCGA-93-A4JO,LUAD,TIGIT,0.770449,1.1056942
TCGA-93-A4JO,LUAD,APM,0.817469,0.13182658
TCGA-93-A4JO,LUAD,TIS,0.944691,0.7041432
TCGA-64-5781,LUAD,TMB,0.3998692,2.142297
TCGA-64-5781,LUAD,PSMB5,0.64662963,1.0926659
TCGA-64-5781,LUAD,PSMB6,0.4981696,0.47637585
TCGA-64-5781,LUAD,PSMB7,0.56525266,1.2834842
TCGA-64-5781,LUAD,PSMB8,0.9393629,1.7753754
TCGA-64-5781,LUAD,PSMB9,1.2054769,1.8081468
TCGA-64-5781,LUAD,PSMB10,0.98612154,2.1030858
TCGA-64-5781,LUAD,TAP1,1.0639806,1.7648451
TCGA-64-5781,LUAD,TAP2,0.9158282,2.0571837
TCGA-64-5781,LUAD,ERAP1,0.1587822,0.94004685
TCGA-64-5781,LUAD,ERAP2,0.22564252,-0.5279674
TCGA-64-5781,LUAD,TAPBP,0.5947591,2.3271897
TCGA-64-5781,LUAD,CANX,-0.032986224,0.6120486
TCGA-64-5781,LUAD,CALR,0.38462538,0.81849223
TCGA-64-5781,LUAD,PDIA3,0.044560377,1.2567831
TCGA-64-5781,LUAD,B2M,0.8384765,1.592513
TCGA-64-5781,LUAD,HLA-A,0.8893045,1.5503122
TCGA-64-5781,LUAD,HLA-B,0.95777065,1.6464077
TCGA-64-5781,LUAD,HLA-C,0.88167703,1.6240736
TCGA-64-5781,LUAD,HLA-DQA1,0.5191601,-0.08519844
TCGA-64-5781,LUAD,HLA-DRB1,0.5466763,0.35997802
TCGA-64-5781,LUAD,CMKLR1,0.42808905,-1.25467
TCGA-64-5781,LUAD,HLA-E,0.7121841,0.7099377
TCGA-64-5781,LUAD,NKG7,1.1790402,1.8001508
TCGA-64-5781,LUAD,CD8A,0.9934662,2.0424628
TCGA-64-5781,LUAD,CCL5,1.159476,2.3447
TCGA-64-5781,LUAD,CXCL9,0.95839804,0.74506545
TCGA-64-5781,LUAD,CD27,0.6413892,0.54668415
TCGA-64-5781,LUAD,CXCR6,0.8185996,1.6575606
TCGA-64-5781,LUAD,IDO1,0.8058666,0.3545705
TCGA-64-5781,LUAD,STAT1,0.7634493,1.2057707
TCGA-64-5781,LUAD,CD274,0.60387385,-0.034047965
TCGA-64-5781,LUAD,CD276,-0.018793568,-0.26253232
TCGA-64-5781,LUAD,LAG3,1.1663665,1.4010931
TCGA-64-5781,LUAD,PDCD1LG2,0.7691377,0.6656063
TCGA-64-5781,LUAD,TIGIT,0.8289574,1.2739656
TCGA-64-5781,LUAD,APM,1.1168864,1.967481
TCGA-64-5781,LUAD,TIS,1.0918947,1.2905121
TCGA-NJ-A4YP,LUAD,TMB,-0.06915882,1.1325276
TCGA-NJ-A4YP,LUAD,PSMB5,0.13575354,0.62247705
TCGA-NJ-A4YP,LUAD,PSMB6,0.06107366,-0.16014919
TCGA-NJ-A4YP,LUAD,PSMB7,0.05991628,-0.26423308
TCGA-NJ-A4YP,LUAD,PSMB8,0.024832603,0.47620782
TCGA-NJ-A4YP,LUAD,PSMB9,-0.0309379,-0.11737898
TCGA-NJ-A4YP,LUAD,PSMB10,0.17630713,-0.073695675
TCGA-NJ-A4YP,LUAD,TAP1,-0.110942975,0.18400723
TCGA-NJ-A4YP,LUAD,TAP2,-0.014238732,1.1130967
TCGA-NJ-A4YP,LUAD,ERAP1,0.022453822,0.3134299
TCGA-NJ-A4YP,LUAD,ERAP2,-0.04856723,0.8882162
TCGA-NJ-A4YP,LUAD,TAPBP,0.12972602,1.0222359
TCGA-NJ-A4YP,LUAD,CANX,0.002682972,0.377492
TCGA-NJ-A4YP,LUAD,CALR,0.009065261,-0.7229532
TCGA-NJ-A4YP,LUAD,PDIA3,0.42563754,0.6784015
TCGA-NJ-A4YP,LUAD,B2M,-0.075686604,0.05675265
TCGA-NJ-A4YP,LUAD,HLA-A,0.017092522,-0.30120996
TCGA-NJ-A4YP,LUAD,HLA-B,-0.0433106,0.09128187
TCGA-NJ-A4YP,LUAD,HLA-C,-0.061471216,0.08849637
TCGA-NJ-A4YP,LUAD,HLA-DQA1,-0.16978586,-0.18793309
TCGA-NJ-A4YP,LUAD,HLA-DRB1,-0.10079839,0.17828625
TCGA-NJ-A4YP,LUAD,CMKLR1,-0.3149902,0.42369434
TCGA-NJ-A4YP,LUAD,HLA-E,-0.25988084,-0.16339314
TCGA-NJ-A4YP,LUAD,NKG7,0.12669687,0.5654625
TCGA-NJ-A4YP,LUAD,CD8A,0.019389419,0.037257105
TCGA-NJ-A4YP,LUAD,CCL5,0.04660217,0.61723214
TCGA-NJ-A4YP,LUAD,CXCL9,-0.081103265,0.97103506
TCGA-NJ-A4YP,LUAD,CD27,-0.014187907,-0.6323733
TCGA-NJ-A4YP,LUAD,CXCR6,-0.022164797,-0.19304575
TCGA-NJ-A4YP,LUAD,IDO1,-0.040146142,0.25612205
TCGA-NJ-A4YP,LUAD,STAT1,-0.11216841,-0.04144321
TCGA-NJ-A4YP,LUAD,CD274,-0.19692798,-0.5546627
TCGA-NJ-A4YP,LUAD,CD276,-0.1593256,1.0433173
TCGA-NJ-A4YP,LUAD,LAG3,0.09689566,-0.05058349
TCGA-NJ-A4YP,LUAD,PDCD1LG2,-0.29157728,0.08557126
TCGA-NJ-A4YP,LUAD,TIGIT,0.0024925754,0.16900969
TCGA-NJ-A4YP,LUAD,APM,0.03379054,0.42142957
TCGA-NJ-A4YP,LUAD,TIS,-0.09521296,0.08647586
TCGA-O1-A52J,LUAD,TMB,-0.40523815,-0.24468037
TCGA-O1-A52J,LUAD,PSMB5,-0.5088409,-0.7557483
TCGA-O1-A52J,LUAD,PSMB6,-0.33201718,-1.1137038
TCGA-O1-A52J,LUAD,PSMB7,-0.41416484,-1.6507719
TCGA-O1-A52J,LUAD,PSMB8,0.35135946,1.20784
TCGA-O1-A52J,LUAD,PSMB9,0.29320568,0.96810687
TCGA-O1-A52J,LUAD,PSMB10,0.46783605,1.4914045
TCGA-O1-A52J,LUAD,TAP1,-0.09759335,0.2493608
TCGA-O1-A52J,LUAD,TAP2,0.017589504,0.2984509
TCGA-O1-A52J,LUAD,ERAP1,0.11520269,2.0439703
TCGA-O1-A52J,LUAD,ERAP2,0.30459514,-0.7375486
TCGA-O1-A52J,LUAD,TAPBP,0.29247388,1.6663505
TCGA-O1-A52J,LUAD,CANX,0.13876753,0.93312085
TCGA-O1-A52J,LUAD,CALR,-0.38760677,0.56929404
TCGA-O1-A52J,LUAD,PDIA3,-0.32171637,0.14371207
TCGA-O1-A52J,LUAD,B2M,0.36619675,0.23466317
TCGA-O1-A52J,LUAD,HLA-A,0.4901476,0.2653579
TCGA-O1-A52J,LUAD,HLA-B,0.62355363,1.624068
TCGA-O1-A52J,LUAD,HLA-C,0.5347187,1.9288474
TCGA-O1-A52J,LUAD,HLA-DQA1,0.8219821,1.5644143
TCGA-O1-A52J,LUAD,HLA-DRB1,0.95546514,1.6908783
TCGA-O1-A52J,LUAD,CMKLR1,0.24690513,-0.04810424
TCGA-O1-A52J,LUAD,HLA-E,0.67338264,2.7049952
TCGA-O1-A52J,LUAD,NKG7,-0.015521968,-0.8592194
TCGA-O1-A52J,LUAD,CD8A,0.0812777,-0.8554534
TCGA-O1-A52J,LUAD,CCL5,0.12737384,-0.56619
TCGA-O1-A52J,LUAD,CXCL9,0.11241634,-0.6335683
TCGA-O1-A52J,LUAD,CD27,0.30671242,-0.47712484
TCGA-O1-A52J,LUAD,CXCR6,0.19354996,-0.2668389
TCGA-O1-A52J,LUAD,IDO1,0.07632928,-0.9668421
TCGA-O1-A52J,LUAD,STAT1,-0.12998495,-0.6338425
TCGA-O1-A52J,LUAD,CD274,-0.059248924,-0.48669633
TCGA-O1-A52J,LUAD,CD276,-0.7286091,-1.4248194
TCGA-O1-A52J,LUAD,LAG3,0.09579887,-0.059799798
TCGA-O1-A52J,LUAD,PDCD1LG2,-0.12948075,-0.17119059
TCGA-O1-A52J,LUAD,TIGIT,0.24100554,0.0144260945
TCGA-O1-A52J,LUAD,APM,0.23695421,0.913834
TCGA-O1-A52J,LUAD,TIS,0.30685464,0.6643684
TCGA-86-8669,LUAD,TMB,0.46168774,-0.5441087
TCGA-86-8669,LUAD,PSMB5,0.1725437,0.6338849
TCGA-86-8669,LUAD,PSMB6,0.16188422,1.5131215
TCGA-86-8669,LUAD,PSMB7,0.10788049,-0.1868035
TCGA-86-8669,LUAD,PSMB8,0.027207822,-0.14169464
TCGA-86-8669,LUAD,PSMB9,0.11855302,-0.47482222
TCGA-86-8669,LUAD,PSMB10,-0.15366969,-0.04706481
TCGA-86-8669,LUAD,TAP1,-0.020131165,-0.38581786
TCGA-86-8669,LUAD,TAP2,-0.11076863,-0.73817724
TCGA-86-8669,LUAD,ERAP1,-0.13753004,0.4299086
TCGA-86-8669,LUAD,ERAP2,-0.22907698,0.7074299
TCGA-86-8669,LUAD,TAPBP,-0.0044844537,0.22597474
TCGA-86-8669,LUAD,CANX,0.20354319,2.3846004
TCGA-86-8669,LUAD,CALR,0.30210978,-0.028758168
TCGA-86-8669,LUAD,PDIA3,0.21461758,0.13019261
TCGA-86-8669,LUAD,B2M,-0.14418493,-0.42658946
TCGA-86-8669,LUAD,HLA-A,-0.0077098594,0.6079717
TCGA-86-8669,LUAD,HLA-B,-0.064308226,-0.02952665
TCGA-86-8669,LUAD,HLA-C,0.026278239,0.056020766
TCGA-86-8669,LUAD,HLA-DQA1,-0.15738356,0.034877393
TCGA-86-8669,LUAD,HLA-DRB1,-0.21146116,0.04201576
TCGA-86-8669,LUAD,CMKLR1,-0.04075148,-0.020975368
TCGA-86-8669,LUAD,HLA-E,-0.25937644,0.37217456
TCGA-86-8669,LUAD,NKG7,0.2549259,-0.09951743
TCGA-86-8669,LUAD,CD8A,0.22488117,-0.16020042
TCGA-86-8669,LUAD,CCL5,0.1936594,0.016842995
TCGA-86-8669,LUAD,CXCL9,0.1343368,0.010905041
TCGA-86-8669,LUAD,CD27,0.13335039,0.9513384
TCGA-86-8669,LUAD,CXCR6,0.23079805,-0.022520578
TCGA-86-8669,LUAD,IDO1,0.1544389,-0.10285933
TCGA-86-8669,LUAD,STAT1,0.050703328,-0.7224221
TCGA-86-8669,LUAD,CD274,-0.28987417,-0.53601503
TCGA-86-8669,LUAD,CD276,-0.40696582,-0.8418256
TCGA-86-8669,LUAD,LAG3,0.3209847,-0.5650088
TCGA-86-8669,LUAD,PDCD1LG2,-0.21928592,-0.67573017
TCGA-86-8669,LUAD,TIGIT,0.12643178,-0.011878524
TCGA-86-8669,LUAD,APM,0.007843055,0.30698317
TCGA-86-8669,LUAD,TIS,-0.024121275,-0.30881673
TCGA-35-4122,LUAD,TMB,0.26477152,0.43603024
TCGA-35-4122,LUAD,PSMB5,-0.043223906,1.0254672
TCGA-35-4122,LUAD,PSMB6,0.07381445,1.3949481
TCGA-35-4122,LUAD,PSMB7,0.3279016,1.0405099
TCGA-35-4122,LUAD,PSMB8,1.4283955,2.6824784
TCGA-35-4122,LUAD,PSMB9,1.7160364,2.7022161
TCGA-35-4122,LUAD,PSMB10,1.4089601,2.3694031
TCGA-35-4122,LUAD,TAP1,1.6332861,1.6238097
TCGA-35-4122,LUAD,TAP2,1.5580212,0.31456533
TCGA-35-4122,LUAD,ERAP1,0.9991002,0.06302641
TCGA-35-4122,LUAD,ERAP2,0.70679915,0.38613108
TCGA-35-4122,LUAD,TAPBP,1.1171007,-1.1279013
TCGA-35-4122,LUAD,CANX,0.37556577,0.49547082
TCGA-35-4122,LUAD,CALR,0.09170723,0.6059408
TCGA-35-4122,LUAD,PDIA3,-0.41477928,-1.0757507
TCGA-35-4122,LUAD,B2M,1.3088107,2.4131274
TCGA-35-4122,LUAD,HLA-A,1.3307812,0.9115002
TCGA-35-4122,LUAD,HLA-B,1.5535119,1.0702804
TCGA-35-4122,LUAD,HLA-C,1.2831005,1.984607
TCGA-35-4122,LUAD,HLA-DQA1,1.1577452,1.5146085
TCGA-35-4122,LUAD,HLA-DRB1,1.102681,1.8930005
TCGA-35-4122,LUAD,CMKLR1,1.0774225,1.2937416
TCGA-35-4122,LUAD,HLA-E,1.2186922,0.93065023
TCGA-35-4122,LUAD,NKG7,1.4604149,1.8460118
TCGA-35-4122,LUAD,CD8A,1.4652582,1.4987351
TCGA-35-4122,LUAD,CCL5,1.4231513,1.3994282
TCGA-35-4122,LUAD,CXCL9,1.33071,0.6712146
TCGA-35-4122,LUAD,CD27,0.9433262,1.0271466
TCGA-35-4122,LUAD,CXCR6,1.3706266,2.0957115
TCGA-35-4122,LUAD,IDO1,1.2107881,1.468853
TCGA-35-4122,LUAD,STAT1,1.4631748,0.7684541
TCGA-35-4122,LUAD,CD274,1.2657129,0.9547139
TCGA-35-4122,LUAD,CD276,0.14793625,0.6921413
TCGA-35-4122,LUAD,LAG3,1.307729,0.51652646
TCGA-35-4122,LUAD,PDCD1LG2,1.3689865,2.1468503
TCGA-35-4122,LUAD,TIGIT,1.2849593,0.30864066
TCGA-35-4122,LUAD,APM,1.6097755,1.7471092
TCGA-35-4122,LUAD,TIS,1.6919546,1.6388031
TCGA-75-7027,LUAD,TMB,0.24647856,0.036758572
TCGA-75-7027,LUAD,PSMB5,0.17461404,-0.10969033
TCGA-75-7027,LUAD,PSMB6,0.07900424,0.57137364
TCGA-75-7027,LUAD,PSMB7,-0.061635148,-0.6206858
TCGA-75-7027,LUAD,PSMB8,0.019682348,-0.00044401982
TCGA-75-7027,LUAD,PSMB9,0.022369217,-1.0862145
TCGA-75-7027,LUAD,PSMB10,0.014843164,-0.57235
TCGA-75-7027,LUAD,TAP1,0.030066371,-0.7830933
TCGA-75-7027,LUAD,TAP2,0.12207278,-0.89782375
TCGA-75-7027,LUAD,ERAP1,0.12585725,0.8356047
TCGA-75-7027,LUAD,ERAP2,0.05092585,-1.3956558
TCGA-75-7027,LUAD,TAPBP,0.06638667,-0.8704848
TCGA-75-7027,LUAD,CANX,0.046394244,0.24130292
TCGA-75-7027,LUAD,CALR,0.07521807,-0.3723879
TCGA-75-7027,LUAD,PDIA3,0.06962294,1.1941125
TCGA-75-7027,LUAD,B2M,-0.060655158,-0.33017346
TCGA-75-7027,LUAD,HLA-A,0.033171065,-0.45027357
TCGA-75-7027,LUAD,HLA-B,0.0044237077,-0.39453074
TCGA-75-7027,LUAD,HLA-C,-0.0024329678,-0.78121614
TCGA-75-7027,LUAD,HLA-DQA1,-0.17354134,-0.39656618
TCGA-75-7027,LUAD,HLA-DRB1,-0.22346056,-0.76970285
TCGA-75-7027,LUAD,CMKLR1,-0.15817419,-0.80370134
TCGA-75-7027,LUAD,HLA-E,-0.21673629,-0.8421763
TCGA-75-7027,LUAD,NKG7,-0.070086256,-0.9131976
TCGA-75-7027,LUAD,CD8A,-0.12905416,-0.6801346
TCGA-75-7027,LUAD,CCL5,-0.1024217,-0.6655295
TCGA-75-7027,LUAD,CXCL9,-0.112726375,-0.37998086
TCGA-75-7027,LUAD,CD27,-0.014173226,-0.90606564
TCGA-75-7027,LUAD,CXCR6,-0.12707429,-0.5561168
TCGA-75-7027,LUAD,IDO1,0.08347988,-0.72675735
TCGA-75-7027,LUAD,STAT1,0.0405752,-0.12470134
TCGA-75-7027,LUAD,CD274,0.10304077,-1.0469061
TCGA-75-7027,LUAD,CD276,0.13364871,0.92071414
TCGA-75-7027,LUAD,LAG3,-0.0036440522,-0.8998408
TCGA-75-7027,LUAD,PDCD1LG2,-0.11180975,-0.5658536
TCGA-75-7027,LUAD,TIGIT,-0.11870921,-0.33512703
TCGA-75-7027,LUAD,APM,0.067451924,-0.6532891
TCGA-75-7027,LUAD,TIS,-0.036737647,-0.8092502
TCGA-44-6148,LUAD,TMB,-0.15460685,-2.3545282
TCGA-44-6148,LUAD,PSMB5,-0.21012327,-1.506936
TCGA-44-6148,LUAD,PSMB6,-0.26075512,-0.3645267
TCGA-44-6148,LUAD,PSMB7,-0.34031075,-1.0570354
TCGA-44-6148,LUAD,PSMB8,-0.77744794,-0.9613843
TCGA-44-6148,LUAD,PSMB9,-0.9969393,-1.0266118
TCGA-44-6148,LUAD,PSMB10,-0.7840218,-0.20357855
TCGA-44-6148,LUAD,TAP1,-0.9970921,-1.5834994
TCGA-44-6148,LUAD,TAP2,-0.937801,-1.6231706
TCGA-44-6148,LUAD,ERAP1,-0.45540613,0.026390277
TCGA-44-6148,LUAD,ERAP2,-0.4404811,1.1392288
TCGA-44-6148,LUAD,TAPBP,-0.54196846,-0.33352542
TCGA-44-6148,LUAD,CANX,-0.009070149,-0.018205313
TCGA-44-6148,LUAD,CALR,-0.118987516,-1.4381562
TCGA-44-6148,LUAD,PDIA3,0.24512987,-0.6074653
TCGA-44-6148,LUAD,B2M,-0.72556096,-0.55247676
TCGA-44-6148,LUAD,HLA-A,-0.7721523,-0.87852967
TCGA-44-6148,LUAD,HLA-B,-0.82664376,-0.5164728
TCGA-44-6148,LUAD,HLA-C,-0.7543708,-0.38503796
TCGA-44-6148,LUAD,HLA-DQA1,-0.66930306,0.5501953
TCGA-44-6148,LUAD,HLA-DRB1,-0.58545876,0.7534003
TCGA-44-6148,LUAD,CMKLR1,-0.5650522,0.30349705
TCGA-44-6148,LUAD,HLA-E,-0.6956842,-0.15988259
TCGA-44-6148,LUAD,NKG7,-0.99326164,-0.49608
TCGA-44-6148,LUAD,CD8A,-0.9302147,-0.50421566
TCGA-44-6148,LUAD,CCL5,-0.91745603,-0.74517834
TCGA-44-6148,LUAD,CXCL9,-1.022563,-1.4173952
TCGA-44-6148,LUAD,CD27,-0.5876268,0.6335192
TCGA-44-6148,LUAD,CXCR6,-0.7816576,0.07852445
TCGA-44-6148,LUAD,IDO1,-0.8096286,-0.9886214
TCGA-44-6148,LUAD,STAT1,-0.9324835,-1.3676503
TCGA-44-6148,LUAD,CD274,-0.87552387,-0.63935834
TCGA-44-6148,LUAD,CD276,-0.25046965,-1.6532956
TCGA-44-6148,LUAD,LAG3,-0.8878916,1.0158712
TCGA-44-6148,LUAD,PDCD1LG2,-0.9201948,-0.35589382
TCGA-44-6148,LUAD,TIGIT,-0.80903214,-0.82114625
TCGA-44-6148,LUAD,APM,-0.91012084,-0.9106475
TCGA-44-6148,LUAD,TIS,-1.0550191,-0.36617303
TCGA-55-6971,LUAD,TMB,0.40525278,-1.0129255
TCGA-55-6971,LUAD,PSMB5,0.013380429,-0.0900017
TCGA-55-6971,LUAD,PSMB6,0.020753853,-0.43537542
TCGA-55-6971,LUAD,PSMB7,-0.15774848,-0.83248705
TCGA-55-6971,LUAD,PSMB8,0.6671837,0.15209778
TCGA-55-6971,LUAD,PSMB9,0.7375682,0.6313228
TCGA-55-6971,LUAD,PSMB10,0.6014021,0.64361
TCGA-55-6971,LUAD,TAP1,0.5168237,0.6379506
TCGA-55-6971,LUAD,TAP2,0.45306173,1.0701816
TCGA-55-6971,LUAD,ERAP1,0.40039772,0.37001652
TCGA-55-6971,LUAD,ERAP2,0.24125305,1.0743403
TCGA-55-6971,LUAD,TAPBP,0.55775845,0.55810976
TCGA-55-6971,LUAD,CANX,0.42180938,0.33166838
TCGA-55-6971,LUAD,CALR,0.3479223,-0.04753186
TCGA-55-6971,LUAD,PDIA3,0.2662994,0.065121695
TCGA-55-6971,LUAD,B2M,0.535946,0.780442
TCGA-55-6971,LUAD,HLA-A,0.58904046,0.14334066
TCGA-55-6971,LUAD,HLA-B,0.62626785,0.60280555
TCGA-55-6971,LUAD,HLA-C,0.59972274,0.73836684
TCGA-55-6971,LUAD,HLA-DQA1,0.6032052,0.82846254
TCGA-55-6971,LUAD,HLA-DRB1,0.5121989,0.675983
TCGA-55-6971,LUAD,CMKLR1,0.69469315,1.7745146
TCGA-55-6971,LUAD,HLA-E,0.42924833,0.7826787
TCGA-55-6971,LUAD,NKG7,0.93895686,1.3904252
TCGA-55-6971,LUAD,CD8A,0.93233716,1.8690163
TCGA-55-6971,LUAD,CCL5,0.83962756,1.1170152
TCGA-55-6971,LUAD,CXCL9,0.79996026,1.0458795
TCGA-55-6971,LUAD,CD27,0.92689455,1.9587665
TCGA-55-6971,LUAD,CXCR6,0.9611863,1.8581507
TCGA-55-6971,LUAD,IDO1,0.67297494,1.2470161
TCGA-55-6971,LUAD,STAT1,0.73063534,1.2682354
TCGA-55-6971,LUAD,CD274,0.14555725,0.23132542
TCGA-55-6971,LUAD,CD276,-0.6407645,-0.64298046
TCGA-55-6971,LUAD,LAG3,0.9173595,1.8624284
TCGA-55-6971,LUAD,PDCD1LG2,0.37385532,1.1167284
TCGA-55-6971,LUAD,TIGIT,0.85657024,2.590094
TCGA-55-6971,LUAD,APM,0.7368501,0.7189482
TCGA-55-6971,LUAD,TIS,0.8154114,1.4664744
TCGA-49-6761,LUAD,TMB,0.16496381,-0.2687601
TCGA-49-6761,LUAD,PSMB5,0.09040654,-0.56129265
TCGA-49-6761,LUAD,PSMB6,0.14174831,-0.003941709
TCGA-49-6761,LUAD,PSMB7,0.33313605,-0.20482813
TCGA-49-6761,LUAD,PSMB8,1.2882645,0.44444904
TCGA-49-6761,LUAD,PSMB9,1.472098,0.3147807
TCGA-49-6761,LUAD,PSMB10,1.2941582,0.019808585
TCGA-49-6761,LUAD,TAP1,1.2495738,0.6065158
TCGA-49-6761,LUAD,TAP2,1.2069565,0.89610106
TCGA-49-6761,LUAD,ERAP1,0.7348808,-1.0377932
TCGA-49-6761,LUAD,ERAP2,0.49774322,1.0953673
TCGA-49-6761,LUAD,TAPBP,1.0003574,0.78135335
TCGA-49-6761,LUAD,CANX,0.40248686,0.46120086
TCGA-49-6761,LUAD,CALR,0.17511186,-0.18601564
TCGA-49-6761,LUAD,PDIA3,-0.12147448,-0.80585873
TCGA-49-6761,LUAD,B2M,1.1807499,-0.24226907
TCGA-49-6761,LUAD,HLA-A,1.2174046,1.0345768
TCGA-49-6761,LUAD,HLA-B,1.3635134,-0.094650894
TCGA-49-6761,LUAD,HLA-C,1.1949832,0.014348229
TCGA-49-6761,LUAD,HLA-DQA1,1.0753514,0.401432
TCGA-49-6761,LUAD,HLA-DRB1,1.0823328,0.41642982
TCGA-49-6761,LUAD,CMKLR1,0.8703395,0.6144372
TCGA-49-6761,LUAD,HLA-E,1.0434071,-0.14764765
TCGA-49-6761,LUAD,NKG7,1.3352017,1.2158225
TCGA-49-6761,LUAD,CD8A,1.3500974,0.824487
TCGA-49-6761,LUAD,CCL5,1.3142856,1.2824174
TCGA-49-6761,LUAD,CXCL9,1.1226634,0.93037874
TCGA-49-6761,LUAD,CD27,0.87332284,-0.20837247
TCGA-49-6761,LUAD,CXCR6,1.1975118,0.9970264
TCGA-49-6761,LUAD,IDO1,1.017554,0.30685985
TCGA-49-6761,LUAD,STAT1,1.1210678,0.87684727
TCGA-49-6761,LUAD,CD274,0.8476529,1.3880948
TCGA-49-6761,LUAD,CD276,-0.069140755,0.6557636
TCGA-49-6761,LUAD,LAG3,1.1673039,1.670139
TCGA-49-6761,LUAD,PDCD1LG2,1.0274975,0.085954696
TCGA-49-6761,LUAD,TIGIT,1.1582067,1.7224243
TCGA-49-6761,LUAD,APM,1.4403584,0.37516338
TCGA-49-6761,LUAD,TIS,1.4551992,0.85433036
TCGA-44-A47B,LUAD,TMB,0.12499329,-1.505795
TCGA-44-A47B,LUAD,PSMB5,-0.6359057,-1.2052151
TCGA-44-A47B,LUAD,PSMB6,-0.4568213,-1.9373263
TCGA-44-A47B,LUAD,PSMB7,-0.4145434,-1.359603
TCGA-44-A47B,LUAD,PSMB8,0.6005251,-0.9159637
TCGA-44-A47B,LUAD,PSMB9,0.78614515,-0.55341244
TCGA-44-A47B,LUAD,PSMB10,0.6977782,-0.52000296
TCGA-44-A47B,LUAD,TAP1,0.7940184,-0.5129136
TCGA-44-A47B,LUAD,TAP2,0.7324403,-0.44862798
TCGA-44-A47B,LUAD,ERAP1,0.8966528,-0.406293
TCGA-44-A47B,LUAD,ERAP2,0.46778512,-1.0649816
TCGA-44-A47B,LUAD,TAPBP,0.62678397,0.21349481
TCGA-44-A47B,LUAD,CANX,0.2721008,-0.4395475
TCGA-44-A47B,LUAD,CALR,-0.08657995,-0.5551451
TCGA-44-A47B,LUAD,PDIA3,-0.08557444,-0.22334912
TCGA-44-A47B,LUAD,B2M,0.73949325,-0.090948224
TCGA-44-A47B,LUAD,HLA-A,0.5294324,-0.5260391
TCGA-44-A47B,LUAD,HLA-B,0.81969994,-0.60865843
TCGA-44-A47B,LUAD,HLA-C,0.61440754,-0.6423682
TCGA-44-A47B,LUAD,HLA-DQA1,0.9381035,-0.40597722
TCGA-44-A47B,LUAD,HLA-DRB1,0.70684445,-0.1761829
TCGA-44-A47B,LUAD,CMKLR1,0.95517987,-0.08575362
TCGA-44-A47B,LUAD,HLA-E,0.5902552,-0.24052505
TCGA-44-A47B,LUAD,NKG7,0.7904481,0.12146291
TCGA-44-A47B,LUAD,CD8A,0.77956146,0.7954393
TCGA-44-A47B,LUAD,CCL5,0.6457087,0.55283886
TCGA-44-A47B,LUAD,CXCL9,0.9213238,0.25118065
TCGA-44-A47B,LUAD,CD27,0.8026802,-0.7170299
TCGA-44-A47B,LUAD,CXCR6,1.0143567,0.28073162
TCGA-44-A47B,LUAD,IDO1,0.61174816,-0.24864621
TCGA-44-A47B,LUAD,STAT1,0.92535514,-0.19053277
TCGA-44-A47B,LUAD,CD274,0.5819756,-0.9199682
TCGA-44-A47B,LUAD,CD276,-0.262146,-0.8058899
TCGA-44-A47B,LUAD,LAG3,0.8237206,1.191151
TCGA-44-A47B,LUAD,PDCD1LG2,0.80684596,-0.6559614
TCGA-44-A47B,LUAD,TIGIT,0.88556165,0.043642648
TCGA-44-A47B,LUAD,APM,0.6858133,-0.9929819
TCGA-44-A47B,LUAD,TIS,1.0027755,-0.22369467
TCGA-99-7458,LUAD,TMB,-0.35040575,1.0233778
TCGA-99-7458,LUAD,PSMB5,-0.6948875,-1.7107584
TCGA-99-7458,LUAD,PSMB6,-0.66948736,-1.6603677
TCGA-99-7458,LUAD,PSMB7,-0.59571743,-0.8283795
TCGA-99-7458,LUAD,PSMB8,0.5932689,0.27877182
TCGA-99-7458,LUAD,PSMB9,0.65888184,0.41499737
TCGA-99-7458,LUAD,PSMB10,0.77414286,1.1161649
TCGA-99-7458,LUAD,TAP1,0.45616493,0.41641915
TCGA-99-7458,LUAD,TAP2,0.45333672,0.124273226
TCGA-99-7458,LUAD,ERAP1,0.45294657,2.4222276
TCGA-99-7458,LUAD,ERAP2,0.53312194,-0.6928099
TCGA-99-7458,LUAD,TAPBP,0.56897813,0.29845515
TCGA-99-7458,LUAD,CANX,0.31959093,1.2397753
TCGA-99-7458,LUAD,CALR,-0.27318197,-0.07029834
TCGA-99-7458,LUAD,PDIA3,-0.47829667,-0.4038571
TCGA-99-7458,LUAD,B2M,0.8142098,1.0093925
TCGA-99-7458,LUAD,HLA-A,0.7513136,0.79255503
TCGA-99-7458,LUAD,HLA-B,0.9735168,0.93256664
TCGA-99-7458,LUAD,HLA-C,0.9135607,1.078198
TCGA-99-7458,LUAD,HLA-DQA1,1.1742414,0.9666274
TCGA-99-7458,LUAD,HLA-DRB1,1.2073542,1.056325
TCGA-99-7458,LUAD,CMKLR1,0.90317404,0.7376389
TCGA-99-7458,LUAD,HLA-E,1.1178,0.66869336
TCGA-99-7458,LUAD,NKG7,0.30030614,0.5866176
TCGA-99-7458,LUAD,CD8A,0.4252163,1.2162046
TCGA-99-7458,LUAD,CCL5,0.48860145,0.94513017
TCGA-99-7458,LUAD,CXCL9,0.5585466,0.99644834
TCGA-99-7458,LUAD,CD27,0.61934215,0.6237958
TCGA-99-7458,LUAD,CXCR6,0.6476737,1.2749555
TCGA-99-7458,LUAD,IDO1,0.34788877,-0.13733426
TCGA-99-7458,LUAD,STAT1,0.47565135,0.63724416
TCGA-99-7458,LUAD,CD274,0.2585195,1.1772985
TCGA-99-7458,LUAD,CD276,-0.46499294,-0.92666763
TCGA-99-7458,LUAD,LAG3,0.22979367,0.044265885
TCGA-99-7458,LUAD,PDCD1LG2,0.46502224,1.0139836
TCGA-99-7458,LUAD,TIGIT,0.6304717,1.6419584
TCGA-99-7458,LUAD,APM,0.62468827,0.5428654
TCGA-99-7458,LUAD,TIS,0.83852625,0.91025084
TCGA-53-7624,LUAD,TMB,0.6341582,1.699297
TCGA-53-7624,LUAD,PSMB5,0.51386565,-0.5511462
TCGA-53-7624,LUAD,PSMB6,0.4269411,0.66160065
TCGA-53-7624,LUAD,PSMB7,0.4218325,0.7282688
TCGA-53-7624,LUAD,PSMB8,0.31276396,1.1836351
TCGA-53-7624,LUAD,PSMB9,0.511438,1.691847
TCGA-53-7624,LUAD,PSMB10,0.18150035,1.1507233
TCGA-53-7624,LUAD,TAP1,0.29662377,2.3243995
TCGA-53-7624,LUAD,TAP2,0.30511937,2.866939
TCGA-53-7624,LUAD,ERAP1,-0.1714209,0.4059974
TCGA-53-7624,LUAD,ERAP2,-0.13520795,-0.41028687
TCGA-53-7624,LUAD,TAPBP,0.05152144,1.3970981
TCGA-53-7624,LUAD,CANX,-0.0020176962,-0.79501796
TCGA-53-7624,LUAD,CALR,0.22432688,-0.6571452
TCGA-53-7624,LUAD,PDIA3,-0.10433128,-0.23941627
TCGA-53-7624,LUAD,B2M,0.049402013,0.84924614
TCGA-53-7624,LUAD,HLA-A,0.10857284,0.11778942
TCGA-53-7624,LUAD,HLA-B,0.12770872,0.0747066
TCGA-53-7624,LUAD,HLA-C,0.02430227,1.1242865
TCGA-53-7624,LUAD,HLA-DQA1,-0.18643638,-0.33611122
TCGA-53-7624,LUAD,HLA-DRB1,-0.20580979,-0.2003346
TCGA-53-7624,LUAD,CMKLR1,-0.17217073,-0.53478694
TCGA-53-7624,LUAD,HLA-E,-0.18904403,0.7889957
TCGA-53-7624,LUAD,NKG7,0.34922808,-0.01799955
TCGA-53-7624,LUAD,CD8A,0.2929296,-0.3249745
TCGA-53-7624,LUAD,CCL5,0.26279005,0.8962507
TCGA-53-7624,LUAD,CXCL9,0.26043433,0.8243033
TCGA-53-7624,LUAD,CD27,-0.105345644,-0.8409015
TCGA-53-7624,LUAD,CXCR6,0.1731635,-0.5111294
TCGA-53-7624,LUAD,IDO1,0.3107471,1.395337
TCGA-53-7624,LUAD,STAT1,0.36298707,2.2409909
TCGA-53-7624,LUAD,CD274,0.23035899,0.55635345
TCGA-53-7624,LUAD,CD276,-0.20439962,2.0068684
TCGA-53-7624,LUAD,LAG3,0.36669317,0.5525211
TCGA-53-7624,LUAD,PDCD1LG2,0.11808541,0.75455064
TCGA-53-7624,LUAD,TIGIT,0.12885113,-0.43745846
TCGA-53-7624,LUAD,APM,0.28144088,1.1060807
TCGA-53-7624,LUAD,TIS,0.14144845,0.75823027
TCGA-69-8255,LUAD,TMB,0.24292469,0.36445424
TCGA-69-8255,LUAD,PSMB5,0.015586823,1.33046
TCGA-69-8255,LUAD,PSMB6,0.03459244,0.686305
TCGA-69-8255,LUAD,PSMB7,-0.043596964,0.3610992
TCGA-69-8255,LUAD,PSMB8,0.4404192,1.456048
TCGA-69-8255,LUAD,PSMB9,0.46642756,1.2506162
TCGA-69-8255,LUAD,PSMB10,0.40003175,-0.0046420437
TCGA-69-8255,LUAD,TAP1,0.40104756,1.1333482
TCGA-69-8255,LUAD,TAP2,0.38030636,1.1411204
TCGA-69-8255,LUAD,ERAP1,0.41344136,0.302555
TCGA-69-8255,LUAD,ERAP2,0.11380496,0.3807722
TCGA-69-8255,LUAD,TAPBP,0.42365187,0.92362547
TCGA-69-8255,LUAD,CANX,0.417157,1.1493652
TCGA-69-8255,LUAD,CALR,0.2577291,0.32217646
TCGA-69-8255,LUAD,PDIA3,0.32722908,1.9240072
TCGA-69-8255,LUAD,B2M,0.3872498,0.75241977
TCGA-69-8255,LUAD,HLA-A,0.41033134,-0.2018612
TCGA-69-8255,LUAD,HLA-B,0.40226406,-0.07635264
TCGA-69-8255,LUAD,HLA-C,0.39731148,-0.4748393
TCGA-69-8255,LUAD,HLA-DQA1,0.15660235,0.18018377
TCGA-69-8255,LUAD,HLA-DRB1,0.10594626,-0.11117929
TCGA-69-8255,LUAD,CMKLR1,0.27658927,0.810966
TCGA-69-8255,LUAD,HLA-E,0.2700802,0.5084748
TCGA-69-8255,LUAD,NKG7,0.30742472,2.3047414
TCGA-69-8255,LUAD,CD8A,0.31227705,2.1033227
TCGA-69-8255,LUAD,CCL5,0.3174661,1.6701453
TCGA-69-8255,LUAD,CXCL9,0.17488289,1.4956305
TCGA-69-8255,LUAD,CD27,0.18233934,0.54346615
TCGA-69-8255,LUAD,CXCR6,0.36879796,2.8943698
TCGA-69-8255,LUAD,IDO1,0.51286244,0.34525952
TCGA-69-8255,LUAD,STAT1,0.40785295,1.8867809
TCGA-69-8255,LUAD,CD274,0.02472196,-0.17199157
TCGA-69-8255,LUAD,CD276,-0.06053587,-1.2837974
TCGA-69-8255,LUAD,LAG3,0.2473245,2.6708758
TCGA-69-8255,LUAD,PDCD1LG2,0.18532895,-0.12374043
TCGA-69-8255,LUAD,TIGIT,0.21204421,1.3968421
TCGA-69-8255,LUAD,APM,0.49867105,0.9847369
TCGA-69-8255,LUAD,TIS,0.3716759,1.4893017
TCGA-93-A4JN,LUAD,TMB,-0.39059883,-1.1845106
TCGA-93-A4JN,LUAD,PSMB5,-0.36495504,-0.65642554
TCGA-93-A4JN,LUAD,PSMB6,-0.34807128,-0.8933526
TCGA-93-A4JN,LUAD,PSMB7,-0.35872096,-1.4075305
TCGA-93-A4JN,LUAD,PSMB8,-0.24100825,0.75701547
TCGA-93-A4JN,LUAD,PSMB9,-0.33708113,0.7418387
TCGA-93-A4JN,LUAD,PSMB10,-0.10317417,0.028626839
TCGA-93-A4JN,LUAD,TAP1,-0.5478434,0.8674023
TCGA-93-A4JN,LUAD,TAP2,-0.3376631,0.66373336
TCGA-93-A4JN,LUAD,ERAP1,-0.17076218,-0.46010998
TCGA-93-A4JN,LUAD,ERAP2,0.03715206,-0.7178985
TCGA-93-A4JN,LUAD,TAPBP,-0.085960254,0.81480324
TCGA-93-A4JN,LUAD,CANX,-0.06634181,-1.2273518
TCGA-93-A4JN,LUAD,CALR,-0.33439583,-0.16993491
TCGA-93-A4JN,LUAD,PDIA3,-0.24212995,-0.5274784
TCGA-93-A4JN,LUAD,B2M,-0.2006267,-0.015232889
TCGA-93-A4JN,LUAD,HLA-A,-0.05009503,1.0460011
TCGA-93-A4JN,LUAD,HLA-B,-0.035318427,0.9085396
TCGA-93-A4JN,LUAD,HLA-C,-0.054399706,1.2308384
TCGA-93-A4JN,LUAD,HLA-DQA1,0.1462504,-0.40822813
TCGA-93-A4JN,LUAD,HLA-DRB1,0.28992808,0.19242193
TCGA-93-A4JN,LUAD,CMKLR1,-0.19797078,-0.13655932
TCGA-93-A4JN,LUAD,HLA-E,0.091025025,0.2490477
TCGA-93-A4JN,LUAD,NKG7,-0.4929091,-0.75499886
TCGA-93-A4JN,LUAD,CD8A,-0.41349322,-0.88798213
TCGA-93-A4JN,LUAD,CCL5,-0.341494,-0.75922614
TCGA-93-A4JN,LUAD,CXCL9,-0.4284862,-0.6648225
TCGA-93-A4JN,LUAD,CD27,-0.0842491,0.7414927
TCGA-93-A4JN,LUAD,CXCR6,-0.33244637,-0.31477904
TCGA-93-A4JN,LUAD,IDO1,-0.29916167,-0.2451363
TCGA-93-A4JN,LUAD,STAT1,-0.54444456,0.4805103
TCGA-93-A4JN,LUAD,CD274,-0.24216151,-0.36085725
TCGA-93-A4JN,LUAD,CD276,-0.29338744,-0.4563549
TCGA-93-A4JN,LUAD,LAG3,-0.44144696,1.3714341
TCGA-93-A4JN,LUAD,PDCD1LG2,-0.44261533,-0.4724402
TCGA-93-A4JN,LUAD,TIGIT,-0.24653547,0.44697064
TCGA-93-A4JN,LUAD,APM,-0.29024658,0.3214456
TCGA-93-A4JN,LUAD,TIS,-0.27617377,-0.11511313
TCGA-44-7660,LUAD,TMB,0.23147634,0.5137441
TCGA-44-7660,LUAD,PSMB5,-0.21123119,0.1841385
TCGA-44-7660,LUAD,PSMB6,-0.28907353,0.18105778
TCGA-44-7660,LUAD,PSMB7,-0.2743674,-1.0909265
TCGA-44-7660,LUAD,PSMB8,-0.7748629,-0.48188233
TCGA-44-7660,LUAD,PSMB9,-0.73617876,-0.32321686
TCGA-44-7660,LUAD,PSMB10,-0.8577728,-0.1253925
TCGA-44-7660,LUAD,TAP1,-0.5374788,-0.89868534
TCGA-44-7660,LUAD,TAP2,-0.5287631,-0.47742945
TCGA-44-7660,LUAD,ERAP1,-0.2329083,-0.5156971
TCGA-44-7660,LUAD,ERAP2,-0.18849635,-0.9644895
TCGA-44-7660,LUAD,TAPBP,-0.6092428,0.44862288
TCGA-44-7660,LUAD,CANX,0.025512516,-0.24426146
TCGA-44-7660,LUAD,CALR,-0.09268824,-0.32403308
TCGA-44-7660,LUAD,PDIA3,0.03174284,-0.12408436
TCGA-44-7660,LUAD,B2M,-0.6362792,-0.74447423
TCGA-44-7660,LUAD,HLA-A,-0.83450365,-0.17272168
TCGA-44-7660,LUAD,HLA-B,-0.7450468,-0.37266722
TCGA-44-7660,LUAD,HLA-C,-0.73015624,-0.8122543
TCGA-44-7660,LUAD,HLA-DQA1,-0.4954605,0.14377159
TCGA-44-7660,LUAD,HLA-DRB1,-0.6700627,-0.13708389
TCGA-44-7660,LUAD,CMKLR1,-0.22379074,-0.41899908
TCGA-44-7660,LUAD,HLA-E,-0.8120266,-1.24291
TCGA-44-7660,LUAD,NKG7,-0.6811107,-0.21245752
TCGA-44-7660,LUAD,CD8A,-0.5576436,-0.7905923
TCGA-44-7660,LUAD,CCL5,-0.681229,-0.48144716
TCGA-44-7660,LUAD,CXCL9,-0.4871224,0.21484257
TCGA-44-7660,LUAD,CD27,-0.31716782,-0.43575948
TCGA-44-7660,LUAD,CXCR6,-0.4739461,-0.56141055
TCGA-44-7660,LUAD,IDO1,-0.5458069,0.24357668
TCGA-44-7660,LUAD,STAT1,-0.30783162,-0.7681602
TCGA-44-7660,LUAD,CD274,-0.3805893,-0.059238255
TCGA-44-7660,LUAD,CD276,0.10456103,-0.57113314
TCGA-44-7660,LUAD,LAG3,-0.44890365,0.9008331
TCGA-44-7660,LUAD,PDCD1LG2,-0.30103457,-0.38499156
TCGA-44-7660,LUAD,TIGIT,-0.43404716,0.40026334
TCGA-44-7660,LUAD,APM,-0.7684563,-0.6429556
TCGA-44-7660,LUAD,TIS,-0.62189656,-0.488295
TCGA-86-8278,LUAD,TMB,-0.42535654,-0.90882486
TCGA-86-8278,LUAD,PSMB5,-0.31239206,-0.738431
TCGA-86-8278,LUAD,PSMB6,-0.35608894,-1.809803
TCGA-86-8278,LUAD,PSMB7,-0.43120033,-0.18278016
TCGA-86-8278,LUAD,PSMB8,0.35772476,-0.10160686
TCGA-86-8278,LUAD,PSMB9,0.22104506,-0.90892076
TCGA-86-8278,LUAD,PSMB10,0.43435556,0.013017718
TCGA-86-8278,LUAD,TAP1,0.04956181,-0.25761247
TCGA-86-8278,LUAD,TAP2,0.025559118,-0.5184381
TCGA-86-8278,LUAD,ERAP1,0.4174158,1.0310576
TCGA-86-8278,LUAD,ERAP2,0.24796124,0.86893743
TCGA-86-8278,LUAD,TAPBP,0.55418205,-0.01130958
TCGA-86-8278,LUAD,CANX,0.5498488,1.5183543
TCGA-86-8278,LUAD,CALR,0.118404806,2.4324408
TCGA-86-8278,LUAD,PDIA3,0.5534565,1.0302397
TCGA-86-8278,LUAD,B2M,0.5019968,0.29606307
TCGA-86-8278,LUAD,HLA-A,0.42672324,0.95854145
TCGA-86-8278,LUAD,HLA-B,0.4253029,0.4093081
TCGA-86-8278,LUAD,HLA-C,0.48436585,0.38521484
TCGA-86-8278,LUAD,HLA-DQA1,0.37799275,0.2717965
TCGA-86-8278,LUAD,HLA-DRB1,0.50432724,0.66641396
TCGA-86-8278,LUAD,CMKLR1,0.25644377,-0.15028347
TCGA-86-8278,LUAD,HLA-E,0.38364658,0.32379833
TCGA-86-8278,LUAD,NKG7,0.07413281,-0.7952757
TCGA-86-8278,LUAD,CD8A,0.16278322,-0.80931926
TCGA-86-8278,LUAD,CCL5,0.16206154,-0.38987738
TCGA-86-8278,LUAD,CXCL9,0.03196737,-0.23541366
TCGA-86-8278,LUAD,CD27,0.26242706,0.032077443
TCGA-86-8278,LUAD,CXCR6,0.21192572,-0.5785758
TCGA-86-8278,LUAD,IDO1,0.16783467,1.2234911
TCGA-86-8278,LUAD,STAT1,0.16528974,-0.23654068
TCGA-86-8278,LUAD,CD274,-0.2721804,-0.075497754
TCGA-86-8278,LUAD,CD276,-0.30228466,1.1239077
TCGA-86-8278,LUAD,LAG3,-0.02409038,1.3529488
TCGA-86-8278,LUAD,PDCD1LG2,-0.07221871,-0.19699137
TCGA-86-8278,LUAD,TIGIT,0.113980606,-0.957714
TCGA-86-8278,LUAD,APM,0.4172988,0.3800144
TCGA-86-8278,LUAD,TIS,0.25530955,0.06765568
TCGA-44-3919,LUAD,TMB,0.26992607,-1.73036
TCGA-44-3919,LUAD,PSMB5,-0.37529796,-0.7336998
TCGA-44-3919,LUAD,PSMB6,-0.30793184,-1.2210612
TCGA-44-3919,LUAD,PSMB7,-0.20309174,-0.29064044
TCGA-44-3919,LUAD,PSMB8,1.0382204,0.8774315
TCGA-44-3919,LUAD,PSMB9,1.3134472,0.8173545
TCGA-44-3919,LUAD,PSMB10,1.1054308,0.37634763
TCGA-44-3919,LUAD,TAP1,1.199003,0.87935764
TCGA-44-3919,LUAD,TAP2,1.1324532,0.58251286
TCGA-44-3919,LUAD,ERAP1,0.84408027,1.2440226
TCGA-44-3919,LUAD,ERAP2,0.57695997,0.9612006
TCGA-44-3919,LUAD,TAPBP,0.91257554,0.42445615
TCGA-44-3919,LUAD,CANX,0.38287106,0.24184963
TCGA-44-3919,LUAD,CALR,0.038147494,0.405799
TCGA-44-3919,LUAD,PDIA3,-0.467446,-0.98044896
TCGA-44-3919,LUAD,B2M,1.0431608,0.80585074
TCGA-44-3919,LUAD,HLA-A,1.0263938,1.4734019
TCGA-44-3919,LUAD,HLA-B,1.3110392,1.236091
TCGA-44-3919,LUAD,HLA-C,1.07698,1.0585904
TCGA-44-3919,LUAD,HLA-DQA1,1.2790632,1.3240211
TCGA-44-3919,LUAD,HLA-DRB1,1.1145576,1.4195622
TCGA-44-3919,LUAD,CMKLR1,1.2479988,1.269594
TCGA-44-3919,LUAD,HLA-E,1.0734414,0.82284534
TCGA-44-3919,LUAD,NKG7,1.0603089,0.43401387
TCGA-44-3919,LUAD,CD8A,1.1535194,0.8734327
TCGA-44-3919,LUAD,CCL5,1.0414698,0.4276601
TCGA-44-3919,LUAD,CXCL9,1.1830003,1.0889095
TCGA-44-3919,LUAD,CD27,1.0061831,1.0862666
TCGA-44-3919,LUAD,CXCR6,1.2738507,0.8290072
TCGA-44-3919,LUAD,IDO1,0.9238224,0.96205413
TCGA-44-3919,LUAD,STAT1,1.2287714,1.2018678
TCGA-44-3919,LUAD,CD274,0.8130328,0.5894475
TCGA-44-3919,LUAD,CD276,-0.26595548,-0.75098294
TCGA-44-3919,LUAD,LAG3,1.115881,0.4156834
TCGA-44-3919,LUAD,PDCD1LG2,1.0505822,0.8856655
TCGA-44-3919,LUAD,TIGIT,1.145489,0.9669884
TCGA-44-3919,LUAD,APM,1.1630486,0.9363962
TCGA-44-3919,LUAD,TIS,1.3886867,0.95804036
TCGA-95-7039,LUAD,TMB,0.34289235,2.3155994
TCGA-95-7039,LUAD,PSMB5,-0.03683854,-0.43694493
TCGA-95-7039,LUAD,PSMB6,-0.25714636,0.0011136613
TCGA-95-7039,LUAD,PSMB7,-0.37963063,-1.0437083
TCGA-95-7039,LUAD,PSMB8,0.050911076,0.3822538
TCGA-95-7039,LUAD,PSMB9,-0.009265701,-0.17018126
TCGA-95-7039,LUAD,PSMB10,0.002285655,-0.086931944
TCGA-95-7039,LUAD,TAP1,-0.27141282,-0.050646413
TCGA-95-7039,LUAD,TAP2,-0.16642179,-0.40894848
TCGA-95-7039,LUAD,ERAP1,-0.49711046,-0.28226513
TCGA-95-7039,LUAD,ERAP2,-0.09487657,0.8574137
TCGA-95-7039,LUAD,TAPBP,-0.03305785,0.14425048
TCGA-95-7039,LUAD,CANX,-0.108887255,-0.70223683
TCGA-95-7039,LUAD,CALR,-0.2150755,-0.22967131
TCGA-95-7039,LUAD,PDIA3,-0.39179236,-0.7702899
TCGA-95-7039,LUAD,B2M,-0.21395102,-1.083135
TCGA-95-7039,LUAD,HLA-A,0.12719329,0.5337468
TCGA-95-7039,LUAD,HLA-B,0.04636034,0.19649749
TCGA-95-7039,LUAD,HLA-C,0.034453847,-0.15596253
TCGA-95-7039,LUAD,HLA-DQA1,0.1089435,-0.17985222
TCGA-95-7039,LUAD,HLA-DRB1,0.2530915,-0.30165395
TCGA-95-7039,LUAD,CMKLR1,-0.16314967,-0.26647377
TCGA-95-7039,LUAD,HLA-E,-0.0024517826,0.2758268
TCGA-95-7039,LUAD,NKG7,-0.4404729,0.088235855
TCGA-95-7039,LUAD,CD8A,-0.37598914,0.044849418
TCGA-95-7039,LUAD,CCL5,-0.42591554,0.05673911
TCGA-95-7039,LUAD,CXCL9,-0.25448555,0.7319399
TCGA-95-7039,LUAD,CD27,-0.16908267,-0.9956572
TCGA-95-7039,LUAD,CXCR6,-0.2871588,-0.3506078
TCGA-95-7039,LUAD,IDO1,-0.31843558,-0.4435824
TCGA-95-7039,LUAD,STAT1,-0.30703434,-0.14394118
TCGA-95-7039,LUAD,CD274,-0.19502698,0.20250483
TCGA-95-7039,LUAD,CD276,-0.52880263,-0.37699524
TCGA-95-7039,LUAD,LAG3,-0.27425238,0.7148256
TCGA-95-7039,LUAD,PDCD1LG2,-0.48133308,-0.29375327
TCGA-95-7039,LUAD,TIGIT,-0.24004233,-0.47456488
TCGA-95-7039,LUAD,APM,-0.1735679,-0.109034605
TCGA-95-7039,LUAD,TIS,-0.26352435,-0.2754146
TCGA-69-7980,LUAD,TMB,-0.079686545,1.7283508
TCGA-69-7980,LUAD,PSMB5,-0.47653896,-0.86817956
TCGA-69-7980,LUAD,PSMB6,-0.46683246,-0.04303681
TCGA-69-7980,LUAD,PSMB7,-0.6557065,-0.15992284
TCGA-69-7980,LUAD,PSMB8,0.30941126,0.81349915
TCGA-69-7980,LUAD,PSMB9,0.21007471,0.56357604
TCGA-69-7980,LUAD,PSMB10,0.297993,0.92843723
TCGA-69-7980,LUAD,TAP1,-0.1208323,0.39265364
TCGA-69-7980,LUAD,TAP2,-0.08083919,1.0758425
TCGA-69-7980,LUAD,ERAP1,0.23174617,0.24560533
TCGA-69-7980,LUAD,ERAP2,0.27806535,1.5102489
TCGA-69-7980,LUAD,TAPBP,0.46861404,1.1176751
TCGA-69-7980,LUAD,CANX,0.5046274,-0.59770936
TCGA-69-7980,LUAD,CALR,0.021914091,-0.28422394
TCGA-69-7980,LUAD,PDIA3,0.10537107,-0.36410314
TCGA-69-7980,LUAD,B2M,0.27465117,0.21270254
TCGA-69-7980,LUAD,HLA-A,0.37631482,1.0521562
TCGA-69-7980,LUAD,HLA-B,0.46358362,1.3786025
TCGA-69-7980,LUAD,HLA-C,0.48199478,0.7988044
TCGA-69-7980,LUAD,HLA-DQA1,0.47089928,-0.25761768
TCGA-69-7980,LUAD,HLA-DRB1,0.560845,-0.16620171
TCGA-69-7980,LUAD,CMKLR1,0.33543485,0.5789824
TCGA-69-7980,LUAD,HLA-E,0.42087418,0.6394367
TCGA-69-7980,LUAD,NKG7,-0.117190674,0.60996646
TCGA-69-7980,LUAD,CD8A,0.059128474,0.6310442
TCGA-69-7980,LUAD,CCL5,0.014212385,0.74265933
TCGA-69-7980,LUAD,CXCL9,-0.033337753,1.0860976
TCGA-69-7980,LUAD,CD27,0.34756026,-0.14617518
TCGA-69-7980,LUAD,CXCR6,0.19773448,0.9368216
TCGA-69-7980,LUAD,IDO1,0.15073578,-0.03908064
TCGA-69-7980,LUAD,STAT1,0.06617294,0.8906485
TCGA-69-7980,LUAD,CD274,-0.3380951,0.26919037
TCGA-69-7980,LUAD,CD276,-0.6396209,1.3961527
TCGA-69-7980,LUAD,LAG3,-0.04791696,0.7059684
TCGA-69-7980,LUAD,PDCD1LG2,-0.21822333,-0.09102712
TCGA-69-7980,LUAD,TIGIT,0.1533293,0.36664155
TCGA-69-7980,LUAD,APM,0.2515207,0.9053316
TCGA-69-7980,LUAD,TIS,0.16207626,0.6028983
TCGA-NJ-A55A,LUAD,TMB,-0.46418014,-0.9214378
TCGA-NJ-A55A,LUAD,PSMB5,-0.59068,-1.290068
TCGA-NJ-A55A,LUAD,PSMB6,-0.43777305,-1.1054296
TCGA-NJ-A55A,LUAD,PSMB7,-0.550011,-0.8201708
TCGA-NJ-A55A,LUAD,PSMB8,0.33702582,-0.1723303
TCGA-NJ-A55A,LUAD,PSMB9,0.20085391,-0.17273961
TCGA-NJ-A55A,LUAD,PSMB10,0.47991332,0.34077525
TCGA-NJ-A55A,LUAD,TAP1,-0.09110318,-0.5611644
TCGA-NJ-A55A,LUAD,TAP2,-0.032544464,0.109752476
TCGA-NJ-A55A,LUAD,ERAP1,0.28714055,0.5235517
TCGA-NJ-A55A,LUAD,ERAP2,0.31030282,-0.46097034
TCGA-NJ-A55A,LUAD,TAPBP,0.49241772,0.15967086
TCGA-NJ-A55A,LUAD,CANX,0.12225814,-0.69257754
TCGA-NJ-A55A,LUAD,CALR,-0.36617523,-1.6165955
TCGA-NJ-A55A,LUAD,PDIA3,-0.13575837,-1.008457
TCGA-NJ-A55A,LUAD,B2M,0.27304515,0.1409424
TCGA-NJ-A55A,LUAD,HLA-A,0.4520956,-0.37900087
TCGA-NJ-A55A,LUAD,HLA-B,0.58754146,-0.14833573
TCGA-NJ-A55A,LUAD,HLA-C,0.52931327,-0.19752176
TCGA-NJ-A55A,LUAD,HLA-DQA1,0.6189984,0.2158517
TCGA-NJ-A55A,LUAD,HLA-DRB1,0.81177014,0.26478857
TCGA-NJ-A55A,LUAD,CMKLR1,0.20468593,0.61796445
TCGA-NJ-A55A,LUAD,HLA-E,0.607057,0.4317907
TCGA-NJ-A55A,LUAD,NKG7,-0.031783074,0.4203065
TCGA-NJ-A55A,LUAD,CD8A,0.12131894,0.41986147
TCGA-NJ-A55A,LUAD,CCL5,0.14746562,0.715198
TCGA-NJ-A55A,LUAD,CXCL9,0.05119258,0.78777015
TCGA-NJ-A55A,LUAD,CD27,0.43725872,1.1295582
TCGA-NJ-A55A,LUAD,CXCR6,0.19735496,0.21676771
TCGA-NJ-A55A,LUAD,IDO1,0.03307846,-0.5887898
TCGA-NJ-A55A,LUAD,STAT1,-0.13316582,-0.3856754
TCGA-NJ-A55A,LUAD,CD274,-0.25011978,-0.116233274
TCGA-NJ-A55A,LUAD,CD276,-0.72868884,-1.7039096
TCGA-NJ-A55A,LUAD,LAG3,0.116215125,0.16565724
TCGA-NJ-A55A,LUAD,PDCD1LG2,-0.32134348,0.06928987
TCGA-NJ-A55A,LUAD,TIGIT,0.23902616,0.95397615
TCGA-NJ-A55A,LUAD,APM,0.26638445,-0.49628606
TCGA-NJ-A55A,LUAD,TIS,0.22259922,0.21826003
TCGA-86-8673,LUAD,TMB,-0.11358988,0.97938305
TCGA-86-8673,LUAD,PSMB5,0.11860243,0.2507862
TCGA-86-8673,LUAD,PSMB6,0.2686662,0.9748864
TCGA-86-8673,LUAD,PSMB7,0.119892314,0.08728576
TCGA-86-8673,LUAD,PSMB8,0.3562191,0.08470897
TCGA-86-8673,LUAD,PSMB9,0.20817754,0.012502395
TCGA-86-8673,LUAD,PSMB10,0.372044,0.30697644
TCGA-86-8673,LUAD,TAP1,-0.068067566,-1.3012295
TCGA-86-8673,LUAD,TAP2,-0.037640814,-0.57330257
TCGA-86-8673,LUAD,ERAP1,0.16783473,-1.2343074
TCGA-86-8673,LUAD,ERAP2,0.074823484,1.4036776
TCGA-86-8673,LUAD,TAPBP,0.43965802,0.3457429
TCGA-86-8673,LUAD,CANX,0.45759934,-0.68027616
TCGA-86-8673,LUAD,CALR,0.32793933,-0.19578551
TCGA-86-8673,LUAD,PDIA3,0.7807222,0.7608658
TCGA-86-8673,LUAD,B2M,0.27893785,-0.7531689
TCGA-86-8673,LUAD,HLA-A,0.401199,-0.040085156
TCGA-86-8673,LUAD,HLA-B,0.2670105,-0.52296585
TCGA-86-8673,LUAD,HLA-C,0.39415404,-0.25477153
TCGA-86-8673,LUAD,HLA-DQA1,-0.039734308,-0.5664876
TCGA-86-8673,LUAD,HLA-DRB1,0.14942637,-0.40151727
TCGA-86-8673,LUAD,CMKLR1,-0.16012645,-0.6212059
TCGA-86-8673,LUAD,HLA-E,0.14038417,-0.8970013
TCGA-86-8673,LUAD,NKG7,0.24370661,0.6518828
TCGA-86-8673,LUAD,CD8A,0.24210744,0.41759187
TCGA-86-8673,LUAD,CCL5,0.36467335,0.60259855
TCGA-86-8673,LUAD,CXCL9,-0.07239338,-0.38611764
TCGA-86-8673,LUAD,CD27,0.0704298,-0.19841981
TCGA-86-8673,LUAD,CXCR6,0.10941811,-0.16378313
TCGA-86-8673,LUAD,IDO1,0.29497078,-0.2157248
TCGA-86-8673,LUAD,STAT1,-0.030463835,-1.3616428
TCGA-86-8673,LUAD,CD274,-0.31260872,-1.1185322
TCGA-86-8673,LUAD,CD276,-0.18022597,0.6073179
TCGA-86-8673,LUAD,LAG3,0.09574296,0.14929092
TCGA-86-8673,LUAD,PDCD1LG2,-0.2720709,-0.7207931
TCGA-86-8673,LUAD,TIGIT,0.04697842,-0.3128618
TCGA-86-8673,LUAD,APM,0.4071626,-0.0535115
TCGA-86-8673,LUAD,TIS,0.16542591,-0.37344292
TCGA-69-7765,LUAD,TMB,-0.5153619,1.2710932
TCGA-69-7765,LUAD,PSMB5,-0.7488905,-1.1746703
TCGA-69-7765,LUAD,PSMB6,-0.7195611,-1.6398432
TCGA-69-7765,LUAD,PSMB7,-0.7008146,-0.7545962
TCGA-69-7765,LUAD,PSMB8,-0.09994127,-0.13855518
TCGA-69-7765,LUAD,PSMB9,-0.30330497,0.032862734
TCGA-69-7765,LUAD,PSMB10,-0.045626085,-0.38952708
TCGA-69-7765,LUAD,TAP1,-0.5773567,-0.17626815
TCGA-69-7765,LUAD,TAP2,-0.43532878,-0.13844372
TCGA-69-7765,LUAD,ERAP1,0.16608886,0.7101782
TCGA-69-7765,LUAD,ERAP2,0.12062756,-1.0587124
TCGA-69-7765,LUAD,TAPBP,0.022734467,0.21993406
TCGA-69-7765,LUAD,CANX,0.34445262,-0.2904916
TCGA-69-7765,LUAD,CALR,-0.52885884,-0.3866875
TCGA-69-7765,LUAD,PDIA3,-0.20221229,-1.2818378
TCGA-69-7765,LUAD,B2M,-0.10195969,0.7607733
TCGA-69-7765,LUAD,HLA-A,0.002802366,0.21074587
TCGA-69-7765,LUAD,HLA-B,0.029569805,0.67092395
TCGA-69-7765,LUAD,HLA-C,-0.037801716,0.2200214
TCGA-69-7765,LUAD,HLA-DQA1,0.21282244,0.4373809
TCGA-69-7765,LUAD,HLA-DRB1,0.38531622,0.9463053
TCGA-69-7765,LUAD,CMKLR1,-0.053543102,-0.09883082
TCGA-69-7765,LUAD,HLA-E,0.20921323,0.34113848
TCGA-69-7765,LUAD,NKG7,-0.74196917,0.0004282884
TCGA-69-7765,LUAD,CD8A,-0.5135558,0.07610605
TCGA-69-7765,LUAD,CCL5,-0.5579323,-0.15200642
TCGA-69-7765,LUAD,CXCL9,-0.64583236,0.08346512
TCGA-69-7765,LUAD,CD27,-0.17524897,0.6025228
TCGA-69-7765,LUAD,CXCR6,-0.29701656,0.2514124
TCGA-69-7765,LUAD,IDO1,-0.37931412,-0.42264238
TCGA-69-7765,LUAD,STAT1,-0.44361424,0.4438634
TCGA-69-7765,LUAD,CD274,-0.5290259,-0.19493656
TCGA-69-7765,LUAD,CD276,-0.64745086,0.101304546
TCGA-69-7765,LUAD,LAG3,-0.78484505,-0.24375872
TCGA-69-7765,LUAD,PDCD1LG2,-0.56374294,-0.020245416
TCGA-69-7765,LUAD,TIGIT,-0.33784533,0.41826594
TCGA-69-7765,LUAD,APM,-0.24749276,-0.26103988
TCGA-69-7765,LUAD,TIS,-0.38557106,0.08198475
TCGA-44-A4SU,LUAD,TMB,-0.2298578,-0.52468455
TCGA-44-A4SU,LUAD,PSMB5,-0.32182136,-0.016516669
TCGA-44-A4SU,LUAD,PSMB6,-0.35085663,-0.7289005
TCGA-44-A4SU,LUAD,PSMB7,-0.5701467,-1.5108069
TCGA-44-A4SU,LUAD,PSMB8,0.113992594,0.2185651
TCGA-44-A4SU,LUAD,PSMB9,-0.09701136,-0.2889389
TCGA-44-A4SU,LUAD,PSMB10,0.18617514,0.1282404
TCGA-44-A4SU,LUAD,TAP1,-0.38563913,-0.41398007
TCGA-44-A4SU,LUAD,TAP2,-0.39019307,-0.29851106
TCGA-44-A4SU,LUAD,ERAP1,-0.025449425,0.19090188
TCGA-44-A4SU,LUAD,ERAP2,-0.05645632,0.12597205
TCGA-44-A4SU,LUAD,TAPBP,0.13815841,0.64226425
TCGA-44-A4SU,LUAD,CANX,0.19044708,-0.8939926
TCGA-44-A4SU,LUAD,CALR,-0.10041906,-0.6874927
TCGA-44-A4SU,LUAD,PDIA3,0.29510468,-0.7108519
TCGA-44-A4SU,LUAD,B2M,0.014673603,-0.6362678
TCGA-44-A4SU,LUAD,HLA-A,0.2494992,0.5017701
TCGA-44-A4SU,LUAD,HLA-B,0.17331655,0.47974417
TCGA-44-A4SU,LUAD,HLA-C,0.267795,0.57494843
TCGA-44-A4SU,LUAD,HLA-DQA1,0.25231183,-0.48165432
TCGA-44-A4SU,LUAD,HLA-DRB1,0.34926572,-0.17287546
TCGA-44-A4SU,LUAD,CMKLR1,0.079810314,-0.70275134
TCGA-44-A4SU,LUAD,HLA-E,0.18193737,0.37689716
TCGA-44-A4SU,LUAD,NKG7,-0.07874494,-0.57792485
TCGA-44-A4SU,LUAD,CD8A,-0.06467977,-0.6000171
TCGA-44-A4SU,LUAD,CCL5,-0.10308851,-0.50201684
TCGA-44-A4SU,LUAD,CXCL9,-0.11850516,0.34789807
TCGA-44-A4SU,LUAD,CD27,0.4240355,1.29884
TCGA-44-A4SU,LUAD,CXCR6,0.1295404,-0.35038352
TCGA-44-A4SU,LUAD,IDO1,-0.010744661,0.8686997
TCGA-44-A4SU,LUAD,STAT1,-0.2902252,-0.6016623
TCGA-44-A4SU,LUAD,CD274,-0.6326981,-0.34829053
TCGA-44-A4SU,LUAD,CD276,-0.81432515,-0.50055355
TCGA-44-A4SU,LUAD,LAG3,0.03632317,-0.008950366
TCGA-44-A4SU,LUAD,PDCD1LG2,-0.46368843,-0.89883107
TCGA-44-A4SU,LUAD,TIGIT,0.011734677,0.34076497
TCGA-44-A4SU,LUAD,APM,-0.013668922,-0.10424794
TCGA-44-A4SU,LUAD,TIS,-0.07453286,-0.23649026
TCGA-78-7154,LUAD,TMB,0.5998193,-0.044195004
TCGA-78-7154,LUAD,PSMB5,0.26077524,-0.44652018
TCGA-78-7154,LUAD,PSMB6,0.2510229,-0.49523062
TCGA-78-7154,LUAD,PSMB7,0.43275395,-0.7699004
TCGA-78-7154,LUAD,PSMB8,-0.15327923,-0.5360793
TCGA-78-7154,LUAD,PSMB9,0.037685256,-0.57457703
TCGA-78-7154,LUAD,PSMB10,-0.37747756,-0.47231266
TCGA-78-7154,LUAD,TAP1,0.00028187633,-0.7597425
TCGA-78-7154,LUAD,TAP2,0.0834184,-0.1549625
TCGA-78-7154,LUAD,ERAP1,-0.2198967,0.7557583
TCGA-78-7154,LUAD,ERAP2,-0.097990505,-1.4190215
TCGA-78-7154,LUAD,TAPBP,-0.2659877,-1.1624701
TCGA-78-7154,LUAD,CANX,0.06477123,2.30196
TCGA-78-7154,LUAD,CALR,0.11509399,-0.5911401
TCGA-78-7154,LUAD,PDIA3,-0.2094285,0.9407857
TCGA-78-7154,LUAD,B2M,-0.35831755,0.2114488
TCGA-78-7154,LUAD,HLA-A,-0.32249045,-0.12188963
TCGA-78-7154,LUAD,HLA-B,-0.25731373,-0.5945657
TCGA-78-7154,LUAD,HLA-C,-0.3573286,-0.49394915
TCGA-78-7154,LUAD,HLA-DQA1,-0.33076552,-0.66183436
TCGA-78-7154,LUAD,HLA-DRB1,-0.43378085,-0.71195847
TCGA-78-7154,LUAD,CMKLR1,-0.18032488,-0.16161972
TCGA-78-7154,LUAD,HLA-E,-0.5261239,-0.77536434
TCGA-78-7154,LUAD,NKG7,0.0014299334,-0.21653938
TCGA-78-7154,LUAD,CD8A,0.0298996,-0.5186518
TCGA-78-7154,LUAD,CCL5,-0.044043887,-0.3669015
TCGA-78-7154,LUAD,CXCL9,0.09110729,-0.009864585
TCGA-78-7154,LUAD,CD27,-0.23675004,-1.199579
TCGA-78-7154,LUAD,CXCR6,-0.09121901,-0.659664
TCGA-78-7154,LUAD,IDO1,-0.049466033,-0.437652
TCGA-78-7154,LUAD,STAT1,0.16984043,0.33522326
TCGA-78-7154,LUAD,CD274,0.11636249,-0.9393034
TCGA-78-7154,LUAD,CD276,0.018534264,-0.10565247
TCGA-78-7154,LUAD,LAG3,0.12097498,-0.96231323
TCGA-78-7154,LUAD,PDCD1LG2,-0.05548492,-0.8044167
TCGA-78-7154,LUAD,TIGIT,-0.061521925,-0.5936335
TCGA-78-7154,LUAD,APM,-0.17788465,-0.50660276
TCGA-78-7154,LUAD,TIS,-0.15142086,-0.83595175
TCGA-49-4488,LUAD,TMB,-0.22630563,0.34864804
TCGA-49-4488,LUAD,PSMB5,-0.10333922,1.8393588
TCGA-49-4488,LUAD,PSMB6,-0.047708906,0.7030119
TCGA-49-4488,LUAD,PSMB7,-0.0062880022,0.9999265
TCGA-49-4488,LUAD,PSMB8,0.5499524,1.4974579
TCGA-49-4488,LUAD,PSMB9,0.4627669,1.2825606
TCGA-49-4488,LUAD,PSMB10,0.5188077,1.6088636
TCGA-49-4488,LUAD,TAP1,0.09150426,1.2184969
TCGA-49-4488,LUAD,TAP2,0.23313451,0.12986246
TCGA-49-4488,LUAD,ERAP1,0.26428324,-1.0608124
TCGA-49-4488,LUAD,ERAP2,0.12441977,0.6137562
TCGA-49-4488,LUAD,TAPBP,0.32283196,1.6477308
TCGA-49-4488,LUAD,CANX,0.3503899,-1.0790312
TCGA-49-4488,LUAD,CALR,-0.014112294,0.09850446
TCGA-49-4488,LUAD,PDIA3,0.007001606,-0.5296701
TCGA-49-4488,LUAD,B2M,0.48585147,0.84335434
TCGA-49-4488,LUAD,HLA-A,0.60359335,1.7076412
TCGA-49-4488,LUAD,HLA-B,0.58625144,1.5066651
TCGA-49-4488,LUAD,HLA-C,0.5800568,1.3212514
TCGA-49-4488,LUAD,HLA-DQA1,0.7009374,0.35591328
TCGA-49-4488,LUAD,HLA-DRB1,0.7864362,0.5830808
TCGA-49-4488,LUAD,CMKLR1,0.22065528,-0.68532276
TCGA-49-4488,LUAD,HLA-E,0.52245826,0.4881772
TCGA-49-4488,LUAD,NKG7,0.19154182,0.89566773
TCGA-49-4488,LUAD,CD8A,0.25239593,0.8750539
TCGA-49-4488,LUAD,CCL5,0.25915658,0.64042073
TCGA-49-4488,LUAD,CXCL9,0.1086867,0.6296674
TCGA-49-4488,LUAD,CD27,0.23237912,0.0403941
TCGA-49-4488,LUAD,CXCR6,0.2428782,0.23064163
TCGA-49-4488,LUAD,IDO1,0.25637084,0.21562733
TCGA-49-4488,LUAD,STAT1,0.05845005,-0.28311893
TCGA-49-4488,LUAD,CD274,0.16291682,0.14517589
TCGA-49-4488,LUAD,CD276,-0.29113588,-1.0904818
TCGA-49-4488,LUAD,LAG3,0.026660401,-0.506305
TCGA-49-4488,LUAD,PDCD1LG2,0.043477982,-0.7392272
TCGA-49-4488,LUAD,TIGIT,0.24406104,-0.24233228
TCGA-49-4488,LUAD,APM,0.48367777,1.3759196
TCGA-49-4488,LUAD,TIS,0.45115146,0.21712975
TCGA-67-6215,LUAD,TMB,-0.2589147,-0.79996836
TCGA-67-6215,LUAD,PSMB5,-0.27965158,-1.3925002
TCGA-67-6215,LUAD,PSMB6,-0.37321216,-1.2697892
TCGA-67-6215,LUAD,PSMB7,-0.40929833,-0.77086806
TCGA-67-6215,LUAD,PSMB8,0.17610672,-0.054025047
TCGA-67-6215,LUAD,PSMB9,-0.066729955,-0.6258214
TCGA-67-6215,LUAD,PSMB10,0.099250756,0.6005155
TCGA-67-6215,LUAD,TAP1,-0.3719443,-0.57555336
TCGA-67-6215,LUAD,TAP2,-0.39603776,-0.5997712
TCGA-67-6215,LUAD,ERAP1,-0.14817913,0.66155446
TCGA-67-6215,LUAD,ERAP2,0.078575715,0.4130488
TCGA-67-6215,LUAD,TAPBP,-0.090648875,0.96531785
TCGA-67-6215,LUAD,CANX,0.36556536,2.144394
TCGA-67-6215,LUAD,CALR,-0.26958743,0.331932
TCGA-67-6215,LUAD,PDIA3,-0.2719575,0.51615644
TCGA-67-6215,LUAD,B2M,-0.000895828,-0.35629615
TCGA-67-6215,LUAD,HLA-A,0.1422261,-0.52348596
TCGA-67-6215,LUAD,HLA-B,0.09769924,-0.46393216
TCGA-67-6215,LUAD,HLA-C,0.14164823,-0.4729786
TCGA-67-6215,LUAD,HLA-DQA1,0.27550447,0.037477955
TCGA-67-6215,LUAD,HLA-DRB1,0.4787442,0.5598448
TCGA-67-6215,LUAD,CMKLR1,-0.04780061,-0.24622233
TCGA-67-6215,LUAD,HLA-E,0.16894588,0.2819708
TCGA-67-6215,LUAD,NKG7,-0.5364749,-1.0926814
TCGA-67-6215,LUAD,CD8A,-0.37912172,-1.2546389
TCGA-67-6215,LUAD,CCL5,-0.46443734,-1.4956992
TCGA-67-6215,LUAD,CXCL9,-0.3795628,-0.85099405
TCGA-67-6215,LUAD,CD27,-0.20243292,-1.1804979
TCGA-67-6215,LUAD,CXCR6,-0.23530392,-1.039529
TCGA-67-6215,LUAD,IDO1,-0.2544037,-1.163393
TCGA-67-6215,LUAD,STAT1,-0.3012622,-0.7617517
TCGA-67-6215,LUAD,CD274,-0.39045447,-0.86016256
TCGA-67-6215,LUAD,CD276,-0.80539405,-0.21004239
TCGA-67-6215,LUAD,LAG3,-0.60199535,-1.3138447
TCGA-67-6215,LUAD,PDCD1LG2,-0.48625526,-0.97702646
TCGA-67-6215,LUAD,TIGIT,-0.3790936,-1.1626945
TCGA-67-6215,LUAD,APM,-0.050236322,-0.14684685
TCGA-67-6215,LUAD,TIS,-0.2833226,-0.7681713
TCGA-62-A472,LUAD,TMB,-0.22866015,-1.3617975
TCGA-62-A472,LUAD,PSMB5,-0.24543932,-0.7732821
TCGA-62-A472,LUAD,PSMB6,-0.114615105,-1.2471752
TCGA-62-A472,LUAD,PSMB7,-0.033366326,-0.34550345
TCGA-62-A472,LUAD,PSMB8,0.65340984,-0.08610464
TCGA-62-A472,LUAD,PSMB9,0.76510346,-0.08923148
TCGA-62-A472,LUAD,PSMB10,0.79076225,0.658379
TCGA-62-A472,LUAD,TAP1,0.54761696,-0.40659297
TCGA-62-A472,LUAD,TAP2,0.52770394,0.85926825
TCGA-62-A472,LUAD,ERAP1,0.4785064,-0.34165528
TCGA-62-A472,LUAD,ERAP2,0.32079387,0.99200505
TCGA-62-A472,LUAD,TAPBP,0.5960623,-0.74207884
TCGA-62-A472,LUAD,CANX,0.14001565,0.18505505
TCGA-62-A472,LUAD,CALR,-0.11356443,-2.032103
TCGA-62-A472,LUAD,PDIA3,0.020296067,-0.93107444
TCGA-62-A472,LUAD,B2M,0.7952268,0.28533086
TCGA-62-A472,LUAD,HLA-A,0.7334703,-0.3673694
TCGA-62-A472,LUAD,HLA-B,0.8587006,-0.11049591
TCGA-62-A472,LUAD,HLA-C,0.7980992,-0.74833363
TCGA-62-A472,LUAD,HLA-DQA1,0.8129002,0.4724609
TCGA-62-A472,LUAD,HLA-DRB1,0.86654794,0.46232706
TCGA-62-A472,LUAD,CMKLR1,0.5458547,-0.019762661
TCGA-62-A472,LUAD,HLA-E,0.810472,-0.6218776
TCGA-62-A472,LUAD,NKG7,0.6969221,0.460485
TCGA-62-A472,LUAD,CD8A,0.71052283,0.74401736
TCGA-62-A472,LUAD,CCL5,0.76643276,0.2662576
TCGA-62-A472,LUAD,CXCL9,0.64324737,0.43438923
TCGA-62-A472,LUAD,CD27,0.61461467,-0.29819053
TCGA-62-A472,LUAD,CXCR6,0.69308037,0.479183
TCGA-62-A472,LUAD,IDO1,0.52716666,-0.2697071
TCGA-62-A472,LUAD,STAT1,0.5031516,0.7951121
TCGA-62-A472,LUAD,CD274,0.41042262,0.8410927
TCGA-62-A472,LUAD,CD276,-0.21501549,-1.4710872
TCGA-62-A472,LUAD,LAG3,0.55167186,0.34250972
TCGA-62-A472,LUAD,PDCD1LG2,0.4457509,-0.25763157
TCGA-62-A472,LUAD,TIGIT,0.6966594,0.36040893
TCGA-62-A472,LUAD,APM,0.73954374,-0.24300745
TCGA-62-A472,LUAD,TIS,0.88925475,0.14089338
TCGA-55-6985,LUAD,TMB,0.037478946,0.8761729
TCGA-55-6985,LUAD,PSMB5,-0.34467307,-0.4675068
TCGA-55-6985,LUAD,PSMB6,-0.33147305,-0.8737209
TCGA-55-6985,LUAD,PSMB7,-0.3855543,-1.1891719
TCGA-55-6985,LUAD,PSMB8,0.7732197,0.44427398
TCGA-55-6985,LUAD,PSMB9,0.83388233,0.3863288
TCGA-55-6985,LUAD,PSMB10,0.8245776,0.46177852
TCGA-55-6985,LUAD,TAP1,0.5584284,0.3345213
TCGA-55-6985,LUAD,TAP2,0.5656568,0.16166317
TCGA-55-6985,LUAD,ERAP1,0.51895845,0.6568454
TCGA-55-6985,LUAD,ERAP2,0.4583455,-1.1935575
TCGA-55-6985,LUAD,TAPBP,0.7284685,0.6009707
TCGA-55-6985,LUAD,CANX,0.40101886,-0.054006733
TCGA-55-6985,LUAD,CALR,0.028767657,0.01259875
TCGA-55-6985,LUAD,PDIA3,-0.16321717,-0.8481982
TCGA-55-6985,LUAD,B2M,0.65694016,0.32442084
TCGA-55-6985,LUAD,HLA-A,0.80838335,0.657971
TCGA-55-6985,LUAD,HLA-B,0.9461395,0.8420284
TCGA-55-6985,LUAD,HLA-C,0.8669157,0.64124966
TCGA-55-6985,LUAD,HLA-DQA1,1.0057331,0.5043535
TCGA-55-6985,LUAD,HLA-DRB1,0.97751486,0.57832396
TCGA-55-6985,LUAD,CMKLR1,0.82550687,0.584925
TCGA-55-6985,LUAD,HLA-E,0.8560349,0.5929133
TCGA-55-6985,LUAD,NKG7,0.72590744,1.014412
TCGA-55-6985,LUAD,CD8A,0.82903063,0.59085584
TCGA-55-6985,LUAD,CCL5,0.7443147,0.8885531
TCGA-55-6985,LUAD,CXCL9,0.7591589,1.4222848
TCGA-55-6985,LUAD,CD27,0.9516493,0.6071874
TCGA-55-6985,LUAD,CXCR6,0.89001787,0.8400137
TCGA-55-6985,LUAD,IDO1,0.6035711,0.35912547
TCGA-55-6985,LUAD,STAT1,0.7081507,0.88122255
TCGA-55-6985,LUAD,CD274,0.26225427,0.3122941
TCGA-55-6985,LUAD,CD276,-0.7338142,0.3131957
TCGA-55-6985,LUAD,LAG3,0.71125555,0.96579754
TCGA-55-6985,LUAD,PDCD1LG2,0.39650622,0.48382047
TCGA-55-6985,LUAD,TIGIT,0.8582573,0.93487877
TCGA-55-6985,LUAD,APM,0.82753456,0.19545409
TCGA-55-6985,LUAD,TIS,0.88707197,0.75864714
TCGA-91-A4BC,LUAD,TMB,0.5270897,0.83502847
TCGA-91-A4BC,LUAD,PSMB5,0.19987962,0.1023477
TCGA-91-A4BC,LUAD,PSMB6,0.17710939,0.26805934
TCGA-91-A4BC,LUAD,PSMB7,0.10568148,-0.5573775
TCGA-91-A4BC,LUAD,PSMB8,0.5074717,0.58761114
TCGA-91-A4BC,LUAD,PSMB9,0.71364343,1.2644957
TCGA-91-A4BC,LUAD,PSMB10,0.50777596,0.8267609
TCGA-91-A4BC,LUAD,TAP1,0.61547315,0.5891016
TCGA-91-A4BC,LUAD,TAP2,0.6155553,0.81786823
TCGA-91-A4BC,LUAD,ERAP1,0.29614255,0.076693535
TCGA-91-A4BC,LUAD,ERAP2,0.080768526,1.395541
TCGA-91-A4BC,LUAD,TAPBP,0.4613827,0.4792383
TCGA-91-A4BC,LUAD,CANX,0.12255373,-0.37265736
TCGA-91-A4BC,LUAD,CALR,0.23164439,-0.8389651
TCGA-91-A4BC,LUAD,PDIA3,0.068617366,-0.4937928
TCGA-91-A4BC,LUAD,B2M,0.3507946,0.4992569
TCGA-91-A4BC,LUAD,HLA-A,0.4458363,0.55278933
TCGA-91-A4BC,LUAD,HLA-B,0.5571863,0.73977804
TCGA-91-A4BC,LUAD,HLA-C,0.4610653,0.8087831
TCGA-91-A4BC,LUAD,HLA-DQA1,0.44979334,0.020885117
TCGA-91-A4BC,LUAD,HLA-DRB1,0.29361492,-0.037960105
TCGA-91-A4BC,LUAD,CMKLR1,0.5496603,0.9129174
TCGA-91-A4BC,LUAD,HLA-E,0.22047241,0.85961175
TCGA-91-A4BC,LUAD,NKG7,1.0165046,3.051179
TCGA-91-A4BC,LUAD,CD8A,0.98062086,3.0124319
TCGA-91-A4BC,LUAD,CCL5,0.8502464,2.645997
TCGA-91-A4BC,LUAD,CXCL9,0.87092245,1.2929667
TCGA-91-A4BC,LUAD,CD27,0.7585402,1.5870484
TCGA-91-A4BC,LUAD,CXCR6,0.86525595,3.5935278
TCGA-91-A4BC,LUAD,IDO1,0.5901729,0.30827472
TCGA-91-A4BC,LUAD,STAT1,0.6732913,0.40083677
TCGA-91-A4BC,LUAD,CD274,0.30109757,-0.29616177
TCGA-91-A4BC,LUAD,CD276,-0.36218488,-0.22116941
TCGA-91-A4BC,LUAD,LAG3,1.045654,3.177795
TCGA-91-A4BC,LUAD,PDCD1LG2,0.47756404,0.0612352
TCGA-91-A4BC,LUAD,TIGIT,0.86531985,1.989995
TCGA-91-A4BC,LUAD,APM,0.6417591,0.8310703
TCGA-91-A4BC,LUAD,TIS,0.76498306,2.1027596
TCGA-69-7978,LUAD,TMB,0.21576361,1.1901397
TCGA-69-7978,LUAD,PSMB5,-0.24844043,-1.8758988
TCGA-69-7978,LUAD,PSMB6,-0.1496332,-1.1703186
TCGA-69-7978,LUAD,PSMB7,-0.0011220485,-0.8579038
TCGA-69-7978,LUAD,PSMB8,1.2671942,0.3535528
TCGA-69-7978,LUAD,PSMB9,1.543255,0.76957285
TCGA-69-7978,LUAD,PSMB10,1.2905928,0.7063909
TCGA-69-7978,LUAD,TAP1,1.3667994,1.0414177
TCGA-69-7978,LUAD,TAP2,1.302305,1.9359707
TCGA-69-7978,LUAD,ERAP1,0.94448394,1.6366681
TCGA-69-7978,LUAD,ERAP2,0.6063954,1.3243111
TCGA-69-7978,LUAD,TAPBP,1.1055052,1.2581518
TCGA-69-7978,LUAD,CANX,0.37704283,0.021120612
TCGA-69-7978,LUAD,CALR,0.056425065,0.022836357
TCGA-69-7978,LUAD,PDIA3,-0.34094176,-0.37204868
TCGA-69-7978,LUAD,B2M,1.2365469,0.73463005
TCGA-69-7978,LUAD,HLA-A,1.2023567,1.3173598
TCGA-69-7978,LUAD,HLA-B,1.4127301,1.523253
TCGA-69-7978,LUAD,HLA-C,1.2070059,1.384309
TCGA-69-7978,LUAD,HLA-DQA1,1.1949474,1.8888501
TCGA-69-7978,LUAD,HLA-DRB1,1.1311586,1.5927547
TCGA-69-7978,LUAD,CMKLR1,1.0840747,1.9511191
TCGA-69-7978,LUAD,HLA-E,1.2136071,0.84729713
TCGA-69-7978,LUAD,NKG7,1.3009156,1.3645564
TCGA-69-7978,LUAD,CD8A,1.3078188,1.4135433
TCGA-69-7978,LUAD,CCL5,1.3037461,1.1432683
TCGA-69-7978,LUAD,CXCL9,1.1906734,1.2726375
TCGA-69-7978,LUAD,CD27,1.0035188,1.6274279
TCGA-69-7978,LUAD,CXCR6,1.3327143,1.3727651
TCGA-69-7978,LUAD,IDO1,1.0787389,1.4377017
TCGA-69-7978,LUAD,STAT1,1.3027458,1.5237584
TCGA-69-7978,LUAD,CD274,1.067785,1.8789946
TCGA-69-7978,LUAD,CD276,-0.02113399,0.41847813
TCGA-69-7978,LUAD,LAG3,1.125931,1.7271764
TCGA-69-7978,LUAD,PDCD1LG2,1.178237,1.8704106
TCGA-69-7978,LUAD,TIGIT,1.2593044,1.9653054
TCGA-69-7978,LUAD,APM,1.404302,1.104408
TCGA-69-7978,LUAD,TIS,1.5216163,1.7195462
TCGA-49-4510,LUAD,TMB,-0.4574856,-1.4869975
TCGA-49-4510,LUAD,PSMB5,-0.15227248,0.8148787
TCGA-49-4510,LUAD,PSMB6,-0.12856333,1.0439497
TCGA-49-4510,LUAD,PSMB7,-0.27160692,-0.75011647
TCGA-49-4510,LUAD,PSMB8,-0.13625856,0.5311337
TCGA-49-4510,LUAD,PSMB9,-0.56332445,-0.29261133
TCGA-49-4510,LUAD,PSMB10,-0.17222627,-0.13767098
TCGA-49-4510,LUAD,TAP1,-1.0208371,-0.94840735
TCGA-49-4510,LUAD,TAP2,-0.8116089,-0.9132703
TCGA-49-4510,LUAD,ERAP1,-0.29245165,-1.0021367
TCGA-49-4510,LUAD,ERAP2,-0.2925698,-1.1958929
TCGA-49-4510,LUAD,TAPBP,-0.23177266,-0.46168005
TCGA-49-4510,LUAD,CANX,0.344567,0.8002266
TCGA-49-4510,LUAD,CALR,-0.1369936,0.023175713
TCGA-49-4510,LUAD,PDIA3,0.48798805,1.3516599
TCGA-49-4510,LUAD,B2M,-0.3094409,0.668859
TCGA-49-4510,LUAD,HLA-A,-0.10919919,0.7786377
TCGA-49-4510,LUAD,HLA-B,-0.3134027,0.009527386
TCGA-49-4510,LUAD,HLA-C,-0.21497032,0.6249768
TCGA-49-4510,LUAD,HLA-DQA1,-0.22872932,-0.054354772
TCGA-49-4510,LUAD,HLA-DRB1,0.12160083,0.6868715
TCGA-49-4510,LUAD,CMKLR1,-0.6003281,-0.5353202
TCGA-49-4510,LUAD,HLA-E,-0.2165083,-0.13353163
TCGA-49-4510,LUAD,NKG7,-0.70147514,0.037560355
TCGA-49-4510,LUAD,CD8A,-0.63856876,-0.69664156
TCGA-49-4510,LUAD,CCL5,-0.63301647,-0.6895489
TCGA-49-4510,LUAD,CXCL9,-0.9224787,-0.7976681
TCGA-49-4510,LUAD,CD27,-0.4141559,0.8133512
TCGA-49-4510,LUAD,CXCR6,-0.5752163,0.10929831
TCGA-49-4510,LUAD,IDO1,-0.4693346,-0.9590995
TCGA-49-4510,LUAD,STAT1,-0.94127303,-1.4998392
TCGA-49-4510,LUAD,CD274,-0.870901,-0.7742841
TCGA-49-4510,LUAD,CD276,-0.7192726,-1.1792078
TCGA-49-4510,LUAD,LAG3,-0.86928785,-0.35678232
TCGA-49-4510,LUAD,PDCD1LG2,-1.0439932,-0.76918334
TCGA-49-4510,LUAD,TIGIT,-0.64728576,-1.1623847
TCGA-49-4510,LUAD,APM,-0.4064053,0.029070668
TCGA-49-4510,LUAD,TIS,-0.71655035,-0.63828075
TCGA-44-2665,LUAD,TMB,-0.3272751,-1.5248382
TCGA-44-2665,LUAD,PSMB5,-0.5110632,-4.489835
TCGA-44-2665,LUAD,PSMB6,-0.50307524,-5.320847
TCGA-44-2665,LUAD,PSMB7,-0.44495064,-3.2422147
TCGA-44-2665,LUAD,PSMB8,0.2022279,-2.1563332
TCGA-44-2665,LUAD,PSMB9,0.0143125355,-0.83302736
TCGA-44-2665,LUAD,PSMB10,0.2667412,-2.054676
TCGA-44-2665,LUAD,TAP1,-0.1710151,-1.8170519
TCGA-44-2665,LUAD,TAP2,-0.11575782,1.5301932
TCGA-44-2665,LUAD,ERAP1,0.40478134,2.3786414
TCGA-44-2665,LUAD,ERAP2,0.22475109,1.8872894
TCGA-44-2665,LUAD,TAPBP,0.16842,-0.56840473
TCGA-44-2665,LUAD,CANX,0.39296037,2.0621605
TCGA-44-2665,LUAD,CALR,-0.21764362,-4.6208577
TCGA-44-2665,LUAD,PDIA3,0.0630237,-1.6567132
TCGA-44-2665,LUAD,B2M,0.17863405,0.028415216
TCGA-44-2665,LUAD,HLA-A,0.108452916,-1.2150589
TCGA-44-2665,LUAD,HLA-B,0.14591874,-0.6139383
TCGA-44-2665,LUAD,HLA-C,0.08996519,-1.5742972
TCGA-44-2665,LUAD,HLA-DQA1,0.26843894,0.75536186
TCGA-44-2665,LUAD,HLA-DRB1,0.41723013,-0.70531714
TCGA-44-2665,LUAD,CMKLR1,0.07042672,-0.03232281
TCGA-44-2665,LUAD,HLA-E,0.15177959,-1.2124133
TCGA-44-2665,LUAD,NKG7,-0.24194638,-1.5743217
TCGA-44-2665,LUAD,CD8A,-0.11575361,-0.33884355
TCGA-44-2665,LUAD,CCL5,-0.19953425,-1.2617291
TCGA-44-2665,LUAD,CXCL9,-0.29756635,-0.18192871
TCGA-44-2665,LUAD,CD27,-0.07188608,-0.8907626
TCGA-44-2665,LUAD,CXCR6,-0.018199356,0.60908
TCGA-44-2665,LUAD,IDO1,-0.053406566,0.6905953
TCGA-44-2665,LUAD,STAT1,-0.014813861,0.22183163
TCGA-44-2665,LUAD,CD274,-0.14929764,1.1468914
TCGA-44-2665,LUAD,CD276,-0.38218954,-1.3809488
TCGA-44-2665,LUAD,LAG3,-0.3039144,-1.6756316
TCGA-44-2665,LUAD,PDCD1LG2,-0.10153018,1.2026244
TCGA-44-2665,LUAD,TIGIT,-0.027000677,2.2090495
TCGA-44-2665,LUAD,APM,0.094971895,-1.6029739
TCGA-44-2665,LUAD,TIS,0.050117034,-0.039986722
TCGA-64-5774,LUAD,TMB,0.4089922,-0.52468455
TCGA-64-5774,LUAD,PSMB5,0.6732524,0.6705072
TCGA-64-5774,LUAD,PSMB6,0.4819583,-0.1122149
TCGA-64-5774,LUAD,PSMB7,0.26882437,-0.7051844
TCGA-64-5774,LUAD,PSMB8,-0.17343864,-0.085968025
TCGA-64-5774,LUAD,PSMB9,-0.26600248,-0.3427168
TCGA-64-5774,LUAD,PSMB10,-0.28989127,-0.62720203
TCGA-64-5774,LUAD,TAP1,-0.46122414,-0.7806851
TCGA-64-5774,LUAD,TAP2,-0.48083726,-1.6278423
TCGA-64-5774,LUAD,ERAP1,-0.65766925,1.0190794
TCGA-64-5774,LUAD,ERAP2,-0.33326727,0.8227744
TCGA-64-5774,LUAD,TAPBP,-0.3516417,-0.41791934
TCGA-64-5774,LUAD,CANX,-0.027657965,0.6072519
TCGA-64-5774,LUAD,CALR,0.5334336,1.0747347
TCGA-64-5774,LUAD,PDIA3,0.69544554,1.6035528
TCGA-64-5774,LUAD,B2M,-0.29082686,-1.2655091
TCGA-64-5774,LUAD,HLA-A,-0.2333785,-0.06888028
TCGA-64-5774,LUAD,HLA-B,-0.3905978,-1.2995576
TCGA-64-5774,LUAD,HLA-C,-0.18901026,-0.45779687
TCGA-64-5774,LUAD,HLA-DQA1,-0.6227371,-1.2826537
TCGA-64-5774,LUAD,HLA-DRB1,-0.57707196,-1.5561395
TCGA-64-5774,LUAD,CMKLR1,-0.46239224,-1.1795475
TCGA-64-5774,LUAD,HLA-E,-0.5218242,-2.0983083
TCGA-64-5774,LUAD,NKG7,-0.035985477,-1.2584635
TCGA-64-5774,LUAD,CD8A,-0.21658945,-0.7064459
TCGA-64-5774,LUAD,CCL5,-0.10995384,-1.3381157
TCGA-64-5774,LUAD,CXCL9,-0.24467826,-0.9158069
TCGA-64-5774,LUAD,CD27,-0.12734982,-0.14731224
TCGA-64-5774,LUAD,CXCR6,-0.2637724,-0.60011667
TCGA-64-5774,LUAD,IDO1,-0.15549114,-0.5985628
TCGA-64-5774,LUAD,STAT1,-0.3946978,-0.65001255
TCGA-64-5774,LUAD,CD274,-0.54803604,-0.7916057
TCGA-64-5774,LUAD,CD276,-0.18705551,-0.33366132
TCGA-64-5774,LUAD,LAG3,0.072364576,-0.59351695
TCGA-64-5774,LUAD,PDCD1LG2,-0.5221149,-1.3327526
TCGA-64-5774,LUAD,TIGIT,-0.28935966,-0.7970495
TCGA-64-5774,LUAD,APM,-0.20537333,-0.24920908
TCGA-64-5774,LUAD,TIS,-0.3869163,-1.4621994
TCGA-78-7167,LUAD,TMB,-0.5737162,-0.9861947
TCGA-78-7167,LUAD,PSMB5,-0.33693284,-0.55069214
TCGA-78-7167,LUAD,PSMB6,-0.043417707,0.39094114
TCGA-78-7167,LUAD,PSMB7,-0.36804873,-0.9425339
TCGA-78-7167,LUAD,PSMB8,-0.25757647,-1.465348
TCGA-78-7167,LUAD,PSMB9,-0.7283819,-1.9550232
TCGA-78-7167,LUAD,PSMB10,-0.2976483,-1.4221965
TCGA-78-7167,LUAD,TAP1,-1.1671594,-2.1770453
TCGA-78-7167,LUAD,TAP2,-0.9888315,-2.2554462
TCGA-78-7167,LUAD,ERAP1,-0.27766103,-0.45689645
TCGA-78-7167,LUAD,ERAP2,-0.15731044,-0.41212875
TCGA-78-7167,LUAD,TAPBP,-0.074765444,-1.0053233
TCGA-78-7167,LUAD,CANX,0.4000731,0.39816606
TCGA-78-7167,LUAD,CALR,-0.0807729,0.16271856
TCGA-78-7167,LUAD,PDIA3,0.82502156,1.7626513
TCGA-78-7167,LUAD,B2M,-0.40649977,-1.1879892
TCGA-78-7167,LUAD,HLA-A,-0.25169605,-0.616374
TCGA-78-7167,LUAD,HLA-B,-0.3546427,-1.6441219
TCGA-78-7167,LUAD,HLA-C,-0.34002355,-1.0460923
TCGA-78-7167,LUAD,HLA-DQA1,-0.46219578,-1.3717706
TCGA-78-7167,LUAD,HLA-DRB1,-0.048569944,-1.4594325
TCGA-78-7167,LUAD,CMKLR1,-0.72147244,-0.8393971
TCGA-78-7167,LUAD,HLA-E,-0.25086626,-0.8084538
TCGA-78-7167,LUAD,NKG7,-0.98015976,-0.9309825
TCGA-78-7167,LUAD,CD8A,-0.91791916,-0.90723896
TCGA-78-7167,LUAD,CCL5,-0.7854108,-0.88884366
TCGA-78-7167,LUAD,CXCL9,-1.1044153,-0.76158106
TCGA-78-7167,LUAD,CD27,-0.6459975,-0.71866524
TCGA-78-7167,LUAD,CXCR6,-0.8625723,-1.137671
TCGA-78-7167,LUAD,IDO1,-0.66927326,-1.15567
TCGA-78-7167,LUAD,STAT1,-1.090901,-0.9871156
TCGA-78-7167,LUAD,CD274,-1.0753367,-1.5603235
TCGA-78-7167,LUAD,CD276,-0.72564054,-1.7333808
TCGA-78-7167,LUAD,LAG3,-0.96360815,-1.0281001
TCGA-78-7167,LUAD,PDCD1LG2,-1.212897,-1.3061844
TCGA-78-7167,LUAD,TIGIT,-0.96320117,-1.2806983
TCGA-78-7167,LUAD,APM,-0.4757957,-1.5054737
TCGA-78-7167,LUAD,TIS,-0.93164206,-1.9676261
TCGA-55-7570,LUAD,TMB,0.3770799,0.716525
TCGA-55-7570,LUAD,PSMB5,0.28782168,1.7509111
TCGA-55-7570,LUAD,PSMB6,0.014550658,2.7561133
TCGA-55-7570,LUAD,PSMB7,0.09666681,0.047103044
TCGA-55-7570,LUAD,PSMB8,-0.6584232,-1.152664
TCGA-55-7570,LUAD,PSMB9,-0.57514036,-1.1751987
TCGA-55-7570,LUAD,PSMB10,-0.79260063,-1.6043302
TCGA-55-7570,LUAD,TAP1,-0.36964357,-0.7159024
TCGA-55-7570,LUAD,TAP2,-0.35420313,-0.692608
TCGA-55-7570,LUAD,ERAP1,-0.4075726,-0.695521
TCGA-55-7570,LUAD,ERAP2,-0.3406931,0.4776714
TCGA-55-7570,LUAD,TAPBP,-0.6352671,-2.5258331
TCGA-55-7570,LUAD,CANX,-0.05911863,-0.56158626
TCGA-55-7570,LUAD,CALR,-0.05499404,-0.73040605
TCGA-55-7570,LUAD,PDIA3,-0.2702354,1.3510941
TCGA-55-7570,LUAD,B2M,-0.70869136,-1.1304561
TCGA-55-7570,LUAD,HLA-A,-0.7402054,-0.4592265
TCGA-55-7570,LUAD,HLA-B,-0.7687665,-1.786128
TCGA-55-7570,LUAD,HLA-C,-0.8206438,-2.0684905
TCGA-55-7570,LUAD,HLA-DQA1,-0.64111567,-0.87251234
TCGA-55-7570,LUAD,HLA-DRB1,-0.77578795,-1.1514983
TCGA-55-7570,LUAD,CMKLR1,-0.4125103,-1.1019276
TCGA-55-7570,LUAD,HLA-E,-0.8287031,-2.114641
TCGA-55-7570,LUAD,NKG7,-0.6730112,-0.53902304
TCGA-55-7570,LUAD,CD8A,-0.6405006,0.12377159
TCGA-55-7570,LUAD,CCL5,-0.716859,-0.89925605
TCGA-55-7570,LUAD,CXCL9,-0.54225624,-0.35539028
TCGA-55-7570,LUAD,CD27,-0.61637676,-0.42634052
TCGA-55-7570,LUAD,CXCR6,-0.66154677,-0.41129863
TCGA-55-7570,LUAD,IDO1,-0.6066952,-0.82148665
TCGA-55-7570,LUAD,STAT1,-0.27733755,-0.5945644
TCGA-55-7570,LUAD,CD274,-0.11289831,-1.0010338
TCGA-55-7570,LUAD,CD276,0.18130621,0.2774423
TCGA-55-7570,LUAD,LAG3,-0.6032642,-0.49428898
TCGA-55-7570,LUAD,PDCD1LG2,-0.3573513,-1.2402302
TCGA-55-7570,LUAD,TIGIT,-0.60696906,-0.68596005
TCGA-55-7570,LUAD,APM,-0.71890247,-0.9682578
TCGA-55-7570,LUAD,TIS,-0.7174476,-1.2041293
TCGA-78-7146,LUAD,TMB,0.4157485,0.6053963
TCGA-78-7146,LUAD,PSMB5,0.3144125,-1.3142488
TCGA-78-7146,LUAD,PSMB6,0.283438,-0.80124676
TCGA-78-7146,LUAD,PSMB7,0.2609855,-0.80987513
TCGA-78-7146,LUAD,PSMB8,0.22528093,0.42058772
TCGA-78-7146,LUAD,PSMB9,0.28478497,0.5148608
TCGA-78-7146,LUAD,PSMB10,0.047719248,0.2601853
TCGA-78-7146,LUAD,TAP1,0.20226295,-0.015176123
TCGA-78-7146,LUAD,TAP2,0.26149434,1.7547948
TCGA-78-7146,LUAD,ERAP1,0.19751617,0.48118344
TCGA-78-7146,LUAD,ERAP2,0.10691603,1.8091683
TCGA-78-7146,LUAD,TAPBP,0.134391,0.066520184
TCGA-78-7146,LUAD,CANX,0.28622812,1.7900031
TCGA-78-7146,LUAD,CALR,0.29443574,-0.20671691
TCGA-78-7146,LUAD,PDIA3,0.12479615,-1.5056527
TCGA-78-7146,LUAD,B2M,0.06452209,-1.0325334
TCGA-78-7146,LUAD,HLA-A,0.06789097,-0.68763787
TCGA-78-7146,LUAD,HLA-B,0.092876986,-0.61417097
TCGA-78-7146,LUAD,HLA-C,0.060122024,-0.9381112
TCGA-78-7146,LUAD,HLA-DQA1,-0.16175564,-0.41083035
TCGA-78-7146,LUAD,HLA-DRB1,-0.20706353,-0.5103496
TCGA-78-7146,LUAD,CMKLR1,-0.101758674,-0.42597032
TCGA-78-7146,LUAD,HLA-E,-0.1533027,-0.7030745
TCGA-78-7146,LUAD,NKG7,0.103719175,-0.4033666
TCGA-78-7146,LUAD,CD8A,0.11086416,-0.10595236
TCGA-78-7146,LUAD,CCL5,0.08116095,-0.405299
TCGA-78-7146,LUAD,CXCL9,-0.03693728,-0.032115888
TCGA-78-7146,LUAD,CD27,-0.21203399,-1.2948806
TCGA-78-7146,LUAD,CXCR6,-0.040643882,-0.42980644
TCGA-78-7146,LUAD,IDO1,0.29611516,-0.48616502
TCGA-78-7146,LUAD,STAT1,0.23561184,0.40505877
TCGA-78-7146,LUAD,CD274,0.24988158,0.31320748
TCGA-78-7146,LUAD,CD276,0.10748918,0.33399668
TCGA-78-7146,LUAD,LAG3,0.09909773,-0.7165945
TCGA-78-7146,LUAD,PDCD1LG2,0.101337984,-0.20495827
TCGA-78-7146,LUAD,TIGIT,-0.004076338,-0.39162618
TCGA-78-7146,LUAD,APM,0.2547513,0.05710311
TCGA-78-7146,LUAD,TIS,0.12649097,-0.486472
TCGA-44-3398,LUAD,TMB,-0.34466377,-0.2687601
TCGA-44-3398,LUAD,PSMB5,-0.6313561,0.50872904
TCGA-44-3398,LUAD,PSMB6,-0.62172174,0.49023744
TCGA-44-3398,LUAD,PSMB7,-0.557212,1.0916592
TCGA-44-3398,LUAD,PSMB8,0.16429341,1.2354643
TCGA-44-3398,LUAD,PSMB9,0.11947401,0.74567544
TCGA-44-3398,LUAD,PSMB10,0.27199408,1.0153843
TCGA-44-3398,LUAD,TAP1,0.062601045,-0.03211637
TCGA-44-3398,LUAD,TAP2,0.16544607,-0.06188551
TCGA-44-3398,LUAD,ERAP1,0.61317426,1.1945524
TCGA-44-3398,LUAD,ERAP2,0.40824938,2.302294
TCGA-44-3398,LUAD,TAPBP,0.34695664,-0.74201524
TCGA-44-3398,LUAD,CANX,0.43784422,1.3620161
TCGA-44-3398,LUAD,CALR,-0.12982924,0.13021955
TCGA-44-3398,LUAD,PDIA3,0.11658971,-0.601422
TCGA-44-3398,LUAD,B2M,0.38438478,2.059793
TCGA-44-3398,LUAD,HLA-A,0.21805625,1.3313341
TCGA-44-3398,LUAD,HLA-B,0.3416883,0.87078404
TCGA-44-3398,LUAD,HLA-C,0.3249238,1.2309395
TCGA-44-3398,LUAD,HLA-DQA1,0.47742134,1.1105561
TCGA-44-3398,LUAD,HLA-DRB1,0.5073708,1.4460071
TCGA-44-3398,LUAD,CMKLR1,0.4588191,0.13478461
TCGA-44-3398,LUAD,HLA-E,0.3871742,0.43116972
TCGA-44-3398,LUAD,NKG7,-0.12013233,0.8307157
TCGA-44-3398,LUAD,CD8A,-0.022940135,0.101229236
TCGA-44-3398,LUAD,CCL5,-0.08254309,-0.09893492
TCGA-44-3398,LUAD,CXCL9,-0.07063439,-0.58190334
TCGA-44-3398,LUAD,CD27,0.17371263,0.17231812
TCGA-44-3398,LUAD,CXCR6,0.16032107,0.7212003
TCGA-44-3398,LUAD,IDO1,0.04369983,1.4684387
TCGA-44-3398,LUAD,STAT1,0.22954932,-0.48919538
TCGA-44-3398,LUAD,CD274,0.039474882,0.91027784
TCGA-44-3398,LUAD,CD276,-0.07023165,0.33288372
TCGA-44-3398,LUAD,LAG3,-0.1670074,-0.6422449
TCGA-44-3398,LUAD,PDCD1LG2,0.254796,1.0275663
TCGA-44-3398,LUAD,TIGIT,0.19571018,-0.5208858
TCGA-44-3398,LUAD,APM,0.23180366,1.3605311
TCGA-44-3398,LUAD,TIS,0.31168145,0.57618284
TCGA-O2-A52W,LUSC,TMB,0.31761426,-0.65583366
TCGA-O2-A52W,LUSC,PSMB5,0.51836705,0.3158919
TCGA-O2-A52W,LUSC,PSMB6,0.3954793,-0.7359724
TCGA-O2-A52W,LUSC,PSMB7,0.47299013,-2.056221
TCGA-O2-A52W,LUSC,PSMB8,-0.87301856,-1.3558875
TCGA-O2-A52W,LUSC,PSMB9,-0.84623396,-1.05164
TCGA-O2-A52W,LUSC,PSMB10,-0.91018647,-1.7678075
TCGA-O2-A52W,LUSC,TAP1,-0.8212525,-1.4029008
TCGA-O2-A52W,LUSC,TAP2,-0.6025969,0.4106704
TCGA-O2-A52W,LUSC,ERAP1,-0.7809204,-0.7603805
TCGA-O2-A52W,LUSC,ERAP2,-0.6401838,0.34292015
TCGA-O2-A52W,LUSC,TAPBP,-0.8496026,-0.5619496
TCGA-O2-A52W,LUSC,CANX,-0.5922976,-1.3719496
TCGA-O2-A52W,LUSC,CALR,-0.04849579,-0.070773475
TCGA-O2-A52W,LUSC,PDIA3,-0.023067513,-0.4018031
TCGA-O2-A52W,LUSC,B2M,-1.0602546,-1.3430533
TCGA-O2-A52W,LUSC,HLA-A,-0.9457598,-1.566829
TCGA-O2-A52W,LUSC,HLA-B,-1.0657144,-1.7509406
TCGA-O2-A52W,LUSC,HLA-C,-1.0701914,-2.7800927
TCGA-O2-A52W,LUSC,HLA-DQA1,-1.2413454,-0.3698622
TCGA-O2-A52W,LUSC,HLA-DRB1,-1.2735757,-0.73485726
TCGA-O2-A52W,LUSC,CMKLR1,-1.2688887,-1.2012722
TCGA-O2-A52W,LUSC,HLA-E,-1.0651095,-1.7996804
TCGA-O2-A52W,LUSC,NKG7,-0.91990453,-1.1725953
TCGA-O2-A52W,LUSC,CD8A,-1.0139434,-0.74210274
TCGA-O2-A52W,LUSC,CCL5,-0.92975533,-1.0029199
TCGA-O2-A52W,LUSC,CXCL9,-0.9217104,-0.9216219
TCGA-O2-A52W,LUSC,CD27,-1.0274436,-0.7770494
TCGA-O2-A52W,LUSC,CXCR6,-1.1359851,-1.2688396
TCGA-O2-A52W,LUSC,IDO1,-0.6351708,0.008903225
TCGA-O2-A52W,LUSC,STAT1,-0.89715815,-1.3458072
TCGA-O2-A52W,LUSC,CD274,-0.42473754,-1.2322358
TCGA-O2-A52W,LUSC,CD276,0.20538314,-0.90475965
TCGA-O2-A52W,LUSC,LAG3,-0.6877693,-1.0353196
TCGA-O2-A52W,LUSC,PDCD1LG2,-0.88436663,-1.088329
TCGA-O2-A52W,LUSC,TIGIT,-0.99551594,-0.8493892
TCGA-O2-A52W,LUSC,APM,-1.0145715,-1.6866611
TCGA-O2-A52W,LUSC,TIS,-1.2232393,-1.8134253
TCGA-58-A46L,LUSC,TMB,0.17274381,0.023574866
TCGA-58-A46L,LUSC,PSMB5,0.35018352,0.34090713
TCGA-58-A46L,LUSC,PSMB6,0.38783827,-1.4033633
TCGA-58-A46L,LUSC,PSMB7,0.46515757,-0.18162519
TCGA-58-A46L,LUSC,PSMB8,-0.63892615,-0.93643904
TCGA-58-A46L,LUSC,PSMB9,-0.5703394,-0.2133856
TCGA-58-A46L,LUSC,PSMB10,-0.7301303,-0.24865577
TCGA-58-A46L,LUSC,TAP1,-0.5752851,0.18250434
TCGA-58-A46L,LUSC,TAP2,-0.43456835,-0.052162625
TCGA-58-A46L,LUSC,ERAP1,-0.4707272,-0.28860214
TCGA-58-A46L,LUSC,ERAP2,-0.5415545,0.4086564
TCGA-58-A46L,LUSC,TAPBP,-0.6140022,-0.89166003
TCGA-58-A46L,LUSC,CANX,-0.3949334,-1.3778068
TCGA-58-A46L,LUSC,CALR,0.00055684487,-0.7464724
TCGA-58-A46L,LUSC,PDIA3,0.18485668,-0.5047671
TCGA-58-A46L,LUSC,B2M,-0.6849449,-0.6882062
TCGA-58-A46L,LUSC,HLA-A,-0.6895663,-0.8787148
TCGA-58-A46L,LUSC,HLA-B,-0.7785363,-0.7544187
TCGA-58-A46L,LUSC,HLA-C,-0.7296711,-1.0220791
TCGA-58-A46L,LUSC,HLA-DQA1,-0.8078677,0.3035313
TCGA-58-A46L,LUSC,HLA-DRB1,-0.85254383,-0.27268842
TCGA-58-A46L,LUSC,CMKLR1,-0.754075,0.10696586
TCGA-58-A46L,LUSC,HLA-E,-0.77149487,-0.69776994
TCGA-58-A46L,LUSC,NKG7,-0.44663364,0.72271097
TCGA-58-A46L,LUSC,CD8A,-0.50450337,0.6012263
TCGA-58-A46L,LUSC,CCL5,-0.4164648,0.4915091
TCGA-58-A46L,LUSC,CXCL9,-0.50459,1.2401934
TCGA-58-A46L,LUSC,CD27,-0.62035245,-0.011565118
TCGA-58-A46L,LUSC,CXCR6,-0.6551963,0.5545443
TCGA-58-A46L,LUSC,IDO1,-0.40408278,-0.06903427
TCGA-58-A46L,LUSC,STAT1,-0.56303173,1.211487
TCGA-58-A46L,LUSC,CD274,-0.20236692,-0.053777933
TCGA-58-A46L,LUSC,CD276,0.29874626,-0.37767065
TCGA-58-A46L,LUSC,LAG3,-0.35552186,0.509737
TCGA-58-A46L,LUSC,PDCD1LG2,-0.53096473,-0.094494
TCGA-58-A46L,LUSC,TIGIT,-0.5373405,0.7725042
TCGA-58-A46L,LUSC,APM,-0.67815125,-0.7114408
TCGA-58-A46L,LUSC,TIS,-0.66910386,0.27185163
TCGA-37-4135,LUSC,TMB,0.4868968,0.33266848
TCGA-37-4135,LUSC,PSMB5,0.47527337,1.2349261
TCGA-37-4135,LUSC,PSMB6,0.6138288,0.5361301
TCGA-37-4135,LUSC,PSMB7,0.59372747,0.9894493
TCGA-37-4135,LUSC,PSMB8,-0.3540465,2.3648052
TCGA-37-4135,LUSC,PSMB9,-0.24164419,1.5206565
TCGA-37-4135,LUSC,PSMB10,-0.51574886,2.3462834
TCGA-37-4135,LUSC,TAP1,-0.2816684,0.4060268
TCGA-37-4135,LUSC,TAP2,-0.3325612,-1.6042298
TCGA-37-4135,LUSC,ERAP1,-0.46727005,-1.414924
TCGA-37-4135,LUSC,ERAP2,-0.3376838,0.49547765
TCGA-37-4135,LUSC,TAPBP,-0.6165919,-2.2628152
TCGA-37-4135,LUSC,CANX,-0.16109751,0.38093147
TCGA-37-4135,LUSC,CALR,0.042926025,1.3927542
TCGA-37-4135,LUSC,PDIA3,-0.078862265,-0.86710787
TCGA-37-4135,LUSC,B2M,-0.5610439,0.9367044
TCGA-37-4135,LUSC,HLA-A,-0.5530358,0.4449363
TCGA-37-4135,LUSC,HLA-B,-0.57048094,0.49164128
TCGA-37-4135,LUSC,HLA-C,-0.5704113,0.8309564
TCGA-37-4135,LUSC,HLA-DQA1,-0.740003,0.123343386
TCGA-37-4135,LUSC,HLA-DRB1,-0.87454426,0.32798654
TCGA-37-4135,LUSC,CMKLR1,-0.5574397,-1.0489031
TCGA-37-4135,LUSC,HLA-E,-0.8621893,-0.7844626
TCGA-37-4135,LUSC,NKG7,-0.12096925,0.28835157
TCGA-37-4135,LUSC,CD8A,-0.12649818,-0.12716843
TCGA-37-4135,LUSC,CCL5,-0.2214709,-0.27990153
TCGA-37-4135,LUSC,CXCL9,-0.13651155,0.63928473
TCGA-37-4135,LUSC,CD27,-0.36345813,-1.0074749
TCGA-37-4135,LUSC,CXCR6,-0.39672676,0.0061773057
TCGA-37-4135,LUSC,IDO1,-0.15889421,0.8572413
TCGA-37-4135,LUSC,STAT1,-0.1801075,-0.71830237
TCGA-37-4135,LUSC,CD274,-0.13347371,-0.8666659
TCGA-37-4135,LUSC,CD276,-0.053673495,0.33404842
TCGA-37-4135,LUSC,LAG3,0.09685408,-1.004303
TCGA-37-4135,LUSC,PDCD1LG2,-0.35744748,-0.3583306
TCGA-37-4135,LUSC,TIGIT,-0.35722417,-1.1819869
TCGA-37-4135,LUSC,APM,-0.41067997,0.84621644
TCGA-37-4135,LUSC,TIS,-0.47999611,0.03591645
TCGA-56-8625,LUSC,TMB,-0.02796368,0.9017633
TCGA-56-8625,LUSC,PSMB5,-0.19816467,-1.1275221
TCGA-56-8625,LUSC,PSMB6,-0.38721147,-1.3715764
TCGA-56-8625,LUSC,PSMB7,-0.3160442,-0.784849
TCGA-56-8625,LUSC,PSMB8,-0.87392604,-0.4606495
TCGA-56-8625,LUSC,PSMB9,-0.9250248,0.29653564
TCGA-56-8625,LUSC,PSMB10,-0.8738678,0.68381476
TCGA-56-8625,LUSC,TAP1,-0.7658064,0.48670116
TCGA-56-8625,LUSC,TAP2,-0.7417141,-0.043941356
TCGA-56-8625,LUSC,ERAP1,-0.45003447,0.8500941
TCGA-56-8625,LUSC,ERAP2,-0.38856977,0.7153021
TCGA-56-8625,LUSC,TAPBP,-0.69301337,-0.0050369045
TCGA-56-8625,LUSC,CANX,-0.21689096,0.6114759
TCGA-56-8625,LUSC,CALR,-0.15650085,-0.2703336
TCGA-56-8625,LUSC,PDIA3,0.00088183134,-1.3011498
TCGA-56-8625,LUSC,B2M,-0.7510103,0.6642876
TCGA-56-8625,LUSC,HLA-A,-0.8703133,0.4285682
TCGA-56-8625,LUSC,HLA-B,-0.87907887,0.6947255
TCGA-56-8625,LUSC,HLA-C,-0.8175987,0.6401595
TCGA-56-8625,LUSC,HLA-DQA1,-0.62005234,1.9693716
TCGA-56-8625,LUSC,HLA-DRB1,-0.63639283,1.228451
TCGA-56-8625,LUSC,CMKLR1,-0.4836363,2.220903
TCGA-56-8625,LUSC,HLA-E,-0.6955639,0.81509006
TCGA-56-8625,LUSC,NKG7,-0.80830973,1.381996
TCGA-56-8625,LUSC,CD8A,-0.79762596,1.2511857
TCGA-56-8625,LUSC,CCL5,-0.8057769,1.4598125
TCGA-56-8625,LUSC,CXCL9,-0.7402889,1.9178811
TCGA-56-8625,LUSC,CD27,-0.5296077,1.2461036
TCGA-56-8625,LUSC,CXCR6,-0.6523096,1.8112466
TCGA-56-8625,LUSC,IDO1,-0.66020495,0.47799942
TCGA-56-8625,LUSC,STAT1,-0.63438636,1.336462
TCGA-56-8625,LUSC,CD274,-0.61316854,0.5811521
TCGA-56-8625,LUSC,CD276,0.03322071,0.4724444
TCGA-56-8625,LUSC,LAG3,-0.6920943,1.2569782
TCGA-56-8625,LUSC,PDCD1LG2,-0.61466587,1.959778
TCGA-56-8625,LUSC,TIGIT,-0.6370369,1.7583785
TCGA-56-8625,LUSC,APM,-0.92137086,0.29633075
TCGA-56-8625,LUSC,TIS,-0.8493112,1.6704053
TCGA-60-2708,LUSC,TMB,0.0042434065,-0.28503725
TCGA-60-2708,LUSC,PSMB5,0.18894668,3.1405394
TCGA-60-2708,LUSC,PSMB6,-0.021535214,0.90784127
TCGA-60-2708,LUSC,PSMB7,0.033859454,0.58296096
TCGA-60-2708,LUSC,PSMB8,-0.36574435,-1.8387636
TCGA-60-2708,LUSC,PSMB9,-0.34032732,-1.4401423
TCGA-60-2708,LUSC,PSMB10,-0.3185475,-1.4459324
TCGA-60-2708,LUSC,TAP1,-0.22248642,-0.92514426
TCGA-60-2708,LUSC,TAP2,-0.2238991,-0.71939117
TCGA-60-2708,LUSC,ERAP1,-0.26074815,-0.7974143
TCGA-60-2708,LUSC,ERAP2,-0.1377734,0.6991427
TCGA-60-2708,LUSC,TAPBP,-0.18467471,-1.1763903
TCGA-60-2708,LUSC,CANX,-0.19471982,0.19645105
TCGA-60-2708,LUSC,CALR,0.10757931,1.1974083
TCGA-60-2708,LUSC,PDIA3,-0.019338254,-0.28256023
TCGA-60-2708,LUSC,B2M,-0.2656804,-1.2018657
TCGA-60-2708,LUSC,HLA-A,-0.30647552,-0.94990265
TCGA-60-2708,LUSC,HLA-B,-0.32590017,-0.9304552
TCGA-60-2708,LUSC,HLA-C,-0.28258204,-1.0937685
TCGA-60-2708,LUSC,HLA-DQA1,-0.37635523,-0.5797607
TCGA-60-2708,LUSC,HLA-DRB1,-0.3413567,-0.5170743
TCGA-60-2708,LUSC,CMKLR1,-0.30255255,0.5323845
TCGA-60-2708,LUSC,HLA-E,-0.24791673,-0.8538462
TCGA-60-2708,LUSC,NKG7,-0.3261126,-1.6751748
TCGA-60-2708,LUSC,CD8A,-0.39246303,-1.4504813
TCGA-60-2708,LUSC,CCL5,-0.29872394,-0.4151371
TCGA-60-2708,LUSC,CXCL9,-0.37401813,-1.5890149
TCGA-60-2708,LUSC,CD27,-0.29223043,-1.3199081
TCGA-60-2708,LUSC,CXCR6,-0.3994535,-1.4423982
TCGA-60-2708,LUSC,IDO1,-0.30775023,-0.86830777
TCGA-60-2708,LUSC,STAT1,-0.36260024,-1.3599738
TCGA-60-2708,LUSC,CD274,-0.13772021,0.56738377
TCGA-60-2708,LUSC,CD276,0.43725306,1.6727341
TCGA-60-2708,LUSC,LAG3,-0.33170947,-1.2887204
TCGA-60-2708,LUSC,PDCD1LG2,-0.1843901,1.826211
TCGA-60-2708,LUSC,TIGIT,-0.38620237,-1.0887377
TCGA-60-2708,LUSC,APM,-0.30817437,-0.7497374
TCGA-60-2708,LUSC,TIS,-0.33128518,-0.42960373
TCGA-77-7463,LUSC,TMB,0.10699894,0.7247323
TCGA-77-7463,LUSC,PSMB5,0.2059979,1.8610804
TCGA-77-7463,LUSC,PSMB6,0.3130851,1.4777782
TCGA-77-7463,LUSC,PSMB7,0.442823,-0.14763276
TCGA-77-7463,LUSC,PSMB8,-0.19767518,-2.3275378
TCGA-77-7463,LUSC,PSMB9,-0.12621969,-0.98882276
TCGA-77-7463,LUSC,PSMB10,-0.20108621,-2.098018
TCGA-77-7463,LUSC,TAP1,-0.0017816707,-1.0312785
TCGA-77-7463,LUSC,TAP2,0.13199474,-1.3933277
TCGA-77-7463,LUSC,ERAP1,0.07138317,-1.0373162
TCGA-77-7463,LUSC,ERAP2,0.0238989,-1.4743264
TCGA-77-7463,LUSC,TAPBP,0.002338639,-0.61892486
TCGA-77-7463,LUSC,CANX,-0.03222769,-0.94457495
TCGA-77-7463,LUSC,CALR,0.051792394,-2.1085875
TCGA-77-7463,LUSC,PDIA3,0.2664145,0.070336774
TCGA-77-7463,LUSC,B2M,-0.15714243,-1.2587306
TCGA-77-7463,LUSC,HLA-A,-0.24904458,-2.037467
TCGA-77-7463,LUSC,HLA-B,-0.23613492,-1.8000702
TCGA-77-7463,LUSC,HLA-C,-0.2775709,-2.6859088
TCGA-77-7463,LUSC,HLA-DQA1,-0.51915157,-1.3301417
TCGA-77-7463,LUSC,HLA-DRB1,-0.5285574,-1.2207526
TCGA-77-7463,LUSC,CMKLR1,-0.49351567,-0.75848174
TCGA-77-7463,LUSC,HLA-E,-0.29870567,-1.2802263
TCGA-77-7463,LUSC,NKG7,-0.2850544,-0.73549956
TCGA-77-7463,LUSC,CD8A,-0.33363792,-1.395467
TCGA-77-7463,LUSC,CCL5,-0.2512413,-1.0293522
TCGA-77-7463,LUSC,CXCL9,-0.32751673,-0.81049997
TCGA-77-7463,LUSC,CD27,-0.51015055,-1.7295607
TCGA-77-7463,LUSC,CXCR6,-0.5092454,-1.0549977
TCGA-77-7463,LUSC,IDO1,-0.10326388,-1.1052862
TCGA-77-7463,LUSC,STAT1,-0.07639406,-1.5522379
TCGA-77-7463,LUSC,CD274,0.13623044,0.7332883
TCGA-77-7463,LUSC,CD276,0.5370915,0.28045273
TCGA-77-7463,LUSC,LAG3,-0.26613268,-1.1064589
TCGA-77-7463,LUSC,PDCD1LG2,-0.03611429,-0.29164913
TCGA-77-7463,LUSC,TIGIT,-0.38895774,-1.1091734
TCGA-77-7463,LUSC,APM,-0.057332862,-1.962234
TCGA-77-7463,LUSC,TIS,-0.19529304,-1.4292443
TCGA-66-2791,LUSC,TMB,0.316465,0.34864804
TCGA-66-2791,LUSC,PSMB5,0.292128,1.2377088
TCGA-66-2791,LUSC,PSMB6,0.21026452,0.36989328
TCGA-66-2791,LUSC,PSMB7,0.4679337,1.5423689
TCGA-66-2791,LUSC,PSMB8,1.0569931,0.7544778
TCGA-66-2791,LUSC,PSMB9,1.3310623,0.9710457
TCGA-66-2791,LUSC,PSMB10,0.97691804,0.60946614
TCGA-66-2791,LUSC,TAP1,1.3888178,1.3867744
TCGA-66-2791,LUSC,TAP2,0.9768208,1.6640717
TCGA-66-2791,LUSC,ERAP1,0.55813897,0.17867638
TCGA-66-2791,LUSC,ERAP2,0.33318925,0.37354678
TCGA-66-2791,LUSC,TAPBP,0.6773256,0.69801205
TCGA-66-2791,LUSC,CANX,0.27987248,1.3903962
TCGA-66-2791,LUSC,CALR,0.41003188,0.1929815
TCGA-66-2791,LUSC,PDIA3,-0.2172583,-0.96980745
TCGA-66-2791,LUSC,B2M,1.0559498,0.7561339
TCGA-66-2791,LUSC,HLA-A,0.86735237,0.3366377
TCGA-66-2791,LUSC,HLA-B,0.9776778,0.26045978
TCGA-66-2791,LUSC,HLA-C,0.8552933,0.5068661
TCGA-66-2791,LUSC,HLA-DQA1,0.86356366,0.7646285
TCGA-66-2791,LUSC,HLA-DRB1,0.7887623,0.33431533
TCGA-66-2791,LUSC,CMKLR1,0.8431147,1.1221923
TCGA-66-2791,LUSC,HLA-E,0.74779546,0.6615486
TCGA-66-2791,LUSC,NKG7,1.1840436,1.5914963
TCGA-66-2791,LUSC,CD8A,1.127241,1.3731331
TCGA-66-2791,LUSC,CCL5,1.0978152,1.0272919
TCGA-66-2791,LUSC,CXCL9,1.0409448,1.2225161
TCGA-66-2791,LUSC,CD27,0.6783541,1.1018878
TCGA-66-2791,LUSC,CXCR6,1.0768325,1.3948566
TCGA-66-2791,LUSC,IDO1,0.7503376,0.42621028
TCGA-66-2791,LUSC,STAT1,1.1185539,1.8405478
TCGA-66-2791,LUSC,CD274,0.9754408,2.1682518
TCGA-66-2791,LUSC,CD276,0.29290938,0.7621257
TCGA-66-2791,LUSC,LAG3,0.9891404,1.2458043
TCGA-66-2791,LUSC,PDCD1LG2,1.2068748,1.4945879
TCGA-66-2791,LUSC,TIGIT,0.9271647,1.2032639
TCGA-66-2791,LUSC,APM,1.1764257,1.0307906
TCGA-66-2791,LUSC,TIS,1.2669151,1.3280066
TCGA-68-7755,LUSC,TMB,0.36208475,0.343341
TCGA-68-7755,LUSC,PSMB5,0.51750743,0.4640315
TCGA-68-7755,LUSC,PSMB6,0.30690268,0.7973776
TCGA-68-7755,LUSC,PSMB7,0.39819032,0.97738
TCGA-68-7755,LUSC,PSMB8,-0.72285366,-0.6827027
TCGA-68-7755,LUSC,PSMB9,-0.5802649,-0.53898937
TCGA-68-7755,LUSC,PSMB10,-0.7788414,-0.9582143
TCGA-68-7755,LUSC,TAP1,-0.4963627,0.023095284
TCGA-68-7755,LUSC,TAP2,-0.30119753,1.0676136
TCGA-68-7755,LUSC,ERAP1,-0.6258323,-1.1165023
TCGA-68-7755,LUSC,ERAP2,-0.5139945,-0.117319986
TCGA-68-7755,LUSC,TAPBP,-0.64332503,-0.6617874
TCGA-68-7755,LUSC,CANX,-0.49666792,-0.30463374
TCGA-68-7755,LUSC,CALR,-0.07236875,-0.9450308
TCGA-68-7755,LUSC,PDIA3,-0.18918028,0.029350396
TCGA-68-7755,LUSC,B2M,-0.8492569,-1.0447369
TCGA-68-7755,LUSC,HLA-A,-0.754676,-1.5275881
TCGA-68-7755,LUSC,HLA-B,-0.79889345,-1.2619187
TCGA-68-7755,LUSC,HLA-C,-0.84098375,-0.7339442
TCGA-68-7755,LUSC,HLA-DQA1,-0.9141086,-0.9072695
TCGA-68-7755,LUSC,HLA-DRB1,-1.0099957,-1.146244
TCGA-68-7755,LUSC,CMKLR1,-0.833347,-0.998794
TCGA-68-7755,LUSC,HLA-E,-0.8794646,-0.9724945
TCGA-68-7755,LUSC,NKG7,-0.5364363,-0.73470503
TCGA-68-7755,LUSC,CD8A,-0.6155383,-0.8446846
TCGA-68-7755,LUSC,CCL5,-0.6039196,-1.1157653
TCGA-68-7755,LUSC,CXCL9,-0.4642496,0.32732505
TCGA-68-7755,LUSC,CD27,-0.62624663,-1.0325702
TCGA-68-7755,LUSC,CXCR6,-0.7323662,-0.85253525
TCGA-68-7755,LUSC,IDO1,-0.4410588,-0.96852744
TCGA-68-7755,LUSC,STAT1,-0.492807,-0.199125
TCGA-68-7755,LUSC,CD274,-0.20499015,1.3933754
TCGA-68-7755,LUSC,CD276,0.20108524,1.2604567
TCGA-68-7755,LUSC,LAG3,-0.35978436,-0.44991612
TCGA-68-7755,LUSC,PDCD1LG2,-0.5550339,0.5540797
TCGA-68-7755,LUSC,TIGIT,-0.6047472,-0.75744784
TCGA-68-7755,LUSC,APM,-0.79309547,-0.680887
TCGA-68-7755,LUSC,TIS,-0.7962719,-0.50557995
TCGA-18-3419,LUSC,TMB,0.29607835,0.4410107
TCGA-18-3419,LUSC,PSMB5,0.28886873,0.58943486
TCGA-18-3419,LUSC,PSMB6,0.27230424,-0.44876805
TCGA-18-3419,LUSC,PSMB7,0.519373,-1.2032205
TCGA-18-3419,LUSC,PSMB8,0.4397754,-0.3429493
TCGA-18-3419,LUSC,PSMB9,0.7445253,-0.24700283
TCGA-18-3419,LUSC,PSMB10,0.2613757,-0.458568
TCGA-18-3419,LUSC,TAP1,0.9459909,-0.043396898
TCGA-18-3419,LUSC,TAP2,0.7530023,-0.73986864
TCGA-18-3419,LUSC,ERAP1,0.417173,0.021980662
TCGA-18-3419,LUSC,ERAP2,0.19370738,0.35673538
TCGA-18-3419,LUSC,TAPBP,0.31315833,0.08589175
TCGA-18-3419,LUSC,CANX,-0.039369803,0.7347734
TCGA-18-3419,LUSC,CALR,0.1638045,1.7682579
TCGA-18-3419,LUSC,PDIA3,-0.2292687,-0.46650457
TCGA-18-3419,LUSC,B2M,0.5478165,-0.23935792
TCGA-18-3419,LUSC,HLA-A,0.28208688,-1.6769192
TCGA-18-3419,LUSC,HLA-B,0.43500242,-0.9034808
TCGA-18-3419,LUSC,HLA-C,0.33616796,-0.6775133
TCGA-18-3419,LUSC,HLA-DQA1,0.1941314,-0.70571905
TCGA-18-3419,LUSC,HLA-DRB1,0.05200256,-0.94896734
TCGA-18-3419,LUSC,CMKLR1,0.33707657,0.54492617
TCGA-18-3419,LUSC,HLA-E,0.29734334,0.048757065
TCGA-18-3419,LUSC,NKG7,0.8046986,0.43674648
TCGA-18-3419,LUSC,CD8A,0.72788167,0.70066446
TCGA-18-3419,LUSC,CCL5,0.79144114,-0.06926194
TCGA-18-3419,LUSC,CXCL9,0.70994806,0.80882114
TCGA-18-3419,LUSC,CD27,0.33480746,0.59237546
TCGA-18-3419,LUSC,CXCR6,0.58670676,0.90810144
TCGA-18-3419,LUSC,IDO1,0.53619254,1.6560098
TCGA-18-3419,LUSC,STAT1,0.7605621,0.94322145
TCGA-18-3419,LUSC,CD274,0.68790734,-0.14270993
TCGA-18-3419,LUSC,CD276,0.32757053,0.8537786
TCGA-18-3419,LUSC,LAG3,0.6755675,0.3034528
TCGA-18-3419,LUSC,PDCD1LG2,0.72400016,-0.008946018
TCGA-18-3419,LUSC,TIGIT,0.6088625,0.3718089
TCGA-18-3419,LUSC,APM,0.6287725,-0.39950353
TCGA-18-3419,LUSC,TIS,0.6825697,0.39148736
TCGA-18-4086,LUSC,TMB,0.07814111,-0.4403452
TCGA-18-4086,LUSC,PSMB5,0.25357702,0.8303355
TCGA-18-4086,LUSC,PSMB6,0.053311836,1.2382644
TCGA-18-4086,LUSC,PSMB7,0.2831108,0.86180025
TCGA-18-4086,LUSC,PSMB8,-0.42829546,0.30648345
TCGA-18-4086,LUSC,PSMB9,-0.25782916,0.084072135
TCGA-18-4086,LUSC,PSMB10,-0.5482701,-0.34450632
TCGA-18-4086,LUSC,TAP1,0.040261395,0.5051411
TCGA-18-4086,LUSC,TAP2,-0.034423325,0.1779831
TCGA-18-4086,LUSC,ERAP1,-0.00054885447,-0.3782311
TCGA-18-4086,LUSC,ERAP2,-0.15490428,0.62842435
TCGA-18-4086,LUSC,TAPBP,-0.29531652,-0.1350002
TCGA-18-4086,LUSC,CANX,-0.25060117,-0.48864836
TCGA-18-4086,LUSC,CALR,-0.05927206,-0.56912106
TCGA-18-4086,LUSC,PDIA3,-0.1264076,-0.9350395
TCGA-18-4086,LUSC,B2M,-0.24805489,0.55239785
TCGA-18-4086,LUSC,HLA-A,-0.47266778,0.05621412
TCGA-18-4086,LUSC,HLA-B,-0.43054575,0.30099353
TCGA-18-4086,LUSC,HLA-C,-0.47108984,0.26257935
TCGA-18-4086,LUSC,HLA-DQA1,-0.5395106,-0.35474285
TCGA-18-4086,LUSC,HLA-DRB1,-0.64790004,-0.3820886
TCGA-18-4086,LUSC,CMKLR1,-0.43591803,-0.18831535
TCGA-18-4086,LUSC,HLA-E,-0.4365788,-0.30763823
TCGA-18-4086,LUSC,NKG7,-0.38836816,0.30473876
TCGA-18-4086,LUSC,CD8A,-0.38886505,0.028499242
TCGA-18-4086,LUSC,CCL5,-0.3298573,0.13399202
TCGA-18-4086,LUSC,CXCL9,-0.31187576,0.35116053
TCGA-18-4086,LUSC,CD27,-0.41194972,0.7901704
TCGA-18-4086,LUSC,CXCR6,-0.44895792,0.2736313
TCGA-18-4086,LUSC,IDO1,-0.26692912,-0.7557172
TCGA-18-4086,LUSC,STAT1,-0.030863577,0.12740086
TCGA-18-4086,LUSC,CD274,0.17615989,0.96683955
TCGA-18-4086,LUSC,CD276,0.5864072,0.822752
TCGA-18-4086,LUSC,LAG3,-0.4070634,-0.0904719
TCGA-18-4086,LUSC,PDCD1LG2,0.018392717,0.3680723
TCGA-18-4086,LUSC,TIGIT,-0.36242336,-0.39937574
TCGA-18-4086,LUSC,APM,-0.30782226,0.34144637
TCGA-18-4086,LUSC,TIS,-0.32381704,-0.011765593
TCGA-66-2789,LUSC,TMB,-0.02212108,0.52317315
TCGA-66-2789,LUSC,PSMB5,0.15320492,-0.4601882
TCGA-66-2789,LUSC,PSMB6,-0.018695846,-0.05173209
TCGA-66-2789,LUSC,PSMB7,0.11050644,-0.78969353
TCGA-66-2789,LUSC,PSMB8,-0.4723789,-0.3747577
TCGA-66-2789,LUSC,PSMB9,-0.4771956,-0.5507558
TCGA-66-2789,LUSC,PSMB10,-0.5800268,-1.082279
TCGA-66-2789,LUSC,TAP1,-0.26607853,-0.3429791
TCGA-66-2789,LUSC,TAP2,-0.44030088,-0.87407196
TCGA-66-2789,LUSC,ERAP1,-0.4250794,-0.45405024
TCGA-66-2789,LUSC,ERAP2,-0.3647478,-0.09121629
TCGA-66-2789,LUSC,TAPBP,-0.47186834,-0.72915775
TCGA-66-2789,LUSC,CANX,-0.30034512,0.2117796
TCGA-66-2789,LUSC,CALR,0.142652,1.0485713
TCGA-66-2789,LUSC,PDIA3,-0.061322402,0.90447176
TCGA-66-2789,LUSC,B2M,-0.3709692,0.6979716
TCGA-66-2789,LUSC,HLA-A,-0.49193913,-0.3116173
TCGA-66-2789,LUSC,HLA-B,-0.56537884,-0.068640254
TCGA-66-2789,LUSC,HLA-C,-0.44981775,0.46797198
TCGA-66-2789,LUSC,HLA-DQA1,-0.53397214,0.1236124
TCGA-66-2789,LUSC,HLA-DRB1,-0.49472004,0.2120531
TCGA-66-2789,LUSC,CMKLR1,-0.42124587,-0.13465449
TCGA-66-2789,LUSC,HLA-E,-0.38086265,0.23272571
TCGA-66-2789,LUSC,NKG7,-0.61019516,-0.5039439
TCGA-66-2789,LUSC,CD8A,-0.6210542,-0.87161577
TCGA-66-2789,LUSC,CCL5,-0.56937903,-0.6416913
TCGA-66-2789,LUSC,CXCL9,-0.5641954,-0.64818674
TCGA-66-2789,LUSC,CD27,-0.44665903,-0.095881835
TCGA-66-2789,LUSC,CXCR6,-0.5447774,-0.37553152
TCGA-66-2789,LUSC,IDO1,-0.4595944,1.1455895
TCGA-66-2789,LUSC,STAT1,-0.44064736,-0.5077067
TCGA-66-2789,LUSC,CD274,-0.30035627,-0.47463843
TCGA-66-2789,LUSC,CD276,0.54148185,0.89833975
TCGA-66-2789,LUSC,LAG3,-0.5436874,-0.9435648
TCGA-66-2789,LUSC,PDCD1LG2,-0.28296107,-0.019275354
TCGA-66-2789,LUSC,TIGIT,-0.64723694,-1.0004424
TCGA-66-2789,LUSC,APM,-0.567153,-0.22991353
TCGA-66-2789,LUSC,TIS,-0.5715574,-0.3754155
TCGA-66-2754,LUSC,TMB,0.532832,0.289179
TCGA-66-2754,LUSC,PSMB5,0.6145545,0.2951158
TCGA-66-2754,LUSC,PSMB6,0.43208766,1.9132972
TCGA-66-2754,LUSC,PSMB7,0.465357,0.5079131
TCGA-66-2754,LUSC,PSMB8,-0.20831457,-1.079876
TCGA-66-2754,LUSC,PSMB9,-0.08451033,-1.5515401
TCGA-66-2754,LUSC,PSMB10,-0.44634762,-1.3194387
TCGA-66-2754,LUSC,TAP1,0.08417388,-1.9337045
TCGA-66-2754,LUSC,TAP2,-0.27086335,-1.8204285
TCGA-66-2754,LUSC,ERAP1,-0.4354636,-1.4638913
TCGA-66-2754,LUSC,ERAP2,-0.36327523,-0.61739844
TCGA-66-2754,LUSC,TAPBP,-0.59031457,-2.9376285
TCGA-66-2754,LUSC,CANX,-0.05464524,0.05266723
TCGA-66-2754,LUSC,CALR,0.27469498,0.085146956
TCGA-66-2754,LUSC,PDIA3,-0.2212822,-1.232215
TCGA-66-2754,LUSC,B2M,-0.27206326,-1.3684869
TCGA-66-2754,LUSC,HLA-A,-0.46061224,-1.4181703
TCGA-66-2754,LUSC,HLA-B,-0.53117037,-2.0651295
TCGA-66-2754,LUSC,HLA-C,-0.48458624,-2.2177687
TCGA-66-2754,LUSC,HLA-DQA1,-0.4291346,-1.0519532
TCGA-66-2754,LUSC,HLA-DRB1,-0.5952219,-1.3130778
TCGA-66-2754,LUSC,CMKLR1,-0.24553218,-0.74954486
TCGA-66-2754,LUSC,HLA-E,-0.6980097,-1.9057733
TCGA-66-2754,LUSC,NKG7,-0.19823849,-0.94125277
TCGA-66-2754,LUSC,CD8A,-0.18479145,-0.98405844
TCGA-66-2754,LUSC,CCL5,-0.2922733,-1.1916801
TCGA-66-2754,LUSC,CXCL9,-0.12922275,-0.8706791
TCGA-66-2754,LUSC,CD27,-0.30029958,-1.3966926
TCGA-66-2754,LUSC,CXCR6,-0.26947278,-0.8791842
TCGA-66-2754,LUSC,IDO1,-0.29420006,-0.8067822
TCGA-66-2754,LUSC,STAT1,-0.032068692,-0.78396165
TCGA-66-2754,LUSC,CD274,0.08861508,-1.2217497
TCGA-66-2754,LUSC,CD276,0.28332162,-0.07369997
TCGA-66-2754,LUSC,LAG3,-0.09547617,-0.7488548
TCGA-66-2754,LUSC,PDCD1LG2,-0.04693097,-1.0110589
TCGA-66-2754,LUSC,TIGIT,-0.38732916,-1.2297255
TCGA-66-2754,LUSC,APM,-0.37008762,-1.9207395
TCGA-66-2754,LUSC,TIS,-0.32872325,-1.6666865
TCGA-94-A5I6,LUSC,TMB,0.4630066,-0.29324454
TCGA-94-A5I6,LUSC,PSMB5,0.593437,-0.17096901
TCGA-94-A5I6,LUSC,PSMB6,0.38931927,0.1616274
TCGA-94-A5I6,LUSC,PSMB7,0.5228973,-0.5028008
TCGA-94-A5I6,LUSC,PSMB8,-0.34201947,-1.0611886
TCGA-94-A5I6,LUSC,PSMB9,-0.27578944,-1.0764431
TCGA-94-A5I6,LUSC,PSMB10,-0.42653006,-1.11565
TCGA-94-A5I6,LUSC,TAP1,-0.2953311,-0.78350985
TCGA-94-A5I6,LUSC,TAP2,-0.085139856,-0.717055
TCGA-94-A5I6,LUSC,ERAP1,-0.561268,-0.3164135
TCGA-94-A5I6,LUSC,ERAP2,-0.40844074,-0.26690587
TCGA-94-A5I6,LUSC,TAPBP,-0.32318026,-0.75155085
TCGA-94-A5I6,LUSC,CANX,-0.38700813,0.3166762
TCGA-94-A5I6,LUSC,CALR,0.10228832,-0.05871826
TCGA-94-A5I6,LUSC,PDIA3,0.23840289,0.6270181
TCGA-94-A5I6,LUSC,B2M,-0.59870213,-1.2182593
TCGA-94-A5I6,LUSC,HLA-A,-0.4163019,-0.94526786
TCGA-94-A5I6,LUSC,HLA-B,-0.54254246,-1.4823209
TCGA-94-A5I6,LUSC,HLA-C,-0.5765247,-1.3859146
TCGA-94-A5I6,LUSC,HLA-DQA1,-0.9123648,-1.1821643
TCGA-94-A5I6,LUSC,HLA-DRB1,-0.84818184,-1.281974
TCGA-94-A5I6,LUSC,CMKLR1,-0.894376,-1.0902541
TCGA-94-A5I6,LUSC,HLA-E,-0.676354,-1.3867908
TCGA-94-A5I6,LUSC,NKG7,-0.44201794,-1.1390918
TCGA-94-A5I6,LUSC,CD8A,-0.5813302,-1.3784255
TCGA-94-A5I6,LUSC,CCL5,-0.45585036,-1.3346814
TCGA-94-A5I6,LUSC,CXCL9,-0.53958446,-0.862175
TCGA-94-A5I6,LUSC,CD27,-0.7112462,-1.1881809
TCGA-94-A5I6,LUSC,CXCR6,-0.7826141,-1.282528
TCGA-94-A5I6,LUSC,IDO1,-0.43597323,-1.438415
TCGA-94-A5I6,LUSC,STAT1,-0.4130358,-0.43923494
TCGA-94-A5I6,LUSC,CD274,-0.18413764,0.3996234
TCGA-94-A5I6,LUSC,CD276,0.256267,1.0890723
TCGA-94-A5I6,LUSC,LAG3,-0.30384335,-1.1336681
TCGA-94-A5I6,LUSC,PDCD1LG2,-0.54408383,-0.36616495
TCGA-94-A5I6,LUSC,TIGIT,-0.57881945,-1.0679059
TCGA-94-A5I6,LUSC,APM,-0.37667623,-1.0997375
TCGA-94-A5I6,LUSC,TIS,-0.6445878,-1.145863
TCGA-56-7580,LUSC,TMB,-0.18370911,-0.5637953
TCGA-56-7580,LUSC,PSMB5,-0.395497,0.9234935
TCGA-56-7580,LUSC,PSMB6,-0.28626603,0.93961287
TCGA-56-7580,LUSC,PSMB7,-0.25418907,-0.22473976
TCGA-56-7580,LUSC,PSMB8,-0.31156293,-0.19711573
TCGA-56-7580,LUSC,PSMB9,-0.32184514,-0.52357113
TCGA-56-7580,LUSC,PSMB10,-0.2864863,-0.79947263
TCGA-56-7580,LUSC,TAP1,-0.22068861,-0.33605492
TCGA-56-7580,LUSC,TAP2,-0.14731048,-0.46469718
TCGA-56-7580,LUSC,ERAP1,0.21752954,0.2925078
TCGA-56-7580,LUSC,ERAP2,0.03806426,-0.60656154
TCGA-56-7580,LUSC,TAPBP,0.02782029,0.7868028
TCGA-56-7580,LUSC,CANX,0.0074237376,-1.1116024
TCGA-56-7580,LUSC,CALR,-0.06440887,-0.28674757
TCGA-56-7580,LUSC,PDIA3,0.11576793,-0.099569686
TCGA-56-7580,LUSC,B2M,-0.11689317,-0.60332114
TCGA-56-7580,LUSC,HLA-A,-0.2705688,-0.14537856
TCGA-56-7580,LUSC,HLA-B,-0.12153985,-0.5520467
TCGA-56-7580,LUSC,HLA-C,-0.18647629,-0.8451419
TCGA-56-7580,LUSC,HLA-DQA1,-0.07925904,-1.205035
TCGA-56-7580,LUSC,HLA-DRB1,-0.073148824,-1.4384223
TCGA-56-7580,LUSC,CMKLR1,0.031279616,-1.1042724
TCGA-56-7580,LUSC,HLA-E,0.013471073,-0.7496741
TCGA-56-7580,LUSC,NKG7,-0.2752973,-0.3507627
TCGA-56-7580,LUSC,CD8A,-0.21897903,-0.7427248
TCGA-56-7580,LUSC,CCL5,-0.14712368,-0.6476559
TCGA-56-7580,LUSC,CXCL9,-0.22176704,-1.1756386
TCGA-56-7580,LUSC,CD27,-0.025170868,-0.60550034
TCGA-56-7580,LUSC,CXCR6,-0.10077198,-0.5254221
TCGA-56-7580,LUSC,IDO1,-0.24460241,-0.7313041
TCGA-56-7580,LUSC,STAT1,-0.13777253,-1.4136895
TCGA-56-7580,LUSC,CD274,-0.29610634,-1.1449751
TCGA-56-7580,LUSC,CD276,0.0130625665,0.44140625
TCGA-56-7580,LUSC,LAG3,-0.24619384,-0.4737892
TCGA-56-7580,LUSC,PDCD1LG2,-0.18671371,-1.0421231
TCGA-56-7580,LUSC,TIGIT,-0.054092996,-0.6342228
TCGA-56-7580,LUSC,APM,-0.23704939,-0.41240975
TCGA-56-7580,LUSC,TIS,-0.18215525,-1.1739126
TCGA-77-A5G8,LUSC,TMB,-0.005341982,-0.0099160215
TCGA-77-A5G8,LUSC,PSMB5,0.15337108,0.65392894
TCGA-77-A5G8,LUSC,PSMB6,0.12743178,-0.03546682
TCGA-77-A5G8,LUSC,PSMB7,0.30309713,-0.37797636
TCGA-77-A5G8,LUSC,PSMB8,-0.23870611,-1.5262923
TCGA-77-A5G8,LUSC,PSMB9,-0.12842706,-0.8258167
TCGA-77-A5G8,LUSC,PSMB10,-0.20587333,-0.564393
TCGA-77-A5G8,LUSC,TAP1,0.06770305,-0.802076
TCGA-77-A5G8,LUSC,TAP2,0.05041639,-0.29056638
TCGA-77-A5G8,LUSC,ERAP1,-0.06572147,-1.038784
TCGA-77-A5G8,LUSC,ERAP2,-0.06359789,-1.3291018
TCGA-77-A5G8,LUSC,TAPBP,-0.029702341,-1.126158
TCGA-77-A5G8,LUSC,CANX,-0.4134364,-1.224315
TCGA-77-A5G8,LUSC,CALR,-0.02188362,-0.27452552
TCGA-77-A5G8,LUSC,PDIA3,-0.095483296,0.22518131
TCGA-77-A5G8,LUSC,B2M,-0.16112393,-0.88287115
TCGA-77-A5G8,LUSC,HLA-A,-0.22402394,-1.034709
TCGA-77-A5G8,LUSC,HLA-B,-0.2005361,-1.1228671
TCGA-77-A5G8,LUSC,HLA-C,-0.21414173,-1.4529678
TCGA-77-A5G8,LUSC,HLA-DQA1,-0.32907218,0.13616206
TCGA-77-A5G8,LUSC,HLA-DRB1,-0.34687057,-0.37153107
TCGA-77-A5G8,LUSC,CMKLR1,-0.2855367,-0.5174612
TCGA-77-A5G8,LUSC,HLA-E,-0.15593307,-1.0800759
TCGA-77-A5G8,LUSC,NKG7,-0.024401456,0.25973952
TCGA-77-A5G8,LUSC,CD8A,-0.08746012,-0.3580318
TCGA-77-A5G8,LUSC,CCL5,-0.05672425,-0.06332819
TCGA-77-A5G8,LUSC,CXCL9,-0.030396542,0.122440815
TCGA-77-A5G8,LUSC,CD27,-0.08289911,-0.42424524
TCGA-77-A5G8,LUSC,CXCR6,-0.17050962,-0.65744245
TCGA-77-A5G8,LUSC,IDO1,-0.14766863,-0.39871928
TCGA-77-A5G8,LUSC,STAT1,-0.044451218,-0.60367036
TCGA-77-A5G8,LUSC,CD274,0.086108014,0.69472265
TCGA-77-A5G8,LUSC,CD276,0.4935921,0.08217767
TCGA-77-A5G8,LUSC,LAG3,0.016706904,-0.1260359
TCGA-77-A5G8,LUSC,PDCD1LG2,-0.013652665,0.07749857
TCGA-77-A5G8,LUSC,TIGIT,-0.09927289,-0.52317166
TCGA-77-A5G8,LUSC,APM,-0.11045329,-1.3044008
TCGA-77-A5G8,LUSC,TIS,-0.11265527,-0.5316909
TCGA-34-2596,LUSC,TMB,0.11072781,0.13814135
TCGA-34-2596,LUSC,PSMB5,0.31794637,-0.42813095
TCGA-34-2596,LUSC,PSMB6,0.5135902,0.9450022
TCGA-34-2596,LUSC,PSMB7,0.58896077,1.2334337
TCGA-34-2596,LUSC,PSMB8,0.22462454,-1.0267828
TCGA-34-2596,LUSC,PSMB9,0.28564915,-0.83847344
TCGA-34-2596,LUSC,PSMB10,0.11893536,-0.779698
TCGA-34-2596,LUSC,TAP1,0.18366703,-0.5090583
TCGA-34-2596,LUSC,TAP2,0.18941252,-0.63935935
TCGA-34-2596,LUSC,ERAP1,0.11478491,0.91646016
TCGA-34-2596,LUSC,ERAP2,0.0666758,-0.4876306
TCGA-34-2596,LUSC,TAPBP,0.086501226,-0.9760452
TCGA-34-2596,LUSC,CANX,0.08977942,-0.53295124
TCGA-34-2596,LUSC,CALR,0.21797702,-0.57014143
TCGA-34-2596,LUSC,PDIA3,0.42172736,0.14324297
TCGA-34-2596,LUSC,B2M,0.12320105,-0.7500311
TCGA-34-2596,LUSC,HLA-A,0.1145889,-1.2236987
TCGA-34-2596,LUSC,HLA-B,0.04555093,-1.0389972
TCGA-34-2596,LUSC,HLA-C,0.06513417,-1.1005507
TCGA-34-2596,LUSC,HLA-DQA1,-0.17136082,-0.3910431
TCGA-34-2596,LUSC,HLA-DRB1,-0.13797323,-0.5070394
TCGA-34-2596,LUSC,CMKLR1,-0.17779838,0.0019997463
TCGA-34-2596,LUSC,HLA-E,-0.094579026,-0.7380211
TCGA-34-2596,LUSC,NKG7,0.3904769,-0.060221277
TCGA-34-2596,LUSC,CD8A,0.30920187,-0.39147928
TCGA-34-2596,LUSC,CCL5,0.3939451,-0.5590958
TCGA-34-2596,LUSC,CXCL9,0.16889343,-0.36777148
TCGA-34-2596,LUSC,CD27,0.041305218,0.2685012
TCGA-34-2596,LUSC,CXCR6,0.08019357,-0.75987893
TCGA-34-2596,LUSC,IDO1,0.13309552,-1.2565969
TCGA-34-2596,LUSC,STAT1,0.2171489,0.29190168
TCGA-34-2596,LUSC,CD274,0.24462137,2.7808766
TCGA-34-2596,LUSC,CD276,0.1501024,1.9896625
TCGA-34-2596,LUSC,LAG3,0.37240243,-0.35017595
TCGA-34-2596,LUSC,PDCD1LG2,0.1535277,2.6153166
TCGA-34-2596,LUSC,TIGIT,0.17932002,-0.15777275
TCGA-34-2596,LUSC,APM,0.29013854,-0.83104163
TCGA-34-2596,LUSC,TIS,0.27520472,0.59589314
TCGA-56-A4ZJ,LUSC,TMB,0.049190085,-0.9599455
TCGA-56-A4ZJ,LUSC,PSMB5,0.046136707,-0.55958617
TCGA-56-A4ZJ,LUSC,PSMB6,-0.12951626,-0.6825094
TCGA-56-A4ZJ,LUSC,PSMB7,-0.055825632,-1.0851842
TCGA-56-A4ZJ,LUSC,PSMB8,-0.44430915,-0.4065704
TCGA-56-A4ZJ,LUSC,PSMB9,-0.3638862,-0.32873276
TCGA-56-A4ZJ,LUSC,PSMB10,-0.43047923,-0.07200367
TCGA-56-A4ZJ,LUSC,TAP1,-0.17019804,-0.5134118
TCGA-56-A4ZJ,LUSC,TAP2,-0.042291507,0.34831473
TCGA-56-A4ZJ,LUSC,ERAP1,-0.08766138,0.020017896
TCGA-56-A4ZJ,LUSC,ERAP2,-0.19095877,1.076834
TCGA-56-A4ZJ,LUSC,TAPBP,-0.18102045,0.49077016
TCGA-56-A4ZJ,LUSC,CANX,-0.3259365,-0.37113744
TCGA-56-A4ZJ,LUSC,CALR,-0.1398474,0.34770575
TCGA-56-A4ZJ,LUSC,PDIA3,-0.2653239,0.5011831
TCGA-56-A4ZJ,LUSC,B2M,-0.38918027,0.30634588
TCGA-56-A4ZJ,LUSC,HLA-A,-0.34207648,-0.17110236
TCGA-56-A4ZJ,LUSC,HLA-B,-0.33197445,0.41157258
TCGA-56-A4ZJ,LUSC,HLA-C,-0.39980108,0.027465047
TCGA-56-A4ZJ,LUSC,HLA-DQA1,-0.4310898,0.6063853
TCGA-56-A4ZJ,LUSC,HLA-DRB1,-0.45545703,0.79347336
TCGA-56-A4ZJ,LUSC,CMKLR1,-0.34650585,0.9913654
TCGA-56-A4ZJ,LUSC,HLA-E,-0.14175643,0.54088986
TCGA-56-A4ZJ,LUSC,NKG7,-0.4846312,-0.045296364
TCGA-56-A4ZJ,LUSC,CD8A,-0.5053974,-0.51415795
TCGA-56-A4ZJ,LUSC,CCL5,-0.41614547,0.043580238
TCGA-56-A4ZJ,LUSC,CXCL9,-0.4322318,0.073173165
TCGA-56-A4ZJ,LUSC,CD27,-0.42906356,-0.74490905
TCGA-56-A4ZJ,LUSC,CXCR6,-0.47932935,-0.092498116
TCGA-56-A4ZJ,LUSC,IDO1,-0.21568605,-0.2406044
TCGA-56-A4ZJ,LUSC,STAT1,-0.22266951,-0.5336932
TCGA-56-A4ZJ,LUSC,CD274,-0.17123097,-0.43863714
TCGA-56-A4ZJ,LUSC,CD276,0.3738024,0.8087235
TCGA-56-A4ZJ,LUSC,LAG3,-0.43625802,-0.7457744
TCGA-56-A4ZJ,LUSC,PDCD1LG2,-0.19741048,0.21843867
TCGA-56-A4ZJ,LUSC,TIGIT,-0.4309865,-0.69301313
TCGA-56-A4ZJ,LUSC,APM,-0.3715749,0.07312606
TCGA-56-A4ZJ,LUSC,TIS,-0.41528374,0.007192012
TCGA-77-8145,LUSC,TMB,0.3135066,-0.5150687
TCGA-77-8145,LUSC,PSMB5,0.07136648,0.65173024
TCGA-77-8145,LUSC,PSMB6,0.060183693,-0.7036554
TCGA-77-8145,LUSC,PSMB7,-0.078907736,1.3990997
TCGA-77-8145,LUSC,PSMB8,-0.20580646,-0.97318804
TCGA-77-8145,LUSC,PSMB9,-0.12871979,-0.79251224
TCGA-77-8145,LUSC,PSMB10,-0.30658644,-1.2716774
TCGA-77-8145,LUSC,TAP1,-0.17264178,-0.46406725
TCGA-77-8145,LUSC,TAP2,-0.07984044,-1.2010175
TCGA-77-8145,LUSC,ERAP1,-0.23573628,-0.0073814527
TCGA-77-8145,LUSC,ERAP2,-0.08222629,-1.3964645
TCGA-77-8145,LUSC,TAPBP,0.05530528,-0.03728918
TCGA-77-8145,LUSC,CANX,-0.1839908,-1.0652031
TCGA-77-8145,LUSC,CALR,0.10892904,1.0744898
TCGA-77-8145,LUSC,PDIA3,0.013384456,0.11003474
TCGA-77-8145,LUSC,B2M,-0.23293194,-0.50351304
TCGA-77-8145,LUSC,HLA-A,-0.15433612,0.12339222
TCGA-77-8145,LUSC,HLA-B,-0.12537356,-0.54689014
TCGA-77-8145,LUSC,HLA-C,-0.15631682,0.30130997
TCGA-77-8145,LUSC,HLA-DQA1,-0.41380396,-1.0103288
TCGA-77-8145,LUSC,HLA-DRB1,-0.42498225,-1.1865708
TCGA-77-8145,LUSC,CMKLR1,-0.3075871,-0.92060566
TCGA-77-8145,LUSC,HLA-E,-0.17449775,-0.6877917
TCGA-77-8145,LUSC,NKG7,-0.3341535,-1.0528419
TCGA-77-8145,LUSC,CD8A,-0.32207367,-1.379984
TCGA-77-8145,LUSC,CCL5,-0.20946646,-0.98233974
TCGA-77-8145,LUSC,CXCL9,-0.3053019,-1.048735
TCGA-77-8145,LUSC,CD27,-0.240804,-0.6467512
TCGA-77-8145,LUSC,CXCR6,-0.35573128,-1.031954
TCGA-77-8145,LUSC,IDO1,-0.017932963,-0.81148607
TCGA-77-8145,LUSC,STAT1,-0.11634721,-0.27009562
TCGA-77-8145,LUSC,CD274,-0.20789485,-0.48395118
TCGA-77-8145,LUSC,CD276,0.20200403,1.9440349
TCGA-77-8145,LUSC,LAG3,-0.19738038,-0.34955093
TCGA-77-8145,LUSC,PDCD1LG2,-0.22856076,-0.16332713
TCGA-77-8145,LUSC,TIGIT,-0.25011402,-0.8969085
TCGA-77-8145,LUSC,APM,-0.17463642,-0.61111087
TCGA-77-8145,LUSC,TIS,-0.28239104,-0.6919711
TCGA-NC-A5HR,LUSC,TMB,0.56513083,0.5418502
TCGA-NC-A5HR,LUSC,PSMB5,0.492498,0.34732598
TCGA-NC-A5HR,LUSC,PSMB6,0.49419418,-0.33335328
TCGA-NC-A5HR,LUSC,PSMB7,0.57200605,0.8474254
TCGA-NC-A5HR,LUSC,PSMB8,-0.3140533,-0.025872977
TCGA-NC-A5HR,LUSC,PSMB9,-0.054505855,0.26617345
TCGA-NC-A5HR,LUSC,PSMB10,-0.4547243,-0.5732462
TCGA-NC-A5HR,LUSC,TAP1,-0.14602715,-0.51511294
TCGA-NC-A5HR,LUSC,TAP2,-0.017424036,0.9490849
TCGA-NC-A5HR,LUSC,ERAP1,-0.4656343,-1.5497435
TCGA-NC-A5HR,LUSC,ERAP2,-0.41483998,-1.2789264
TCGA-NC-A5HR,LUSC,TAPBP,-0.4275771,-1.0639126
TCGA-NC-A5HR,LUSC,CANX,-0.6781212,-1.5349009
TCGA-NC-A5HR,LUSC,CALR,-0.06666018,-1.8520557
TCGA-NC-A5HR,LUSC,PDIA3,-0.27920657,-0.22071874
TCGA-NC-A5HR,LUSC,B2M,-0.5696355,-0.4674646
TCGA-NC-A5HR,LUSC,HLA-A,-0.46956712,-0.4148581
TCGA-NC-A5HR,LUSC,HLA-B,-0.44029862,-0.78525895
TCGA-NC-A5HR,LUSC,HLA-C,-0.55851907,-1.087719
TCGA-NC-A5HR,LUSC,HLA-DQA1,-0.7056002,-0.7774649
TCGA-NC-A5HR,LUSC,HLA-DRB1,-0.85124904,-0.83677506
TCGA-NC-A5HR,LUSC,CMKLR1,-0.68485737,-0.7060358
TCGA-NC-A5HR,LUSC,HLA-E,-0.5744485,-0.99331975
TCGA-NC-A5HR,LUSC,NKG7,-0.010281014,-0.4574863
TCGA-NC-A5HR,LUSC,CD8A,-0.122164115,-0.23024137
TCGA-NC-A5HR,LUSC,CCL5,-0.107670665,-0.21988785
TCGA-NC-A5HR,LUSC,CXCL9,-0.021358376,0.42021105
TCGA-NC-A5HR,LUSC,CD27,-0.42042112,-0.7850454
TCGA-NC-A5HR,LUSC,CXCR6,-0.36238804,-0.74713326
TCGA-NC-A5HR,LUSC,IDO1,-0.045427095,0.35912547
TCGA-NC-A5HR,LUSC,STAT1,-0.09752305,-0.6004326
TCGA-NC-A5HR,LUSC,CD274,0.034293316,0.79659563
TCGA-NC-A5HR,LUSC,CD276,-0.08998191,-0.5669286
TCGA-NC-A5HR,LUSC,LAG3,0.15889911,-0.27523047
TCGA-NC-A5HR,LUSC,PDCD1LG2,-0.3250281,0.15670551
TCGA-NC-A5HR,LUSC,TIGIT,-0.19495137,-0.5046142
TCGA-NC-A5HR,LUSC,APM,-0.39564326,-0.81375146
TCGA-NC-A5HR,LUSC,TIS,-0.39628667,-0.719845
TCGA-52-7812,LUSC,TMB,0.36933374,0.35393587
TCGA-52-7812,LUSC,PSMB5,0.07646062,0.8045873
TCGA-52-7812,LUSC,PSMB6,0.13772841,0.05530618
TCGA-52-7812,LUSC,PSMB7,0.36473608,1.1500626
TCGA-52-7812,LUSC,PSMB8,0.7525611,1.348928
TCGA-52-7812,LUSC,PSMB9,1.0040983,1.532138
TCGA-52-7812,LUSC,PSMB10,0.60154563,1.6167994
TCGA-52-7812,LUSC,TAP1,1.0169594,1.415376
TCGA-52-7812,LUSC,TAP2,0.91533345,1.7189515
TCGA-52-7812,LUSC,ERAP1,0.6713562,1.8129692
TCGA-52-7812,LUSC,ERAP2,0.3528362,-0.647198
TCGA-52-7812,LUSC,TAPBP,0.6148075,0.96334296
TCGA-52-7812,LUSC,CANX,0.28285828,0.6766919
TCGA-52-7812,LUSC,CALR,0.15693249,0.8583219
TCGA-52-7812,LUSC,PDIA3,-0.13194296,-0.2587924
TCGA-52-7812,LUSC,B2M,0.6500541,-0.4448424
TCGA-52-7812,LUSC,HLA-A,0.5641017,1.5639263
TCGA-52-7812,LUSC,HLA-B,0.7169156,1.4837393
TCGA-52-7812,LUSC,HLA-C,0.55457884,0.91765136
TCGA-52-7812,LUSC,HLA-DQA1,0.49982673,0.60537314
TCGA-52-7812,LUSC,HLA-DRB1,0.3662575,0.6155759
TCGA-52-7812,LUSC,CMKLR1,0.5836077,0.443797
TCGA-52-7812,LUSC,HLA-E,0.4386936,0.39142862
TCGA-52-7812,LUSC,NKG7,0.9638332,1.6238172
TCGA-52-7812,LUSC,CD8A,1.0052111,1.4510678
TCGA-52-7812,LUSC,CCL5,0.9414545,1.2445884
TCGA-52-7812,LUSC,CXCL9,0.867214,1.7059327
TCGA-52-7812,LUSC,CD27,0.51091075,-0.316744
TCGA-52-7812,LUSC,CXCR6,0.84280217,0.5443854
TCGA-52-7812,LUSC,IDO1,0.6559866,0.9943845
TCGA-52-7812,LUSC,STAT1,1.0255942,1.3292952
TCGA-52-7812,LUSC,CD274,0.6542611,1.6207289
TCGA-52-7812,LUSC,CD276,0.104554355,1.3049623
TCGA-52-7812,LUSC,LAG3,0.9204876,1.126231
TCGA-52-7812,LUSC,PDCD1LG2,0.80168927,0.71936864
TCGA-52-7812,LUSC,TIGIT,0.8278694,0.4093941
TCGA-52-7812,LUSC,APM,0.9204248,1.374563
TCGA-52-7812,LUSC,TIS,0.9834095,1.2022058
TCGA-63-7020,LUSC,TMB,0.08447556,-0.18999554
TCGA-63-7020,LUSC,PSMB5,0.14687492,0.2250942
TCGA-63-7020,LUSC,PSMB6,0.043562982,-0.1764888
TCGA-63-7020,LUSC,PSMB7,-0.014255506,-0.8191236
TCGA-63-7020,LUSC,PSMB8,0.06359705,0.978615
TCGA-63-7020,LUSC,PSMB9,0.1559008,0.9780219
TCGA-63-7020,LUSC,PSMB10,0.09343387,1.1397564
TCGA-63-7020,LUSC,TAP1,0.16863327,1.7304494
TCGA-63-7020,LUSC,TAP2,0.14053768,0.4610994
TCGA-63-7020,LUSC,ERAP1,-0.03579376,-0.3571319
TCGA-63-7020,LUSC,ERAP2,-0.0046627433,-1.0523834
TCGA-63-7020,LUSC,TAPBP,0.20541474,1.4620386
TCGA-63-7020,LUSC,CANX,-0.33572173,-0.16212286
TCGA-63-7020,LUSC,CALR,0.1273051,0.9771778
TCGA-63-7020,LUSC,PDIA3,-0.000119036435,0.9025454
TCGA-63-7020,LUSC,B2M,0.15175414,0.9805629
TCGA-63-7020,LUSC,HLA-A,0.12676683,0.9912477
TCGA-63-7020,LUSC,HLA-B,0.19807442,0.76628345
TCGA-63-7020,LUSC,HLA-C,0.19524027,0.87773
TCGA-63-7020,LUSC,HLA-DQA1,-0.11048738,-0.5355164
TCGA-63-7020,LUSC,HLA-DRB1,-0.10899019,-0.36959305
TCGA-63-7020,LUSC,CMKLR1,-0.042267647,0.36563697
TCGA-63-7020,LUSC,HLA-E,0.14610049,1.023179
TCGA-63-7020,LUSC,NKG7,0.1693677,0.82245034
TCGA-63-7020,LUSC,CD8A,0.058804788,0.46362105
TCGA-63-7020,LUSC,CCL5,0.2620624,0.5751612
TCGA-63-7020,LUSC,CXCL9,0.10000366,0.6319551
TCGA-63-7020,LUSC,CD27,0.2290636,0.27052462
TCGA-63-7020,LUSC,CXCR6,0.075003885,0.05049811
TCGA-63-7020,LUSC,IDO1,0.25769153,1.7284269
TCGA-63-7020,LUSC,STAT1,0.024854986,1.5662384
TCGA-63-7020,LUSC,CD274,-0.069335446,-0.3797222
TCGA-63-7020,LUSC,CD276,0.18440045,1.154855
TCGA-63-7020,LUSC,LAG3,0.14640453,1.0564606
TCGA-63-7020,LUSC,PDCD1LG2,-0.044927437,-0.036410663
TCGA-63-7020,LUSC,TIGIT,0.09794072,0.03339259
TCGA-63-7020,LUSC,APM,0.1615488,0.90881616
TCGA-63-7020,LUSC,TIS,0.15941282,0.71026444
TCGA-34-A5IX,LUSC,TMB,-0.004178929,0.3380145
TCGA-34-A5IX,LUSC,PSMB5,-0.06672404,-0.5409249
TCGA-34-A5IX,LUSC,PSMB6,-0.061694276,-0.03329218
TCGA-34-A5IX,LUSC,PSMB7,-0.056193214,0.20762534
TCGA-34-A5IX,LUSC,PSMB8,-0.6316494,-0.98798704
TCGA-34-A5IX,LUSC,PSMB9,-0.58620757,-1.1088305
TCGA-34-A5IX,LUSC,PSMB10,-0.5129864,-1.2657104
TCGA-34-A5IX,LUSC,TAP1,-0.44393831,-0.49128574
TCGA-34-A5IX,LUSC,TAP2,-0.27517456,0.6929854
TCGA-34-A5IX,LUSC,ERAP1,-0.22996478,-1.4277546
TCGA-34-A5IX,LUSC,ERAP2,-0.114053644,0.5492013
TCGA-34-A5IX,LUSC,TAPBP,-0.25513273,0.23680203
TCGA-34-A5IX,LUSC,CANX,-0.36690354,-1.817585
TCGA-34-A5IX,LUSC,CALR,-0.10561941,0.67062193
TCGA-34-A5IX,LUSC,PDIA3,0.15998857,0.3353145
TCGA-34-A5IX,LUSC,B2M,-0.48526382,-0.71311736
TCGA-34-A5IX,LUSC,HLA-A,-0.592338,-0.97310853
TCGA-34-A5IX,LUSC,HLA-B,-0.52988434,-1.1050225
TCGA-34-A5IX,LUSC,HLA-C,-0.53470266,-1.55815
TCGA-34-A5IX,LUSC,HLA-DQA1,-0.5365354,-0.8439889
TCGA-34-A5IX,LUSC,HLA-DRB1,-0.5665538,-1.057266
TCGA-34-A5IX,LUSC,CMKLR1,-0.5372132,-0.974766
TCGA-34-A5IX,LUSC,HLA-E,-0.50365984,-1.4240191
TCGA-34-A5IX,LUSC,NKG7,-0.5742045,-0.3281732
TCGA-34-A5IX,LUSC,CD8A,-0.66511166,-0.41445988
TCGA-34-A5IX,LUSC,CCL5,-0.5067035,1.0076706
TCGA-34-A5IX,LUSC,CXCL9,-0.4953207,-0.58718544
TCGA-34-A5IX,LUSC,CD27,-0.45218784,-1.5864544
TCGA-34-A5IX,LUSC,CXCR6,-0.61975485,-1.0801426
TCGA-34-A5IX,LUSC,IDO1,-0.48522443,-0.6037561
TCGA-34-A5IX,LUSC,STAT1,-0.44219422,-0.90914595
TCGA-34-A5IX,LUSC,CD274,-0.16278672,-0.5455001
TCGA-34-A5IX,LUSC,CD276,0.39053744,1.305094
TCGA-34-A5IX,LUSC,LAG3,-0.3744399,-0.54427093
TCGA-34-A5IX,LUSC,PDCD1LG2,-0.32455987,-1.0131861
TCGA-34-A5IX,LUSC,TIGIT,-0.4968307,-0.3457176
TCGA-34-A5IX,LUSC,APM,-0.56364954,-0.883314
TCGA-34-A5IX,LUSC,TIS,-0.5325801,-0.76274186
TCGA-66-2800,LUSC,TMB,0.26595777,-0.20541143
TCGA-66-2800,LUSC,PSMB5,0.27887323,0.52867526
TCGA-66-2800,LUSC,PSMB6,0.111982465,1.2598095
TCGA-66-2800,LUSC,PSMB7,0.29178613,0.21779855
TCGA-66-2800,LUSC,PSMB8,0.0103327725,-0.75833565
TCGA-66-2800,LUSC,PSMB9,0.16455154,-0.60876775
TCGA-66-2800,LUSC,PSMB10,-0.10106393,-0.76090866
TCGA-66-2800,LUSC,TAP1,0.36504832,-0.8152211
TCGA-66-2800,LUSC,TAP2,0.08951549,-1.6519148
TCGA-66-2800,LUSC,ERAP1,-0.069266975,-2.9309342
TCGA-66-2800,LUSC,ERAP2,-0.11655424,-1.5866826
TCGA-66-2800,LUSC,TAPBP,-0.12194209,-1.3456945
TCGA-66-2800,LUSC,CANX,-0.11091483,-0.6442668
TCGA-66-2800,LUSC,CALR,0.18094882,-0.16776738
TCGA-66-2800,LUSC,PDIA3,-0.13657853,-0.7353298
TCGA-66-2800,LUSC,B2M,0.10573125,-0.072052546
TCGA-66-2800,LUSC,HLA-A,-0.083450235,-0.3022684
TCGA-66-2800,LUSC,HLA-B,-0.056629308,-0.16448887
TCGA-66-2800,LUSC,HLA-C,-0.054178555,-0.46523133
TCGA-66-2800,LUSC,HLA-DQA1,-0.04942321,0.40308365
TCGA-66-2800,LUSC,HLA-DRB1,-0.14873908,0.18003485
TCGA-66-2800,LUSC,CMKLR1,0.046329446,0.6697844
TCGA-66-2800,LUSC,HLA-E,-0.054255366,-0.058874782
TCGA-66-2800,LUSC,NKG7,0.06484152,-0.19871424
TCGA-66-2800,LUSC,CD8A,0.03256645,-0.5627697
TCGA-66-2800,LUSC,CCL5,0.07317188,-0.6723835
TCGA-66-2800,LUSC,CXCL9,0.10395925,-0.2824397
TCGA-66-2800,LUSC,CD27,-0.017547306,-0.26984143
TCGA-66-2800,LUSC,CXCR6,0.04137283,-0.5300465
TCGA-66-2800,LUSC,IDO1,0.027657945,-0.9141267
TCGA-66-2800,LUSC,STAT1,0.23343639,-1.1885167
TCGA-66-2800,LUSC,CD274,0.19870894,0.04326185
TCGA-66-2800,LUSC,CD276,0.4122158,0.45213947
TCGA-66-2800,LUSC,LAG3,0.09630625,-0.9840202
TCGA-66-2800,LUSC,PDCD1LG2,0.2633876,1.0940285
TCGA-66-2800,LUSC,TIGIT,-0.009795776,-0.53486794
TCGA-66-2800,LUSC,APM,0.025811348,-1.034141
TCGA-66-2800,LUSC,TIS,0.11812949,-0.3220406
TCGA-43-3920,LUSC,TMB,0.21222934,0.23292531
TCGA-43-3920,LUSC,PSMB5,-0.2982089,1.2804438
TCGA-43-3920,LUSC,PSMB6,-0.33154908,1.2162282
TCGA-43-3920,LUSC,PSMB7,-0.1639862,-0.09614181
TCGA-43-3920,LUSC,PSMB8,-0.63970935,0.07640932
TCGA-43-3920,LUSC,PSMB9,-0.50999546,0.24951231
TCGA-43-3920,LUSC,PSMB10,-0.68141544,-0.09214036
TCGA-43-3920,LUSC,TAP1,-0.26490825,-0.18411466
TCGA-43-3920,LUSC,TAP2,-0.24304807,-1.4051689
TCGA-43-3920,LUSC,ERAP1,-0.065145016,-0.41369504
TCGA-43-3920,LUSC,ERAP2,-0.14289223,0.7281447
TCGA-43-3920,LUSC,TAPBP,-0.43360084,-2.720986
TCGA-43-3920,LUSC,CANX,-0.24252275,0.65266734
TCGA-43-3920,LUSC,CALR,-0.18479893,-0.8146747
TCGA-43-3920,LUSC,PDIA3,-0.115741864,0.02591977
TCGA-43-3920,LUSC,B2M,-0.530757,1.6014365
TCGA-43-3920,LUSC,HLA-A,-0.7481514,-0.74317664
TCGA-43-3920,LUSC,HLA-B,-0.5625318,-0.16760442
TCGA-43-3920,LUSC,HLA-C,-0.6459646,-0.009439055
TCGA-43-3920,LUSC,HLA-DQA1,-0.45888296,0.46046698
TCGA-43-3920,LUSC,HLA-DRB1,-0.623453,0.48473573
TCGA-43-3920,LUSC,CMKLR1,-0.24771161,-0.19856587
TCGA-43-3920,LUSC,HLA-E,-0.5753921,-0.46449745
TCGA-43-3920,LUSC,NKG7,-0.50188863,1.1052047
TCGA-43-3920,LUSC,CD8A,-0.41641706,1.1877918
TCGA-43-3920,LUSC,CCL5,-0.49483457,0.47721222
TCGA-43-3920,LUSC,CXCL9,-0.32621434,0.861762
TCGA-43-3920,LUSC,CD27,-0.34692883,0.19958006
TCGA-43-3920,LUSC,CXCR6,-0.39069715,1.3155599
TCGA-43-3920,LUSC,IDO1,-0.39214137,1.2112621
TCGA-43-3920,LUSC,STAT1,-0.14388256,-0.10631504
TCGA-43-3920,LUSC,CD274,-0.16260199,-0.38784164
TCGA-43-3920,LUSC,CD276,0.2854595,0.15844491
TCGA-43-3920,LUSC,LAG3,-0.28133863,0.36869437
TCGA-43-3920,LUSC,PDCD1LG2,-0.11062869,1.554399
TCGA-43-3920,LUSC,TIGIT,-0.3018804,-0.47088048
TCGA-43-3920,LUSC,APM,-0.61652136,0.033930857
TCGA-43-3920,LUSC,TIS,-0.39024216,0.45684975
TCGA-21-5783,LUSC,TMB,0.16939856,0.79268813
TCGA-21-5783,LUSC,PSMB5,0.16062875,-0.383703
TCGA-21-5783,LUSC,PSMB6,0.059799112,-0.7441872
TCGA-21-5783,LUSC,PSMB7,0.16916962,0.050129842
TCGA-21-5783,LUSC,PSMB8,-0.5129089,-0.584567
TCGA-21-5783,LUSC,PSMB9,-0.36979026,-0.50278676
TCGA-21-5783,LUSC,PSMB10,-0.57754874,-0.020041863
TCGA-21-5783,LUSC,TAP1,-0.17151983,-0.4862228
TCGA-21-5783,LUSC,TAP2,-0.23059945,-0.26117802
TCGA-21-5783,LUSC,ERAP1,-0.2551069,-0.6703988
TCGA-21-5783,LUSC,ERAP2,-0.19742407,1.4068302
TCGA-21-5783,LUSC,TAPBP,-0.30320898,-0.084633976
TCGA-21-5783,LUSC,CANX,-0.18272635,0.5317593
TCGA-21-5783,LUSC,CALR,0.06492901,-0.4923462
TCGA-21-5783,LUSC,PDIA3,-0.030054186,1.5034338
TCGA-21-5783,LUSC,B2M,-0.36855707,-1.061875
TCGA-21-5783,LUSC,HLA-A,-0.50823843,-0.6219753
TCGA-21-5783,LUSC,HLA-B,-0.441754,0.05338782
TCGA-21-5783,LUSC,HLA-C,-0.38710508,-0.2031766
TCGA-21-5783,LUSC,HLA-DQA1,-0.42116228,-1.0806463
TCGA-21-5783,LUSC,HLA-DRB1,-0.5189252,-1.3038533
TCGA-21-5783,LUSC,CMKLR1,-0.24764462,-1.5329132
TCGA-21-5783,LUSC,HLA-E,-0.43401122,-1.4537327
TCGA-21-5783,LUSC,NKG7,-0.34682125,-1.4384508
TCGA-21-5783,LUSC,CD8A,-0.27264637,-1.0594532
TCGA-21-5783,LUSC,CCL5,-0.20899025,-1.2417762
TCGA-21-5783,LUSC,CXCL9,-0.27628288,-0.8615755
TCGA-21-5783,LUSC,CD27,-0.2043787,-1.097834
TCGA-21-5783,LUSC,CXCR6,-0.33309203,-1.1490985
TCGA-21-5783,LUSC,IDO1,-0.36292994,-1.050216
TCGA-21-5783,LUSC,STAT1,-0.19511317,-0.9380952
TCGA-21-5783,LUSC,CD274,-0.08675575,-0.95169586
TCGA-21-5783,LUSC,CD276,0.4107922,1.8440027
TCGA-21-5783,LUSC,LAG3,-0.09532562,-1.1725972
TCGA-21-5783,LUSC,PDCD1LG2,-0.12059988,-0.48204142
TCGA-21-5783,LUSC,TIGIT,-0.23425965,-1.122047
TCGA-21-5783,LUSC,APM,-0.38199803,-0.15046649
TCGA-21-5783,LUSC,TIS,-0.27439195,-0.93855226
TCGA-85-8353,LUSC,TMB,0.2485728,-0.22884555
TCGA-85-8353,LUSC,PSMB5,0.21302664,0.07762357
TCGA-85-8353,LUSC,PSMB6,0.17186439,-0.12646171
TCGA-85-8353,LUSC,PSMB7,0.29336333,0.7834094
TCGA-85-8353,LUSC,PSMB8,-0.27884224,-0.77159876
TCGA-85-8353,LUSC,PSMB9,-9.5862895e-05,-0.37749094
TCGA-85-8353,LUSC,PSMB10,-0.35037214,-0.3103015
TCGA-85-8353,LUSC,TAP1,0.2622239,-0.00020087967
TCGA-85-8353,LUSC,TAP2,0.2586194,0.4482395
TCGA-85-8353,LUSC,ERAP1,0.023370149,-0.39682546
TCGA-85-8353,LUSC,ERAP2,-0.06503252,-1.254212
TCGA-85-8353,LUSC,TAPBP,-0.025488084,-0.5911619
TCGA-85-8353,LUSC,CANX,-0.2610727,0.32891873
TCGA-85-8353,LUSC,CALR,0.03616654,0.030816374
TCGA-85-8353,LUSC,PDIA3,-0.20288017,-0.26946568
TCGA-85-8353,LUSC,B2M,-0.17071876,-0.27667674
TCGA-85-8353,LUSC,HLA-A,-0.24405995,-0.46423253
TCGA-85-8353,LUSC,HLA-B,-0.1582925,-0.33907568
TCGA-85-8353,LUSC,HLA-C,-0.22384956,-0.46486163
TCGA-85-8353,LUSC,HLA-DQA1,-0.35523462,-0.08387053
TCGA-85-8353,LUSC,HLA-DRB1,-0.485881,-0.24824555
TCGA-85-8353,LUSC,CMKLR1,-0.17648251,0.3009704
TCGA-85-8353,LUSC,HLA-E,-0.18078586,0.072439864
TCGA-85-8353,LUSC,NKG7,-0.026622698,0.2987502
TCGA-85-8353,LUSC,CD8A,-0.042932503,0.3308223
TCGA-85-8353,LUSC,CCL5,0.05114565,0.15332972
TCGA-85-8353,LUSC,CXCL9,0.05000005,0.7303839
TCGA-85-8353,LUSC,CD27,-0.16600488,1.4425462
TCGA-85-8353,LUSC,CXCR6,-0.1603473,0.005809935
TCGA-85-8353,LUSC,IDO1,-0.010802425,-0.21016666
TCGA-85-8353,LUSC,STAT1,0.17925274,0.03938968
TCGA-85-8353,LUSC,CD274,0.23632845,-0.12517157
TCGA-85-8353,LUSC,CD276,0.5621935,1.2138262
TCGA-85-8353,LUSC,LAG3,-0.031647883,-0.18470447
TCGA-85-8353,LUSC,PDCD1LG2,0.15762886,0.24940482
TCGA-85-8353,LUSC,TIGIT,-0.06507362,0.515636
TCGA-85-8353,LUSC,APM,-0.08119699,-0.45772722
TCGA-85-8353,LUSC,TIS,-0.019029846,0.23605055
TCGA-66-2742,LUSC,TMB,0.15654498,0.0035728663
TCGA-66-2742,LUSC,PSMB5,0.52475244,0.09855939
TCGA-66-2742,LUSC,PSMB6,0.42668146,-0.64072007
TCGA-66-2742,LUSC,PSMB7,0.5287751,-0.71017414
TCGA-66-2742,LUSC,PSMB8,0.30185562,-0.7646954
TCGA-66-2742,LUSC,PSMB9,0.38419756,-0.6650963
TCGA-66-2742,LUSC,PSMB10,0.1325446,-0.98231626
TCGA-66-2742,LUSC,TAP1,0.4702796,-0.25884923
TCGA-66-2742,LUSC,TAP2,0.2624726,-1.3718309
TCGA-66-2742,LUSC,ERAP1,-0.03132646,-0.40582955
TCGA-66-2742,LUSC,ERAP2,-0.060647476,0.72515327
TCGA-66-2742,LUSC,TAPBP,0.11712928,-0.79894257
TCGA-66-2742,LUSC,CANX,-0.2624399,0.83768815
TCGA-66-2742,LUSC,CALR,0.281956,0.90346944
TCGA-66-2742,LUSC,PDIA3,-0.015436387,-0.5676692
TCGA-66-2742,LUSC,B2M,0.2417264,-0.33290735
TCGA-66-2742,LUSC,HLA-A,0.15966722,-0.41431978
TCGA-66-2742,LUSC,HLA-B,0.0940146,-0.54397035
TCGA-66-2742,LUSC,HLA-C,0.09181682,-0.65086746
TCGA-66-2742,LUSC,HLA-DQA1,-0.22259147,-0.37248474
TCGA-66-2742,LUSC,HLA-DRB1,-0.21505933,-0.40608135
TCGA-66-2742,LUSC,CMKLR1,-0.23207009,0.22774254
TCGA-66-2742,LUSC,HLA-E,0.047656715,-0.24473284
TCGA-66-2742,LUSC,NKG7,0.13957894,-0.70610774
TCGA-66-2742,LUSC,CD8A,0.09169903,-0.4641204
TCGA-66-2742,LUSC,CCL5,0.18043114,-0.73013216
TCGA-66-2742,LUSC,CXCL9,-0.0043904255,-0.07973979
TCGA-66-2742,LUSC,CD27,-0.12519725,0.26715064
TCGA-66-2742,LUSC,CXCR6,-0.06314628,-0.63283604
TCGA-66-2742,LUSC,IDO1,0.19477561,0.2546174
TCGA-66-2742,LUSC,STAT1,0.15838814,-0.64499146
TCGA-66-2742,LUSC,CD274,0.25904566,-0.64744556
TCGA-66-2742,LUSC,CD276,0.43634725,-1.0030315
TCGA-66-2742,LUSC,LAG3,0.04119147,-1.1809081
TCGA-66-2742,LUSC,PDCD1LG2,0.17832658,-0.20415987
TCGA-66-2742,LUSC,TIGIT,-0.058673304,-0.48262596
TCGA-66-2742,LUSC,APM,0.32441643,-0.5454682
TCGA-66-2742,LUSC,TIS,0.13590494,-0.80845493
TCGA-60-2724,LUSC,TMB,0.29359335,0.5557025
TCGA-60-2724,LUSC,PSMB5,0.40554142,1.4367899
TCGA-60-2724,LUSC,PSMB6,0.19310272,2.4885294
TCGA-60-2724,LUSC,PSMB7,0.18439648,0.17393447
TCGA-60-2724,LUSC,PSMB8,-0.6751431,-0.6240358
TCGA-60-2724,LUSC,PSMB9,-0.71050066,-0.7348156
TCGA-60-2724,LUSC,PSMB10,-0.75944555,-1.5302484
TCGA-60-2724,LUSC,TAP1,-0.7446493,-0.73728424
TCGA-60-2724,LUSC,TAP2,-0.51003164,0.013871455
TCGA-60-2724,LUSC,ERAP1,-0.6817261,-1.4646535
TCGA-60-2724,LUSC,ERAP2,-0.53066874,0.45626417
TCGA-60-2724,LUSC,TAPBP,-0.60680145,-1.2997925
TCGA-60-2724,LUSC,CANX,-0.42637128,-0.029657489
TCGA-60-2724,LUSC,CALR,-0.046660446,1.8844508
TCGA-60-2724,LUSC,PDIA3,-0.061496384,0.6342193
TCGA-60-2724,LUSC,B2M,-0.9073496,-0.28613946
TCGA-60-2724,LUSC,HLA-A,-0.73966306,-0.86801857
TCGA-60-2724,LUSC,HLA-B,-0.85441524,-1.0065917
TCGA-60-2724,LUSC,HLA-C,-0.8757022,-0.23462187
TCGA-60-2724,LUSC,HLA-DQA1,-1.0361077,-1.4059432
TCGA-60-2724,LUSC,HLA-DRB1,-1.0051591,-0.87771064
TCGA-60-2724,LUSC,CMKLR1,-1.0420907,-0.46156067
TCGA-60-2724,LUSC,HLA-E,-0.9230281,-1.1426026
TCGA-60-2724,LUSC,NKG7,-0.8140395,-1.9538668
TCGA-60-2724,LUSC,CD8A,-0.8746392,-1.4920911
TCGA-60-2724,LUSC,CCL5,-0.8607011,-0.12966721
TCGA-60-2724,LUSC,CXCL9,-0.9191202,-2.03114
TCGA-60-2724,LUSC,CD27,-0.8666199,-1.4761388
TCGA-60-2724,LUSC,CXCR6,-0.92938983,-1.567466
TCGA-60-2724,LUSC,IDO1,-0.60675865,-1.5792301
TCGA-60-2724,LUSC,STAT1,-0.80062056,-0.5964396
TCGA-60-2724,LUSC,CD274,-0.4492963,-0.9040844
TCGA-60-2724,LUSC,CD276,0.06290326,1.3570926
TCGA-60-2724,LUSC,LAG3,-0.71687,-1.356641
TCGA-60-2724,LUSC,PDCD1LG2,-0.8755001,0.07446122
TCGA-60-2724,LUSC,TIGIT,-0.86039084,-1.5130104
TCGA-60-2724,LUSC,APM,-0.84616625,-0.33024725
TCGA-60-2724,LUSC,TIS,-1.0864959,-1.1418
TCGA-77-A5G3,LUSC,TMB,0.3519945,1.3289865
TCGA-77-A5G3,LUSC,PSMB5,0.27040833,-0.06953642
TCGA-77-A5G3,LUSC,PSMB6,0.17533389,-0.8323507
TCGA-77-A5G3,LUSC,PSMB7,0.21980007,-0.15331201
TCGA-77-A5G3,LUSC,PSMB8,-0.6320499,-1.4127362
TCGA-77-A5G3,LUSC,PSMB9,-0.41744733,-0.9302494
TCGA-77-A5G3,LUSC,PSMB10,-0.6545958,-0.8647598
TCGA-77-A5G3,LUSC,TAP1,-0.36707613,-0.7542704
TCGA-77-A5G3,LUSC,TAP2,-0.26549417,-1.3239464
TCGA-77-A5G3,LUSC,ERAP1,-0.46084982,-1.0449599
TCGA-77-A5G3,LUSC,ERAP2,-0.40352798,-0.022261478
TCGA-77-A5G3,LUSC,TAPBP,-0.5148882,-1.4254136
TCGA-77-A5G3,LUSC,CANX,-0.46553755,-1.2423414
TCGA-77-A5G3,LUSC,CALR,-0.10109655,-0.7979863
TCGA-77-A5G3,LUSC,PDIA3,-0.32108727,-0.04916279
TCGA-77-A5G3,LUSC,B2M,-0.65563285,-0.93632233
TCGA-77-A5G3,LUSC,HLA-A,-0.65281594,-1.0413235
TCGA-77-A5G3,LUSC,HLA-B,-0.61086214,-0.8411624
TCGA-77-A5G3,LUSC,HLA-C,-0.6467546,-1.3843459
TCGA-77-A5G3,LUSC,HLA-DQA1,-0.55752873,-0.7749182
TCGA-77-A5G3,LUSC,HLA-DRB1,-0.6984551,-1.2206324
TCGA-77-A5G3,LUSC,CMKLR1,-0.45268217,-0.8433957
TCGA-77-A5G3,LUSC,HLA-E,-0.6429509,-1.2319041
TCGA-77-A5G3,LUSC,NKG7,-0.2230938,0.0943137
TCGA-77-A5G3,LUSC,CD8A,-0.257547,-0.06301053
TCGA-77-A5G3,LUSC,CCL5,-0.29583094,-0.07824494
TCGA-77-A5G3,LUSC,CXCL9,-0.18957292,0.44132298
TCGA-77-A5G3,LUSC,CD27,-0.2551447,-0.84478885
TCGA-77-A5G3,LUSC,CXCR6,-0.36733156,-0.08642633
TCGA-77-A5G3,LUSC,IDO1,-0.36766547,-0.7319194
TCGA-77-A5G3,LUSC,STAT1,-0.31264627,-0.54200464
TCGA-77-A5G3,LUSC,CD274,-0.11509766,1.9212248
TCGA-77-A5G3,LUSC,CD276,0.057047855,0.15325612
TCGA-77-A5G3,LUSC,LAG3,-0.061523765,-0.2473721
TCGA-77-A5G3,LUSC,PDCD1LG2,-0.35857105,-0.087514244
TCGA-77-A5G3,LUSC,TIGIT,-0.23239847,-0.34761065
TCGA-77-A5G3,LUSC,APM,-0.62089527,-1.3361611
TCGA-77-A5G3,LUSC,TIS,-0.5050971,-0.3889721
TCGA-85-8350,LUSC,TMB,0.088280484,0.38009077
TCGA-85-8350,LUSC,PSMB5,0.092929065,-0.8312389
TCGA-85-8350,LUSC,PSMB6,-0.069183566,-0.18726428
TCGA-85-8350,LUSC,PSMB7,0.10843243,-0.8843534
TCGA-85-8350,LUSC,PSMB8,-0.2161018,-0.30187884
TCGA-85-8350,LUSC,PSMB9,-0.07953685,-0.014066836
TCGA-85-8350,LUSC,PSMB10,-0.26128796,0.12930919
TCGA-85-8350,LUSC,TAP1,0.09245278,-0.067996435
TCGA-85-8350,LUSC,TAP2,0.008527102,-0.058752235
TCGA-85-8350,LUSC,ERAP1,-0.06836177,2.138711
TCGA-85-8350,LUSC,ERAP2,-0.1460413,-0.9530378
TCGA-85-8350,LUSC,TAPBP,-0.05589988,0.40793726
TCGA-85-8350,LUSC,CANX,-0.08388969,0.5570085
TCGA-85-8350,LUSC,CALR,0.122111276,1.7205778
TCGA-85-8350,LUSC,PDIA3,-0.06584688,1.10936
TCGA-85-8350,LUSC,B2M,-0.091495536,0.35161644
TCGA-85-8350,LUSC,HLA-A,-0.13021709,0.30873784
TCGA-85-8350,LUSC,HLA-B,-0.13017026,0.43174687
TCGA-85-8350,LUSC,HLA-C,-0.08015499,0.5983112
TCGA-85-8350,LUSC,HLA-DQA1,-0.15146032,-0.014232914
TCGA-85-8350,LUSC,HLA-DRB1,-0.16665997,-0.10144421
TCGA-85-8350,LUSC,CMKLR1,-0.053726416,-0.37950578
TCGA-85-8350,LUSC,HLA-E,-0.06491502,0.40974063
TCGA-85-8350,LUSC,NKG7,-0.07784963,-0.023706157
TCGA-85-8350,LUSC,CD8A,-0.05037378,-0.14099482
TCGA-85-8350,LUSC,CCL5,0.044239808,0.05170495
TCGA-85-8350,LUSC,CXCL9,-0.09944584,-0.59724647
TCGA-85-8350,LUSC,CD27,-0.065363996,-0.04065161
TCGA-85-8350,LUSC,CXCR6,-0.057466365,-0.49419272
TCGA-85-8350,LUSC,IDO1,-0.10818283,-0.8569108
TCGA-85-8350,LUSC,STAT1,0.02566063,-0.8864019
TCGA-85-8350,LUSC,CD274,-0.07037647,-1.0421234
TCGA-85-8350,LUSC,CD276,0.4155813,1.8863461
TCGA-85-8350,LUSC,LAG3,-0.095655724,-0.06258481
TCGA-85-8350,LUSC,PDCD1LG2,-6.327778e-05,-0.8743818
TCGA-85-8350,LUSC,TIGIT,-0.04359315,-0.13453545
TCGA-85-8350,LUSC,APM,-0.08641784,0.31106892
TCGA-85-8350,LUSC,TIS,-0.029147958,-0.12340844
TCGA-94-8491,LUSC,TMB,0.23866978,1.1509682
TCGA-94-8491,LUSC,PSMB5,0.3242357,-0.64652145
TCGA-94-8491,LUSC,PSMB6,0.21108668,0.21013202
TCGA-94-8491,LUSC,PSMB7,0.2823332,1.3798447
TCGA-94-8491,LUSC,PSMB8,0.03686092,0.3962729
TCGA-94-8491,LUSC,PSMB9,0.111500524,-0.3723757
TCGA-94-8491,LUSC,PSMB10,-0.045162234,0.48583385
TCGA-94-8491,LUSC,TAP1,0.12185128,-0.49217343
TCGA-94-8491,LUSC,TAP2,0.15903106,0.06505695
TCGA-94-8491,LUSC,ERAP1,-0.20811129,-0.5733362
TCGA-94-8491,LUSC,ERAP2,-0.19704488,-1.1135457
TCGA-94-8491,LUSC,TAPBP,0.052110553,-0.21062681
TCGA-94-8491,LUSC,CANX,-0.2947659,0.8004618
TCGA-94-8491,LUSC,CALR,0.14732741,-0.14035515
TCGA-94-8491,LUSC,PDIA3,0.14612517,-0.9362313
TCGA-94-8491,LUSC,B2M,-0.024424829,-0.23066555
TCGA-94-8491,LUSC,HLA-A,0.014078507,-0.26898727
TCGA-94-8491,LUSC,HLA-B,-0.04145441,-0.2832952
TCGA-94-8491,LUSC,HLA-C,-0.0013392866,-0.46696123
TCGA-94-8491,LUSC,HLA-DQA1,-0.3295657,-0.2495902
TCGA-94-8491,LUSC,HLA-DRB1,-0.29597962,-0.48108265
TCGA-94-8491,LUSC,CMKLR1,-0.3032248,-0.74058914
TCGA-94-8491,LUSC,HLA-E,-0.03149177,0.21531956
TCGA-94-8491,LUSC,NKG7,0.10434631,0.4749928
TCGA-94-8491,LUSC,CD8A,-0.04872615,-0.11381988
TCGA-94-8491,LUSC,CCL5,0.0891911,0.2594204
TCGA-94-8491,LUSC,CXCL9,-0.053456444,-1.157106
TCGA-94-8491,LUSC,CD27,-0.08358319,0.6748192
TCGA-94-8491,LUSC,CXCR6,-0.13309816,-0.50533
TCGA-94-8491,LUSC,IDO1,0.07500892,-0.5649291
TCGA-94-8491,LUSC,STAT1,-0.09469305,-0.7828391
TCGA-94-8491,LUSC,CD274,-0.09085877,-0.2569179
TCGA-94-8491,LUSC,CD276,0.14880411,-0.7673864
TCGA-94-8491,LUSC,LAG3,0.06599971,-0.5020387
TCGA-94-8491,LUSC,PDCD1LG2,-0.2264425,-0.9227666
TCGA-94-8491,LUSC,TIGIT,-0.052084923,0.088006094
TCGA-94-8491,LUSC,APM,0.048505858,-0.30593374
TCGA-94-8491,LUSC,TIS,-0.08093089,-0.41921094
TCGA-22-1016,LUSC,TMB,0.22528839,0.485085
TCGA-22-1016,LUSC,PSMB5,0.21299691,-1.4611309
TCGA-22-1016,LUSC,PSMB6,0.034662146,0.13639173
TCGA-22-1016,LUSC,PSMB7,0.07693646,-0.47318164
TCGA-22-1016,LUSC,PSMB8,-0.99648273,-0.33615422
TCGA-22-1016,LUSC,PSMB9,-1.0315213,-0.5468672
TCGA-22-1016,LUSC,PSMB10,-1.0331514,-0.28874466
TCGA-22-1016,LUSC,TAP1,-0.8953804,-0.4249336
TCGA-22-1016,LUSC,TAP2,-0.72049636,-0.88131195
TCGA-22-1016,LUSC,ERAP1,-0.7862851,-0.020691406
TCGA-22-1016,LUSC,ERAP2,-0.65057284,0.23671511
TCGA-22-1016,LUSC,TAPBP,-0.7543465,-1.2245352
TCGA-22-1016,LUSC,CANX,-0.5766972,0.072048075
TCGA-22-1016,LUSC,CALR,0.0015913565,-0.34239912
TCGA-22-1016,LUSC,PDIA3,-0.010767471,-0.52902406
TCGA-22-1016,LUSC,B2M,-1.1517062,0.0055681295
TCGA-22-1016,LUSC,HLA-A,-0.9599391,-0.33390564
TCGA-22-1016,LUSC,HLA-B,-1.0808353,-0.5688182
TCGA-22-1016,LUSC,HLA-C,-1.08121,-1.1719627
TCGA-22-1016,LUSC,HLA-DQA1,-1.1426159,-0.22741331
TCGA-22-1016,LUSC,HLA-DRB1,-1.1138893,-0.052359708
TCGA-22-1016,LUSC,CMKLR1,-1.0748436,1.9023018
TCGA-22-1016,LUSC,HLA-E,-1.043062,-0.053970657
TCGA-22-1016,LUSC,NKG7,-1.0272251,-0.2601913
TCGA-22-1016,LUSC,CD8A,-1.0791357,-1.1265574
TCGA-22-1016,LUSC,CCL5,-0.9798145,-1.1897205
TCGA-22-1016,LUSC,CXCL9,-0.9990243,-1.6050214
TCGA-22-1016,LUSC,CD27,-0.8507145,-0.63391477
TCGA-22-1016,LUSC,CXCR6,-1.0467808,0.0729307
TCGA-22-1016,LUSC,IDO1,-0.7618376,-0.75031054
TCGA-22-1016,LUSC,STAT1,-0.991706,0.24006131
TCGA-22-1016,LUSC,CD274,-0.6259863,-0.08606701
TCGA-22-1016,LUSC,CD276,0.3201963,-1.0988985
TCGA-22-1016,LUSC,LAG3,-0.7756261,-1.453072
TCGA-22-1016,LUSC,PDCD1LG2,-0.9080346,0.66679144
TCGA-22-1016,LUSC,TIGIT,-0.95605385,-0.63832504
TCGA-22-1016,LUSC,APM,-1.1306887,-0.6552983
TCGA-22-1016,LUSC,TIS,-1.221561,-0.2693329
TCGA-51-4081,LUSC,TMB,0.4075753,-0.100776464
TCGA-51-4081,LUSC,PSMB5,0.24731629,0.7990669
TCGA-51-4081,LUSC,PSMB6,0.16074283,0.5607219
TCGA-51-4081,LUSC,PSMB7,0.23449318,0.43501374
TCGA-51-4081,LUSC,PSMB8,-0.8728107,-2.2252736
TCGA-51-4081,LUSC,PSMB9,-0.82763976,-2.0464692
TCGA-51-4081,LUSC,PSMB10,-0.9101736,-2.1280344
TCGA-51-4081,LUSC,TAP1,-0.68311226,-1.8155842
TCGA-51-4081,LUSC,TAP2,-0.47119242,-1.261254
TCGA-51-4081,LUSC,ERAP1,-0.6251259,-1.4512426
TCGA-51-4081,LUSC,ERAP2,-0.32823035,-1.5870868
TCGA-51-4081,LUSC,TAPBP,-0.64249,-1.4527743
TCGA-51-4081,LUSC,CANX,-0.26634178,-0.9893992
TCGA-51-4081,LUSC,CALR,-0.0020586173,-1.3933549
TCGA-51-4081,LUSC,PDIA3,-0.00020569563,-0.45836252
TCGA-51-4081,LUSC,B2M,-0.96685904,-1.8410143
TCGA-51-4081,LUSC,HLA-A,-1.0099571,-1.4956847
TCGA-51-4081,LUSC,HLA-B,-1.0285735,-2.0373828
TCGA-51-4081,LUSC,HLA-C,-1.056679,-1.6467539
TCGA-51-4081,LUSC,HLA-DQA1,-1.1064113,-1.5202155
TCGA-51-4081,LUSC,HLA-DRB1,-1.1082711,-1.6751832
TCGA-51-4081,LUSC,CMKLR1,-0.8954446,-0.88436645
TCGA-51-4081,LUSC,HLA-E,-1.0188586,-2.4538445
TCGA-51-4081,LUSC,NKG7,-0.94994485,-1.9552426
TCGA-51-4081,LUSC,CD8A,-0.8971403,-1.6572709
TCGA-51-4081,LUSC,CCL5,-0.92802495,-2.3586617
TCGA-51-4081,LUSC,CXCL9,-0.9015204,-1.2195383
TCGA-51-4081,LUSC,CD27,-0.9438947,-0.8785584
TCGA-51-4081,LUSC,CXCR6,-0.98056746,-1.451106
TCGA-51-4081,LUSC,IDO1,-0.7306148,-1.6403966
TCGA-51-4081,LUSC,STAT1,-0.5990011,-2.1717417
TCGA-51-4081,LUSC,CD274,-0.32142788,-0.18121575
TCGA-51-4081,LUSC,CD276,0.21518214,1.0542076
TCGA-51-4081,LUSC,LAG3,-0.7016575,-1.1203768
TCGA-51-4081,LUSC,PDCD1LG2,-0.6491475,-0.538189
TCGA-51-4081,LUSC,TIGIT,-0.8586359,-1.4852153
TCGA-51-4081,LUSC,APM,-0.91527575,-2.3259056
TCGA-51-4081,LUSC,TIS,-1.0625236,-1.7103887
TCGA-56-A4ZK,LUSC,TMB,0.19145581,0.036758572
TCGA-56-A4ZK,LUSC,PSMB5,-0.03714556,-0.23130906
TCGA-56-A4ZK,LUSC,PSMB6,-0.04266627,-0.09214524
TCGA-56-A4ZK,LUSC,PSMB7,-0.023582201,-0.15851557
TCGA-56-A4ZK,LUSC,PSMB8,-0.09321357,-0.5412093
TCGA-56-A4ZK,LUSC,PSMB9,0.07339324,-0.104966775
TCGA-56-A4ZK,LUSC,PSMB10,-0.13108642,0.5391316
TCGA-56-A4ZK,LUSC,TAP1,0.20472336,0.67922705
TCGA-56-A4ZK,LUSC,TAP2,0.10306492,0.7401538
TCGA-56-A4ZK,LUSC,ERAP1,-0.009568441,-0.1511692
TCGA-56-A4ZK,LUSC,ERAP2,-0.053773306,-1.188239
TCGA-56-A4ZK,LUSC,TAPBP,0.0019761473,-0.07226754
TCGA-56-A4ZK,LUSC,CANX,-0.15249221,-1.5850153
TCGA-56-A4ZK,LUSC,CALR,0.15057829,-1.9331455
TCGA-56-A4ZK,LUSC,PDIA3,-0.1244882,-0.7180292
TCGA-56-A4ZK,LUSC,B2M,0.01313368,-0.46875843
TCGA-56-A4ZK,LUSC,HLA-A,-0.07991769,-1.039003
TCGA-56-A4ZK,LUSC,HLA-B,0.021550145,-0.42246905
TCGA-56-A4ZK,LUSC,HLA-C,-0.021166468,-0.84547234
TCGA-56-A4ZK,LUSC,HLA-DQA1,0.11343177,0.786749
TCGA-56-A4ZK,LUSC,HLA-DRB1,-0.03289295,0.13714004
TCGA-56-A4ZK,LUSC,CMKLR1,0.28587335,0.90558964
TCGA-56-A4ZK,LUSC,HLA-E,0.06707539,-0.2993273
TCGA-56-A4ZK,LUSC,NKG7,0.23593211,0.46071088
TCGA-56-A4ZK,LUSC,CD8A,0.2029719,0.018552365
TCGA-56-A4ZK,LUSC,CCL5,0.2538897,0.56737596
TCGA-56-A4ZK,LUSC,CXCL9,0.31929436,1.5184784
TCGA-56-A4ZK,LUSC,CD27,0.25807577,-0.27356336
TCGA-56-A4ZK,LUSC,CXCR6,0.24375787,0.26666138
TCGA-56-A4ZK,LUSC,IDO1,0.039119516,0.14936388
TCGA-56-A4ZK,LUSC,STAT1,0.25082812,0.81031924
TCGA-56-A4ZK,LUSC,CD274,0.020303225,1.6436341
TCGA-56-A4ZK,LUSC,CD276,0.0004016012,-0.24421987
TCGA-56-A4ZK,LUSC,LAG3,0.31944865,0.3411615
TCGA-56-A4ZK,LUSC,PDCD1LG2,0.22518325,1.0047468
TCGA-56-A4ZK,LUSC,TIGIT,0.293804,0.050361324
TCGA-56-A4ZK,LUSC,APM,-0.0049332976,-0.61728173
TCGA-56-A4ZK,LUSC,TIS,0.17172308,0.5600241
TCGA-L3-A4E7,LUSC,TMB,0.06913444,-0.8473478
TCGA-L3-A4E7,LUSC,PSMB5,0.13613462,0.1751498
TCGA-L3-A4E7,LUSC,PSMB6,0.080625474,-0.6417928
TCGA-L3-A4E7,LUSC,PSMB7,0.0048537985,-1.4822198
TCGA-L3-A4E7,LUSC,PSMB8,-0.53523916,0.057382002
TCGA-L3-A4E7,LUSC,PSMB9,-0.55252683,0.11548701
TCGA-L3-A4E7,LUSC,PSMB10,-0.49982566,0.046884853
TCGA-L3-A4E7,LUSC,TAP1,-0.47881866,0.73533094
TCGA-L3-A4E7,LUSC,TAP2,-0.33751637,0.58366704
TCGA-L3-A4E7,LUSC,ERAP1,-0.40024787,0.28101203
TCGA-L3-A4E7,LUSC,ERAP2,-0.39579558,-0.4182035
TCGA-L3-A4E7,LUSC,TAPBP,-0.30716342,0.8083425
TCGA-L3-A4E7,LUSC,CANX,-0.55088013,-1.5477779
TCGA-L3-A4E7,LUSC,CALR,-0.09526696,-0.9380365
TCGA-L3-A4E7,LUSC,PDIA3,-0.0715818,-0.13664134
TCGA-L3-A4E7,LUSC,B2M,-0.6154977,-0.4086779
TCGA-L3-A4E7,LUSC,HLA-A,-0.4589851,-0.18936157
TCGA-L3-A4E7,LUSC,HLA-B,-0.50616914,-0.15598576
TCGA-L3-A4E7,LUSC,HLA-C,-0.5285493,-0.3024312
TCGA-L3-A4E7,LUSC,HLA-DQA1,-0.74119556,-0.9758735
TCGA-L3-A4E7,LUSC,HLA-DRB1,-0.7141528,-0.6524714
TCGA-L3-A4E7,LUSC,CMKLR1,-0.8067586,-0.26546782
TCGA-L3-A4E7,LUSC,HLA-E,-0.43735728,0.29585028
TCGA-L3-A4E7,LUSC,NKG7,-0.60333836,-0.16835147
TCGA-L3-A4E7,LUSC,CD8A,-0.67494,-0.794601
TCGA-L3-A4E7,LUSC,CCL5,-0.5562094,-0.6918666
TCGA-L3-A4E7,LUSC,CXCL9,-0.63757205,0.8945251
TCGA-L3-A4E7,LUSC,CD27,-0.5377823,-0.040578786
TCGA-L3-A4E7,LUSC,CXCR6,-0.6877234,-0.66750586
TCGA-L3-A4E7,LUSC,IDO1,-0.2865189,0.7509982
TCGA-L3-A4E7,LUSC,STAT1,-0.6590011,-0.12985666
TCGA-L3-A4E7,LUSC,CD274,-0.42443332,0.52617234
TCGA-L3-A4E7,LUSC,CD276,0.17899491,0.77191895
TCGA-L3-A4E7,LUSC,LAG3,-0.41802183,-0.50009763
TCGA-L3-A4E7,LUSC,PDCD1LG2,-0.63977826,-0.32312584
TCGA-L3-A4E7,LUSC,TIGIT,-0.6138777,-0.8678915
TCGA-L3-A4E7,LUSC,APM,-0.5685276,-0.16583706
TCGA-L3-A4E7,LUSC,TIS,-0.73989934,-0.2520768
TCGA-66-2795,LUSC,TMB,0.31940958,0.3852659
TCGA-66-2795,LUSC,PSMB5,0.4547502,1.2165793
TCGA-66-2795,LUSC,PSMB6,0.28373623,-0.48017386
TCGA-66-2795,LUSC,PSMB7,0.5002343,1.7573781
TCGA-66-2795,LUSC,PSMB8,0.4801654,0.099747024
TCGA-66-2795,LUSC,PSMB9,0.6883026,-0.08100186
TCGA-66-2795,LUSC,PSMB10,0.3460151,0.0090851
TCGA-66-2795,LUSC,TAP1,0.88870543,0.23964575
TCGA-66-2795,LUSC,TAP2,0.51780987,-0.0567224
TCGA-66-2795,LUSC,ERAP1,0.19427048,0.23830774
TCGA-66-2795,LUSC,ERAP2,0.054001845,-1.3025727
TCGA-66-2795,LUSC,TAPBP,0.2009751,-0.40468788
TCGA-66-2795,LUSC,CANX,0.0797289,2.2588773
TCGA-66-2795,LUSC,CALR,0.35925287,-0.61985636
TCGA-66-2795,LUSC,PDIA3,-0.20743139,1.8059509
TCGA-66-2795,LUSC,B2M,0.5276655,0.7542754
TCGA-66-2795,LUSC,HLA-A,0.28376228,-0.34321642
TCGA-66-2795,LUSC,HLA-B,0.33581597,-0.12587555
TCGA-66-2795,LUSC,HLA-C,0.3078931,-0.23749617
TCGA-66-2795,LUSC,HLA-DQA1,0.26320428,0.95455766
TCGA-66-2795,LUSC,HLA-DRB1,0.19215205,0.5851142
TCGA-66-2795,LUSC,CMKLR1,0.35129774,0.4508662
TCGA-66-2795,LUSC,HLA-E,0.22501922,-0.017690273
TCGA-66-2795,LUSC,NKG7,0.46570578,0.07519078
TCGA-66-2795,LUSC,CD8A,0.45117217,-0.16197503
TCGA-66-2795,LUSC,CCL5,0.44851995,-0.45209268
TCGA-66-2795,LUSC,CXCL9,0.42659658,0.9552959
TCGA-66-2795,LUSC,CD27,0.22520395,0.22057933
TCGA-66-2795,LUSC,CXCR6,0.38776344,-0.40050068
TCGA-66-2795,LUSC,IDO1,0.22666486,-0.016991755
TCGA-66-2795,LUSC,STAT1,0.5984122,0.14225088
TCGA-66-2795,LUSC,CD274,0.63184386,-0.4769497
TCGA-66-2795,LUSC,CD276,0.6184484,0.34611902
TCGA-66-2795,LUSC,LAG3,0.37522134,-0.4192581
TCGA-66-2795,LUSC,PDCD1LG2,0.7162949,0.9190302
TCGA-66-2795,LUSC,TIGIT,0.28678712,-0.119751535
TCGA-66-2795,LUSC,APM,0.54272926,0.22074474
TCGA-66-2795,LUSC,TIS,0.5719464,0.13107863
TCGA-60-2723,LUSC,TMB,0.17340328,0.343341
TCGA-60-2723,LUSC,PSMB5,0.041546006,1.4762338
TCGA-60-2723,LUSC,PSMB6,0.03617676,1.3874651
TCGA-60-2723,LUSC,PSMB7,0.1639262,1.0876172
TCGA-60-2723,LUSC,PSMB8,0.35716933,0.677435
TCGA-60-2723,LUSC,PSMB9,0.6152633,0.5863719
TCGA-60-2723,LUSC,PSMB10,0.40433103,0.35416627
TCGA-60-2723,LUSC,TAP1,0.7464894,0.72494185
TCGA-60-2723,LUSC,TAP2,0.66484976,-0.44869623
TCGA-60-2723,LUSC,ERAP1,0.45859814,-0.42755756
TCGA-60-2723,LUSC,ERAP2,0.31571743,1.1361234
TCGA-60-2723,LUSC,TAPBP,0.39708787,-0.2515327
TCGA-60-2723,LUSC,CANX,0.011091972,0.20696655
TCGA-60-2723,LUSC,CALR,0.062224697,0.653947
TCGA-60-2723,LUSC,PDIA3,-0.3616566,-0.16756374
TCGA-60-2723,LUSC,B2M,0.41405812,0.85709155
TCGA-60-2723,LUSC,HLA-A,0.34699583,1.0268258
TCGA-60-2723,LUSC,HLA-B,0.5151823,0.87386805
TCGA-60-2723,LUSC,HLA-C,0.44163084,1.3361933
TCGA-60-2723,LUSC,HLA-DQA1,0.42735916,0.5676493
TCGA-60-2723,LUSC,HLA-DRB1,0.31245255,0.4699353
TCGA-60-2723,LUSC,CMKLR1,0.4895714,0.05649964
TCGA-60-2723,LUSC,HLA-E,0.3590609,0.48184288
TCGA-60-2723,LUSC,NKG7,0.68584013,1.5619667
TCGA-60-2723,LUSC,CD8A,0.62747943,1.1148667
TCGA-60-2723,LUSC,CCL5,0.6013363,1.1399158
TCGA-60-2723,LUSC,CXCL9,0.6696116,0.8130013
TCGA-60-2723,LUSC,CD27,0.43710965,0.85296845
TCGA-60-2723,LUSC,CXCR6,0.58933115,1.276308
TCGA-60-2723,LUSC,IDO1,0.42819563,1.1090298
TCGA-60-2723,LUSC,STAT1,0.62530315,0.68672967
TCGA-60-2723,LUSC,CD274,0.6293922,2.5512047
TCGA-60-2723,LUSC,CD276,0.24403647,0.51980805
TCGA-60-2723,LUSC,LAG3,0.6559627,0.8689554
TCGA-60-2723,LUSC,PDCD1LG2,0.6525391,1.9320147
TCGA-60-2723,LUSC,TIGIT,0.5798739,0.2960403
TCGA-60-2723,LUSC,APM,0.55551827,1.0322961
TCGA-60-2723,LUSC,TIS,0.70533895,1.1069127
TCGA-O2-A52N,LUSC,TMB,0.38538748,1.0789746
TCGA-O2-A52N,LUSC,PSMB5,0.42305404,-2.5442898
TCGA-O2-A52N,LUSC,PSMB6,0.3500255,-0.6900632
TCGA-O2-A52N,LUSC,PSMB7,0.43804502,1.4313902
TCGA-O2-A52N,LUSC,PSMB8,-0.67410433,0.7092437
TCGA-O2-A52N,LUSC,PSMB9,-0.52820486,1.3512926
TCGA-O2-A52N,LUSC,PSMB10,-0.6861092,0.71397257
TCGA-O2-A52N,LUSC,TAP1,-0.43810958,1.3012105
TCGA-O2-A52N,LUSC,TAP2,-0.25188714,1.6464025
TCGA-O2-A52N,LUSC,ERAP1,-0.5544268,-0.07751155
TCGA-O2-A52N,LUSC,ERAP2,-0.40654993,1.5292779
TCGA-O2-A52N,LUSC,TAPBP,-0.5823477,0.8085646
TCGA-O2-A52N,LUSC,CANX,-0.38871685,-0.69064367
TCGA-O2-A52N,LUSC,CALR,-0.018818447,-0.92700934
TCGA-O2-A52N,LUSC,PDIA3,-0.04449999,-0.008429223
TCGA-O2-A52N,LUSC,B2M,-0.720277,0.1839338
TCGA-O2-A52N,LUSC,HLA-A,-0.7634103,0.021315102
TCGA-O2-A52N,LUSC,HLA-B,-0.7460085,1.3362048
TCGA-O2-A52N,LUSC,HLA-C,-0.7846396,0.7059659
TCGA-O2-A52N,LUSC,HLA-DQA1,-0.9028341,-0.13812459
TCGA-O2-A52N,LUSC,HLA-DRB1,-0.9746625,-0.136962
TCGA-O2-A52N,LUSC,CMKLR1,-0.852105,-0.76664865
TCGA-O2-A52N,LUSC,HLA-E,-0.80380714,0.94773537
TCGA-O2-A52N,LUSC,NKG7,-0.71508586,0.23496085
TCGA-O2-A52N,LUSC,CD8A,-0.78372467,-0.07614129
TCGA-O2-A52N,LUSC,CCL5,-0.6911589,-0.22703302
TCGA-O2-A52N,LUSC,CXCL9,-0.58855623,0.24890374
TCGA-O2-A52N,LUSC,CD27,-0.83877265,-0.66808444
TCGA-O2-A52N,LUSC,CXCR6,-0.90612775,-0.10164471
TCGA-O2-A52N,LUSC,IDO1,-0.49782544,0.07190747
TCGA-O2-A52N,LUSC,STAT1,-0.52085394,0.6274862
TCGA-O2-A52N,LUSC,CD274,-0.0697421,-0.37256646
TCGA-O2-A52N,LUSC,CD276,0.38287297,-0.32126674
TCGA-O2-A52N,LUSC,LAG3,-0.48103637,0.8634915
TCGA-O2-A52N,LUSC,PDCD1LG2,-0.45042625,-0.18657805
TCGA-O2-A52N,LUSC,TIGIT,-0.7643007,0.11580502
TCGA-O2-A52N,LUSC,APM,-0.72865427,0.863523
TCGA-O2-A52N,LUSC,TIS,-0.8047474,0.009628889
TCGA-77-7138,LUSC,TMB,0.1425375,-1.5835088
TCGA-77-7138,LUSC,PSMB5,0.24921279,0.2609149
TCGA-77-7138,LUSC,PSMB6,0.30073723,0.48108903
TCGA-77-7138,LUSC,PSMB7,0.5744856,0.6088956
TCGA-77-7138,LUSC,PSMB8,-0.23636155,0.034682877
TCGA-77-7138,LUSC,PSMB9,-0.06932156,-0.005299408
TCGA-77-7138,LUSC,PSMB10,-0.22715922,-0.7652375
TCGA-77-7138,LUSC,TAP1,0.14728001,-0.2586961
TCGA-77-7138,LUSC,TAP2,0.2512529,0.51658416
TCGA-77-7138,LUSC,ERAP1,0.14034414,1.7756722
TCGA-77-7138,LUSC,ERAP2,0.07099573,1.5306463
TCGA-77-7138,LUSC,TAPBP,-0.03209383,1.1545116
TCGA-77-7138,LUSC,CANX,0.005564481,1.4188478
TCGA-77-7138,LUSC,CALR,0.027514959,-0.2776451
TCGA-77-7138,LUSC,PDIA3,0.010745274,0.2593035
TCGA-77-7138,LUSC,B2M,-0.18921602,-0.60118306
TCGA-77-7138,LUSC,HLA-A,-0.30060047,-0.74891967
TCGA-77-7138,LUSC,HLA-B,-0.25959045,-0.39217374
TCGA-77-7138,LUSC,HLA-C,-0.32877344,-0.8862245
TCGA-77-7138,LUSC,HLA-DQA1,-0.5543087,-1.8675424
TCGA-77-7138,LUSC,HLA-DRB1,-0.56788665,-1.5225985
TCGA-77-7138,LUSC,CMKLR1,-0.4978203,-1.146974
TCGA-77-7138,LUSC,HLA-E,-0.35506117,-0.44403917
TCGA-77-7138,LUSC,NKG7,-0.23919304,-1.1599977
TCGA-77-7138,LUSC,CD8A,-0.2457273,-1.428617
TCGA-77-7138,LUSC,CCL5,-0.18028256,-1.1025174
TCGA-77-7138,LUSC,CXCL9,-0.25658587,-1.099001
TCGA-77-7138,LUSC,CD27,-0.5604042,-1.245256
TCGA-77-7138,LUSC,CXCR6,-0.47557116,-0.68916
TCGA-77-7138,LUSC,IDO1,-0.08238222,-1.5020545
TCGA-77-7138,LUSC,STAT1,0.04512798,-0.6164124
TCGA-77-7138,LUSC,CD274,0.352462,-0.79144573
TCGA-77-7138,LUSC,CD276,0.70652354,1.1925111
TCGA-77-7138,LUSC,LAG3,-0.23390803,-1.0409777
TCGA-77-7138,LUSC,PDCD1LG2,0.11839372,-0.99816954
TCGA-77-7138,LUSC,TIGIT,-0.36110473,-0.8988208
TCGA-77-7138,LUSC,APM,-0.048975833,0.29223272
TCGA-77-7138,LUSC,TIS,-0.14828034,-1.1120142
TCGA-66-2788,LUSC,TMB,0.25679058,-0.05813568
TCGA-66-2788,LUSC,PSMB5,0.41159207,0.79749805
TCGA-66-2788,LUSC,PSMB6,0.1414279,-0.3650387
TCGA-66-2788,LUSC,PSMB7,0.28071722,-0.58231187
TCGA-66-2788,LUSC,PSMB8,0.257032,0.39550057
TCGA-66-2788,LUSC,PSMB9,0.38050705,0.3422271
TCGA-66-2788,LUSC,PSMB10,0.14570782,-0.19320595
TCGA-66-2788,LUSC,TAP1,0.5158359,0.97012293
TCGA-66-2788,LUSC,TAP2,0.26374015,-0.39138392
TCGA-66-2788,LUSC,ERAP1,0.045084696,0.06805007
TCGA-66-2788,LUSC,ERAP2,-0.16647752,-1.2534472
TCGA-66-2788,LUSC,TAPBP,0.032354828,-0.1315183
TCGA-66-2788,LUSC,CANX,-0.059474863,0.5517519
TCGA-66-2788,LUSC,CALR,0.26280478,1.0238343
TCGA-66-2788,LUSC,PDIA3,-0.1604131,1.1670376
TCGA-66-2788,LUSC,B2M,0.2207022,0.9969128
TCGA-66-2788,LUSC,HLA-A,0.16582736,0.49303252
TCGA-66-2788,LUSC,HLA-B,0.09828132,0.4456844
TCGA-66-2788,LUSC,HLA-C,0.10018195,0.43392792
TCGA-66-2788,LUSC,HLA-DQA1,-0.063915536,0.22441329
TCGA-66-2788,LUSC,HLA-DRB1,-0.08133781,-0.12937798
TCGA-66-2788,LUSC,CMKLR1,-0.052033197,0.57476753
TCGA-66-2788,LUSC,HLA-E,0.030093208,0.8525042
TCGA-66-2788,LUSC,NKG7,0.13200934,0.25161195
TCGA-66-2788,LUSC,CD8A,0.04906612,0.7190804
TCGA-66-2788,LUSC,CCL5,0.10236814,0.14627326
TCGA-66-2788,LUSC,CXCL9,0.011950021,0.46776533
TCGA-66-2788,LUSC,CD27,-0.060545295,1.4594301
TCGA-66-2788,LUSC,CXCR6,0.055118382,0.008685652
TCGA-66-2788,LUSC,IDO1,0.1514822,1.1797848
TCGA-66-2788,LUSC,STAT1,0.25676876,1.1483005
TCGA-66-2788,LUSC,CD274,0.30894166,0.41928482
TCGA-66-2788,LUSC,CD276,0.40369877,0.5765052
TCGA-66-2788,LUSC,LAG3,0.030277496,-0.096496
TCGA-66-2788,LUSC,PDCD1LG2,0.31545335,0.95145607
TCGA-66-2788,LUSC,TIGIT,-0.0056296214,0.41489756
TCGA-66-2788,LUSC,APM,0.23631649,0.39328688
TCGA-66-2788,LUSC,TIS,0.1599221,0.5444874
TCGA-22-4599,LUSC,TMB,0.41240364,0.6142522
TCGA-22-4599,LUSC,PSMB5,0.3590784,0.70329434
TCGA-22-4599,LUSC,PSMB6,0.3703492,0.8019005
TCGA-22-4599,LUSC,PSMB7,0.4609003,1.3899957
TCGA-22-4599,LUSC,PSMB8,0.03924043,0.25340712
TCGA-22-4599,LUSC,PSMB9,0.31291777,0.9050908
TCGA-22-4599,LUSC,PSMB10,-0.008160679,0.3671135
TCGA-22-4599,LUSC,TAP1,0.40790802,0.4345976
TCGA-22-4599,LUSC,TAP2,0.40960845,-0.06646703
TCGA-22-4599,LUSC,ERAP1,0.06514897,-0.29061538
TCGA-22-4599,LUSC,ERAP2,-0.04189215,-0.85790294
TCGA-22-4599,LUSC,TAPBP,-0.010942263,-0.2830807
TCGA-22-4599,LUSC,CANX,-0.28872463,-0.4308908
TCGA-22-4599,LUSC,CALR,0.0998894,0.02139233
TCGA-22-4599,LUSC,PDIA3,-0.19858244,-1.053025
TCGA-22-4599,LUSC,B2M,-0.058187585,0.7711657
TCGA-22-4599,LUSC,HLA-A,-0.067058034,-0.05686728
TCGA-22-4599,LUSC,HLA-B,0.05176439,0.14716373
TCGA-22-4599,LUSC,HLA-C,-0.070572585,-0.13964757
TCGA-22-4599,LUSC,HLA-DQA1,-0.01991642,1.0858277
TCGA-22-4599,LUSC,HLA-DRB1,-0.2167542,0.7569581
TCGA-22-4599,LUSC,CMKLR1,0.055939667,1.2949085
TCGA-22-4599,LUSC,HLA-E,-0.22236578,-0.08760381
TCGA-22-4599,LUSC,NKG7,0.5398509,1.4217283
TCGA-22-4599,LUSC,CD8A,0.41974235,1.810208
TCGA-22-4599,LUSC,CCL5,0.41657585,1.4969075
TCGA-22-4599,LUSC,CXCL9,0.54901767,1.9343235
TCGA-22-4599,LUSC,CD27,0.23497705,0.90571827
TCGA-22-4599,LUSC,CXCR6,0.26794156,2.0754976
TCGA-22-4599,LUSC,IDO1,0.21709017,0.85349286
TCGA-22-4599,LUSC,STAT1,0.4484314,1.4319675
TCGA-22-4599,LUSC,CD274,0.399239,0.8448668
TCGA-22-4599,LUSC,CD276,0.12157335,-0.76866347
TCGA-22-4599,LUSC,LAG3,0.69662154,1.7349844
TCGA-22-4599,LUSC,PDCD1LG2,0.34010035,1.8651165
TCGA-22-4599,LUSC,TIGIT,0.42675132,0.665231
TCGA-22-4599,LUSC,APM,0.13013256,0.22411133
TCGA-22-4599,LUSC,TIS,0.33561748,1.3926958
TCGA-33-4583,LUSC,TMB,-0.100255966,1.2253863
TCGA-33-4583,LUSC,PSMB5,-0.15316498,1.3434894
TCGA-33-4583,LUSC,PSMB6,-0.026448568,1.7527994
TCGA-33-4583,LUSC,PSMB7,0.02933085,3.1622698
TCGA-33-4583,LUSC,PSMB8,-0.07950579,1.8873907
TCGA-33-4583,LUSC,PSMB9,-0.06109055,1.7906234
TCGA-33-4583,LUSC,PSMB10,-0.06555976,0.69228506
TCGA-33-4583,LUSC,TAP1,-0.07111378,1.7412347
TCGA-33-4583,LUSC,TAP2,0.0064679207,1.8093282
TCGA-33-4583,LUSC,ERAP1,0.14763811,1.2571981
TCGA-33-4583,LUSC,ERAP2,0.047125306,1.6374524
TCGA-33-4583,LUSC,TAPBP,0.11558857,0.14527392
TCGA-33-4583,LUSC,CANX,0.04188206,0.96719784
TCGA-33-4583,LUSC,CALR,-0.021353006,0.12942068
TCGA-33-4583,LUSC,PDIA3,0.19666116,0.09063522
TCGA-33-4583,LUSC,B2M,0.006680456,1.4361383
TCGA-33-4583,LUSC,HLA-A,-0.06233268,0.3304239
TCGA-33-4583,LUSC,HLA-B,-0.024896389,0.90117896
TCGA-33-4583,LUSC,HLA-C,-0.051829018,1.0839038
TCGA-33-4583,LUSC,HLA-DQA1,-0.09660994,-1.259292
TCGA-33-4583,LUSC,HLA-DRB1,-0.06876961,-1.1997201
TCGA-33-4583,LUSC,CMKLR1,-0.08231746,-1.419735
TCGA-33-4583,LUSC,HLA-E,0.00854193,0.08634958
TCGA-33-4583,LUSC,NKG7,-0.054882806,0.64236933
TCGA-33-4583,LUSC,CD8A,-0.004575497,0.5763884
TCGA-33-4583,LUSC,CCL5,0.048957445,0.46622524
TCGA-33-4583,LUSC,CXCL9,-0.080433056,-0.37713474
TCGA-33-4583,LUSC,CD27,-0.04515149,-1.0433775
TCGA-33-4583,LUSC,CXCR6,-0.064226784,0.18736503
TCGA-33-4583,LUSC,IDO1,-0.072061755,0.11678277
TCGA-33-4583,LUSC,STAT1,0.0031825185,0.6068897
TCGA-33-4583,LUSC,CD274,-0.14498174,1.7441573
TCGA-33-4583,LUSC,CD276,0.12345512,0.26002878
TCGA-33-4583,LUSC,LAG3,-0.07846087,0.2711506
TCGA-33-4583,LUSC,PDCD1LG2,-0.09390669,0.6530261
TCGA-33-4583,LUSC,TIGIT,-0.017054046,-0.19306722
TCGA-33-4583,LUSC,APM,0.00046268702,1.8384612
TCGA-33-4583,LUSC,TIS,-0.022868723,0.13012475
TCGA-56-A4BX,LUSC,TMB,0.1481888,-0.6039852
TCGA-56-A4BX,LUSC,PSMB5,0.21108036,-0.12581138
TCGA-56-A4BX,LUSC,PSMB6,0.05120901,-0.4707354
TCGA-56-A4BX,LUSC,PSMB7,0.09867882,0.44411016
TCGA-56-A4BX,LUSC,PSMB8,-1.1485841,-1.9397894
TCGA-56-A4BX,LUSC,PSMB9,-1.1813152,-2.3215237
TCGA-56-A4BX,LUSC,PSMB10,-1.3010514,-2.0176923
TCGA-56-A4BX,LUSC,TAP1,-0.9193627,-1.9345218
TCGA-56-A4BX,LUSC,TAP2,-0.81754893,-0.9439525
TCGA-56-A4BX,LUSC,ERAP1,-0.730072,-1.4976444
TCGA-56-A4BX,LUSC,ERAP2,-0.63572437,-0.75636643
TCGA-56-A4BX,LUSC,TAPBP,-0.9277259,-1.9142896
TCGA-56-A4BX,LUSC,CANX,-0.47293067,-1.1570497
TCGA-56-A4BX,LUSC,CALR,-0.05692295,0.49857053
TCGA-56-A4BX,LUSC,PDIA3,-0.062369455,0.29294774
TCGA-56-A4BX,LUSC,B2M,-1.1829245,-2.6896539
TCGA-56-A4BX,LUSC,HLA-A,-1.1983988,-1.4479429
TCGA-56-A4BX,LUSC,HLA-B,-1.2678874,-2.6079674
TCGA-56-A4BX,LUSC,HLA-C,-1.2896398,-2.6928241
TCGA-56-A4BX,LUSC,HLA-DQA1,-1.2225039,-2.3866425
TCGA-56-A4BX,LUSC,HLA-DRB1,-1.2715614,-2.5345721
TCGA-56-A4BX,LUSC,CMKLR1,-1.0550003,-1.8946114
TCGA-56-A4BX,LUSC,HLA-E,-1.1372876,-1.6919842
TCGA-56-A4BX,LUSC,NKG7,-1.2146688,-2.3152559
TCGA-56-A4BX,LUSC,CD8A,-1.2149577,-0.9269295
TCGA-56-A4BX,LUSC,CCL5,-1.1748898,-3.1106567
TCGA-56-A4BX,LUSC,CXCL9,-1.1418133,-2.270103
TCGA-56-A4BX,LUSC,CD27,-1.0088509,-1.3024133
TCGA-56-A4BX,LUSC,CXCR6,-1.2165699,-1.8667475
TCGA-56-A4BX,LUSC,IDO1,-0.9401848,-1.6813725
TCGA-56-A4BX,LUSC,STAT1,-0.95973414,-1.7248417
TCGA-56-A4BX,LUSC,CD274,-0.6017865,-0.3300077
TCGA-56-A4BX,LUSC,CD276,0.34407014,-0.8042022
TCGA-56-A4BX,LUSC,LAG3,-1.0198386,-0.93974245
TCGA-56-A4BX,LUSC,PDCD1LG2,-0.87010443,-1.296946
TCGA-56-A4BX,LUSC,TIGIT,-1.1074854,-1.7230071
TCGA-56-A4BX,LUSC,APM,-1.2458413,-2.5032723
TCGA-56-A4BX,LUSC,TIS,-1.3777435,-2.7285583
TCGA-21-1075,LUSC,TMB,0.4742257,-0.13728939
TCGA-21-1075,LUSC,PSMB5,0.066267505,0.3002717
TCGA-21-1075,LUSC,PSMB6,0.032635253,0.446935
TCGA-21-1075,LUSC,PSMB7,0.19173649,0.030655116
TCGA-21-1075,LUSC,PSMB8,-0.38968885,-1.9324206
TCGA-21-1075,LUSC,PSMB9,-0.2835527,-2.5591753
TCGA-21-1075,LUSC,PSMB10,-0.43396482,-2.0335696
TCGA-21-1075,LUSC,TAP1,-0.10765587,-2.3707728
TCGA-21-1075,LUSC,TAP2,0.006577713,-0.91858834
TCGA-21-1075,LUSC,ERAP1,-0.23257875,-0.4060749
TCGA-21-1075,LUSC,ERAP2,0.035351384,-0.16547073
TCGA-21-1075,LUSC,TAPBP,-0.2455854,-1.2365226
TCGA-21-1075,LUSC,CANX,-0.052060574,-0.46411848
TCGA-21-1075,LUSC,CALR,0.07897351,-0.35600162
TCGA-21-1075,LUSC,PDIA3,-0.12224634,0.38130227
TCGA-21-1075,LUSC,B2M,-0.3720418,-2.2352245
TCGA-21-1075,LUSC,HLA-A,-0.5301327,-1.6262411
TCGA-21-1075,LUSC,HLA-B,-0.50272095,-3.2813165
TCGA-21-1075,LUSC,HLA-C,-0.5357636,-2.1789663
TCGA-21-1075,LUSC,HLA-DQA1,-0.52434283,-1.8177623
TCGA-21-1075,LUSC,HLA-DRB1,-0.6009725,-1.8089167
TCGA-21-1075,LUSC,CMKLR1,-0.36065346,-1.9363592
TCGA-21-1075,LUSC,HLA-E,-0.47015315,-2.8126154
TCGA-21-1075,LUSC,NKG7,-0.3290978,-2.1221204
TCGA-21-1075,LUSC,CD8A,-0.30052084,-1.9146253
TCGA-21-1075,LUSC,CCL5,-0.31694847,-2.2852697
TCGA-21-1075,LUSC,CXCL9,-0.27341905,-1.9705464
TCGA-21-1075,LUSC,CD27,-0.39900476,-1.7111049
TCGA-21-1075,LUSC,CXCR6,-0.30749667,-1.6753736
TCGA-21-1075,LUSC,IDO1,-0.2575893,-1.4700062
TCGA-21-1075,LUSC,STAT1,0.049865294,-1.8433584
TCGA-21-1075,LUSC,CD274,0.1311368,1.0069901
TCGA-21-1075,LUSC,CD276,0.13666464,-0.23134138
TCGA-21-1075,LUSC,LAG3,-0.18194707,-1.765235
TCGA-21-1075,LUSC,PDCD1LG2,-0.02667823,0.04952079
TCGA-21-1075,LUSC,TIGIT,-0.25224897,-1.5982835
TCGA-21-1075,LUSC,APM,-0.30465764,-2.2581398
TCGA-21-1075,LUSC,TIS,-0.31275943,-2.1311839
TCGA-55-6978,LUAD,TMB,0.33036548,-1.821439
TCGA-55-6978,LUAD,PSMB5,0.0486317,-0.77905834
TCGA-55-6978,LUAD,PSMB6,0.18439785,-0.37345046
TCGA-55-6978,LUAD,PSMB7,0.28310132,-0.24380665
TCGA-55-6978,LUAD,PSMB8,0.9846403,0.77148134
TCGA-55-6978,LUAD,PSMB9,1.266648,1.6554724
TCGA-55-6978,LUAD,PSMB10,0.93183815,1.4527621
TCGA-55-6978,LUAD,TAP1,1.222705,1.5076331
TCGA-55-6978,LUAD,TAP2,1.1293198,2.1009653
TCGA-55-6978,LUAD,ERAP1,0.672322,1.3328011
TCGA-55-6978,LUAD,ERAP2,0.44756252,2.135871
TCGA-55-6978,LUAD,TAPBP,0.77729404,0.9308864
TCGA-55-6978,LUAD,CANX,0.20136046,-0.17657891
TCGA-55-6978,LUAD,CALR,0.22189792,-0.76885647
TCGA-55-6978,LUAD,PDIA3,-0.22090821,-0.5945765
TCGA-55-6978,LUAD,B2M,0.8928464,1.2576133
TCGA-55-6978,LUAD,HLA-A,0.86666125,0.56339264
TCGA-55-6978,LUAD,HLA-B,1.0767264,0.7482526
TCGA-55-6978,LUAD,HLA-C,0.87541676,0.45284417
TCGA-55-6978,LUAD,HLA-DQA1,0.83960456,0.87066096
TCGA-55-6978,LUAD,HLA-DRB1,0.7372319,0.48489788
TCGA-55-6978,LUAD,CMKLR1,0.8582981,2.1551845
TCGA-55-6978,LUAD,HLA-E,0.80795085,1.0889013
TCGA-55-6978,LUAD,NKG7,1.2252614,1.8205069
TCGA-55-6978,LUAD,CD8A,1.2025257,2.1582956
TCGA-55-6978,LUAD,CCL5,1.1572745,1.7153708
TCGA-55-6978,LUAD,CXCL9,1.1509955,2.208083
TCGA-55-6978,LUAD,CD27,0.77666414,0.59996355
TCGA-55-6978,LUAD,CXCR6,1.0904052,2.0452585
TCGA-55-6978,LUAD,IDO1,0.88875043,2.1765351
TCGA-55-6978,LUAD,STAT1,1.1584673,2.122523
TCGA-55-6978,LUAD,CD274,0.8630664,2.0896091
TCGA-55-6978,LUAD,CD276,-0.019082442,0.8530719
TCGA-55-6978,LUAD,LAG3,1.1340435,1.7059746
TCGA-55-6978,LUAD,PDCD1LG2,1.0363224,2.2550225
TCGA-55-6978,LUAD,TIGIT,1.0345893,1.8604516
TCGA-55-6978,LUAD,APM,1.1517107,1.2971187
TCGA-55-6978,LUAD,TIS,1.2265394,2.0206378
TCGA-55-8091,LUAD,TMB,0.3223856,-1.9185944
TCGA-55-8091,LUAD,PSMB5,-0.10643079,-0.32140303
TCGA-55-8091,LUAD,PSMB6,-0.065160885,-1.3938832
TCGA-55-8091,LUAD,PSMB7,-0.07422092,0.24845695
TCGA-55-8091,LUAD,PSMB8,0.81702363,-0.083619
TCGA-55-8091,LUAD,PSMB9,1.0354694,0.39437366
TCGA-55-8091,LUAD,PSMB10,0.8256073,1.0147425
TCGA-55-8091,LUAD,TAP1,0.9542263,0.13879725
TCGA-55-8091,LUAD,TAP2,0.8632554,-0.13712445
TCGA-55-8091,LUAD,ERAP1,0.6782023,1.7903045
TCGA-55-8091,LUAD,ERAP2,0.34630173,2.111668
TCGA-55-8091,LUAD,TAPBP,0.72377795,-0.29470947
TCGA-55-8091,LUAD,CANX,0.28042993,0.9765339
TCGA-55-8091,LUAD,CALR,0.14660147,-0.5609994
TCGA-55-8091,LUAD,PDIA3,-0.0990986,-0.028388148
TCGA-55-8091,LUAD,B2M,0.7893932,0.9253909
TCGA-55-8091,LUAD,HLA-A,0.73671836,0.6741191
TCGA-55-8091,LUAD,HLA-B,0.8992937,0.6781962
TCGA-55-8091,LUAD,HLA-C,0.7544952,0.5302035
TCGA-55-8091,LUAD,HLA-DQA1,0.7895794,2.0015738
TCGA-55-8091,LUAD,HLA-DRB1,0.64806587,1.3544356
TCGA-55-8091,LUAD,CMKLR1,0.8594788,0.40645155
TCGA-55-8091,LUAD,HLA-E,0.75148016,0.56937474
TCGA-55-8091,LUAD,NKG7,0.9516147,-0.11362835
TCGA-55-8091,LUAD,CD8A,0.9381722,-0.6026578
TCGA-55-8091,LUAD,CCL5,0.9065447,0.1291115
TCGA-55-8091,LUAD,CXCL9,0.92996204,0.9105911
TCGA-55-8091,LUAD,CD27,0.79349244,-0.3132166
TCGA-55-8091,LUAD,CXCR6,0.94887,0.29542077
TCGA-55-8091,LUAD,IDO1,0.7427398,2.6370158
TCGA-55-8091,LUAD,STAT1,1.0310738,1.0427735
TCGA-55-8091,LUAD,CD274,0.6359705,1.1071445
TCGA-55-8091,LUAD,CD276,-0.16003378,0.33025888
TCGA-55-8091,LUAD,LAG3,0.8883501,-0.11187846
TCGA-55-8091,LUAD,PDCD1LG2,0.8205554,0.8930128
TCGA-55-8091,LUAD,TIGIT,0.85767615,0.09935695
TCGA-55-8091,LUAD,APM,0.9314545,0.78926605
TCGA-55-8091,LUAD,TIS,1.051434,1.0923285
TCGA-38-7271,LUAD,TMB,-0.26577324,-1.4141427
TCGA-38-7271,LUAD,PSMB5,-0.45579797,-0.9603391
TCGA-38-7271,LUAD,PSMB6,-0.32613963,-0.77540225
TCGA-38-7271,LUAD,PSMB7,-0.26242334,-0.86266667
TCGA-38-7271,LUAD,PSMB8,0.40799266,0.3663313
TCGA-38-7271,LUAD,PSMB9,0.3843984,0.92457956
TCGA-38-7271,LUAD,PSMB10,0.4883596,1.0459248
TCGA-38-7271,LUAD,TAP1,0.32611185,0.44458586
TCGA-38-7271,LUAD,TAP2,0.25430936,0.39931566
TCGA-38-7271,LUAD,ERAP1,0.47269624,1.0627692
TCGA-38-7271,LUAD,ERAP2,0.3219521,1.4724022
TCGA-38-7271,LUAD,TAPBP,0.49792966,0.9242005
TCGA-38-7271,LUAD,CANX,0.20858845,0.07608619
TCGA-38-7271,LUAD,CALR,-0.08836906,-0.07988455
TCGA-38-7271,LUAD,PDIA3,-0.06363468,-0.4014043
TCGA-38-7271,LUAD,B2M,0.5935782,1.2440634
TCGA-38-7271,LUAD,HLA-A,0.5042032,0.9012135
TCGA-38-7271,LUAD,HLA-B,0.64778054,1.0496398
TCGA-38-7271,LUAD,HLA-C,0.6624827,1.2809807
TCGA-38-7271,LUAD,HLA-DQA1,0.6563211,1.610262
TCGA-38-7271,LUAD,HLA-DRB1,0.68048966,1.4087646
TCGA-38-7271,LUAD,CMKLR1,0.49282923,1.5006131
TCGA-38-7271,LUAD,HLA-E,0.71503305,1.862089
TCGA-38-7271,LUAD,NKG7,0.37252998,1.6780092
TCGA-38-7271,LUAD,CD8A,0.52616704,2.0654428
TCGA-38-7271,LUAD,CCL5,0.50854224,1.5841955
TCGA-38-7271,LUAD,CXCL9,0.34444267,1.0808731
TCGA-38-7271,LUAD,CD27,0.55935,2.9990406
TCGA-38-7271,LUAD,CXCR6,0.52768004,2.0862916
TCGA-38-7271,LUAD,IDO1,0.32042438,0.4624369
TCGA-38-7271,LUAD,STAT1,0.28066343,0.37872487
TCGA-38-7271,LUAD,CD274,-0.01889522,0.042043064
TCGA-38-7271,LUAD,CD276,-0.32923087,-1.0803083
TCGA-38-7271,LUAD,LAG3,0.33016068,0.8240565
TCGA-38-7271,LUAD,PDCD1LG2,0.15104823,1.1289908
TCGA-38-7271,LUAD,TIGIT,0.49954748,2.89659
TCGA-38-7271,LUAD,APM,0.4995553,0.9660093
TCGA-38-7271,LUAD,TIS,0.5321281,1.7841438
TCGA-38-4630,LUAD,TMB,0.37618303,-0.72059053
TCGA-38-4630,LUAD,PSMB5,0.1876665,1.6698781
TCGA-38-4630,LUAD,PSMB6,0.24971938,1.0437534
TCGA-38-4630,LUAD,PSMB7,0.34767905,-0.38360864
TCGA-38-4630,LUAD,PSMB8,-0.56508225,-0.43162513
TCGA-38-4630,LUAD,PSMB9,-0.33935463,-0.7510765
TCGA-38-4630,LUAD,PSMB10,-0.7314509,-1.2501177
TCGA-38-4630,LUAD,TAP1,-0.034200888,-0.87938976
TCGA-38-4630,LUAD,TAP2,-0.27752882,-0.35008794
TCGA-38-4630,LUAD,ERAP1,-0.13658063,-0.30283892
TCGA-38-4630,LUAD,ERAP2,-0.19540355,-1.4221259
TCGA-38-4630,LUAD,TAPBP,-0.5188961,-1.8568168
TCGA-38-4630,LUAD,CANX,-0.16994044,-1.214774
TCGA-38-4630,LUAD,CALR,0.12990165,1.2147658
TCGA-38-4630,LUAD,PDIA3,-0.22086596,-0.5839319
TCGA-38-4630,LUAD,B2M,-0.5179874,-1.2873816
TCGA-38-4630,LUAD,HLA-A,-0.7344433,-0.7196471
TCGA-38-4630,LUAD,HLA-B,-0.6536816,-0.8299672
TCGA-38-4630,LUAD,HLA-C,-0.6671704,0.19554208
TCGA-38-4630,LUAD,HLA-DQA1,-0.55756974,-0.22448798
TCGA-38-4630,LUAD,HLA-DRB1,-0.76772517,-0.4122141
TCGA-38-4630,LUAD,CMKLR1,-0.24586932,-0.38441783
TCGA-38-4630,LUAD,HLA-E,-0.8513278,-1.2468394
TCGA-38-4630,LUAD,NKG7,-0.17736027,-0.86591893
TCGA-38-4630,LUAD,CD8A,-0.12063271,-0.20208104
TCGA-38-4630,LUAD,CCL5,-0.15882565,-0.46713933
TCGA-38-4630,LUAD,CXCL9,-0.07597892,0.17440267
TCGA-38-4630,LUAD,CD27,-0.30088916,-0.81210864
TCGA-38-4630,LUAD,CXCR6,-0.26303986,-0.8640642
TCGA-38-4630,LUAD,IDO1,-0.30946314,-0.2072467
TCGA-38-4630,LUAD,STAT1,-0.0006166369,1.4302678
TCGA-38-4630,LUAD,CD274,0.050499488,-0.932645
TCGA-38-4630,LUAD,CD276,0.38231492,-0.44368672
TCGA-38-4630,LUAD,LAG3,0.039471433,-0.15163817
TCGA-38-4630,LUAD,PDCD1LG2,-0.040771537,-0.27735114
TCGA-38-4630,LUAD,TIGIT,-0.21480231,-0.4607537
TCGA-38-4630,LUAD,APM,-0.5419777,-0.8849381
TCGA-38-4630,LUAD,TIS,-0.32869953,-0.58374774
TCGA-38-4631,LUAD,TMB,0.68819827,1.567768
TCGA-38-4631,LUAD,PSMB5,0.3352366,1.318835
TCGA-38-4631,LUAD,PSMB6,0.15079919,0.90426314
TCGA-38-4631,LUAD,PSMB7,-0.0258524,0.95722383
TCGA-38-4631,LUAD,PSMB8,-0.38775063,2.3575776
TCGA-38-4631,LUAD,PSMB9,-0.20155425,1.3794994
TCGA-38-4631,LUAD,PSMB10,-0.5489532,0.61798036
TCGA-38-4631,LUAD,TAP1,-0.094536826,1.2826055
TCGA-38-4631,LUAD,TAP2,-0.18277147,0.004676907
TCGA-38-4631,LUAD,ERAP1,-0.34471634,-0.3587311
TCGA-38-4631,LUAD,ERAP2,-0.21502121,-1.3552179
TCGA-38-4631,LUAD,TAPBP,-0.28591195,-0.48359796
TCGA-38-4631,LUAD,CANX,-0.0048767687,-0.6131629
TCGA-38-4631,LUAD,CALR,0.37506264,0.27508757
TCGA-38-4631,LUAD,PDIA3,0.044343106,-1.037993
TCGA-38-4631,LUAD,B2M,-0.3605371,0.50936824
TCGA-38-4631,LUAD,HLA-A,-0.44530672,-0.25722754
TCGA-38-4631,LUAD,HLA-B,-0.406542,-0.07208953
TCGA-38-4631,LUAD,HLA-C,-0.36432916,0.87753487
TCGA-38-4631,LUAD,HLA-DQA1,-0.3504091,-0.3611272
TCGA-38-4631,LUAD,HLA-DRB1,-0.5500991,-0.00609179
TCGA-38-4631,LUAD,CMKLR1,-0.079616055,-1.2985048
TCGA-38-4631,LUAD,HLA-E,-0.62560225,-0.1543359
TCGA-38-4631,LUAD,NKG7,-0.1630626,0.17808059
TCGA-38-4631,LUAD,CD8A,-0.15844604,-0.23021343
TCGA-38-4631,LUAD,CCL5,-0.18955335,-0.2987745
TCGA-38-4631,LUAD,CXCL9,-0.10601939,0.04003738
TCGA-38-4631,LUAD,CD27,-0.12624688,0.11586092
TCGA-38-4631,LUAD,CXCR6,-0.17288573,-0.20176072
TCGA-38-4631,LUAD,IDO1,-0.119126484,-0.4483867
TCGA-38-4631,LUAD,STAT1,-0.032536585,0.4611015
TCGA-38-4631,LUAD,CD274,-0.010926336,-1.1407881
TCGA-38-4631,LUAD,CD276,0.16067562,-1.2838827
TCGA-38-4631,LUAD,LAG3,0.020083219,-0.4244949
TCGA-38-4631,LUAD,PDCD1LG2,-0.06270556,-0.20632784
TCGA-38-4631,LUAD,TIGIT,-0.1334859,-0.8265534
TCGA-38-4631,LUAD,APM,-0.36102095,0.56146485
TCGA-38-4631,LUAD,TIS,-0.23610082,-0.50182086
TCGA-44-6776,LUAD,TMB,-0.7260579,-0.12257422
TCGA-44-6776,LUAD,PSMB5,-0.5249692,0.1512722
TCGA-44-6776,LUAD,PSMB6,-0.43981776,1.0589026
TCGA-44-6776,LUAD,PSMB7,-0.67716545,0.2883516
TCGA-44-6776,LUAD,PSMB8,-0.38252223,-1.0672309
TCGA-44-6776,LUAD,PSMB9,-0.82331955,-1.9724615
TCGA-44-6776,LUAD,PSMB10,-0.30804187,-0.50895864
TCGA-44-6776,LUAD,TAP1,-1.0251117,-1.2800847
TCGA-44-6776,LUAD,TAP2,-0.9224278,-1.124806
TCGA-44-6776,LUAD,ERAP1,-0.104108416,-0.14414312
TCGA-44-6776,LUAD,ERAP2,-0.068546236,0.2169867
TCGA-44-6776,LUAD,TAPBP,-0.16565068,0.15953593
TCGA-44-6776,LUAD,CANX,0.43827948,0.8471251
TCGA-44-6776,LUAD,CALR,-0.21314673,-0.31027916
TCGA-44-6776,LUAD,PDIA3,0.590031,1.0134207
TCGA-44-6776,LUAD,B2M,-0.30848932,-0.77634364
TCGA-44-6776,LUAD,HLA-A,-0.25440708,-0.045782927
TCGA-44-6776,LUAD,HLA-B,-0.411102,-1.1439368
TCGA-44-6776,LUAD,HLA-C,-0.33215478,-0.13936742
TCGA-44-6776,LUAD,HLA-DQA1,-0.25313914,-0.53164655
TCGA-44-6776,LUAD,HLA-DRB1,0.071910955,-0.18522772
TCGA-44-6776,LUAD,CMKLR1,-0.3611526,-0.6322959
TCGA-44-6776,LUAD,HLA-E,-0.1835063,-0.28979045
TCGA-44-6776,LUAD,NKG7,-1.0013443,-1.2707258
TCGA-44-6776,LUAD,CD8A,-0.8652315,-0.8714783
TCGA-44-6776,LUAD,CCL5,-0.8913456,-0.70978504
TCGA-44-6776,LUAD,CXCL9,-1.0349594,-1.1375391
TCGA-44-6776,LUAD,CD27,-0.44469565,-0.65550363
TCGA-44-6776,LUAD,CXCR6,-0.69645965,-0.76364505
TCGA-44-6776,LUAD,IDO1,-0.77370834,-0.4466444
TCGA-44-6776,LUAD,STAT1,-0.91758096,-1.3986841
TCGA-44-6776,LUAD,CD274,-0.9877502,-1.05362
TCGA-44-6776,LUAD,CD276,-0.6126132,-0.7897037
TCGA-44-6776,LUAD,LAG3,-1.0786908,-0.81545275
TCGA-44-6776,LUAD,PDCD1LG2,-0.9706863,-1.2500122
TCGA-44-6776,LUAD,TIGIT,-0.76239157,-1.0787425
TCGA-44-6776,LUAD,APM,-0.4970645,-0.58314776
TCGA-44-6776,LUAD,TIS,-0.8008629,-1.3003451
TCGA-80-5607,LUAD,TMB,-0.9689487,-0.6348723
TCGA-80-5607,LUAD,PSMB5,-0.7481398,-0.37089926
TCGA-80-5607,LUAD,PSMB6,-0.6726191,0.17130306
TCGA-80-5607,LUAD,PSMB7,-0.6477807,0.23477934
TCGA-80-5607,LUAD,PSMB8,0.16455372,1.3283867
TCGA-80-5607,LUAD,PSMB9,-0.15448086,0.77063084
TCGA-80-5607,LUAD,PSMB10,0.3049086,0.8842935
TCGA-80-5607,LUAD,TAP1,-0.4265789,1.3114513
TCGA-80-5607,LUAD,TAP2,-0.28879878,0.36557898
TCGA-80-5607,LUAD,ERAP1,0.30798298,0.71588117
TCGA-80-5607,LUAD,ERAP2,0.33127707,-0.8665245
TCGA-80-5607,LUAD,TAPBP,0.12727618,0.95725095
TCGA-80-5607,LUAD,CANX,0.32060415,-0.13915072
TCGA-80-5607,LUAD,CALR,-0.6071845,-0.65514743
TCGA-80-5607,LUAD,PDIA3,-0.18566534,-0.3370602
TCGA-80-5607,LUAD,B2M,0.23891154,0.46748737
TCGA-80-5607,LUAD,HLA-A,0.2780773,1.2056532
TCGA-80-5607,LUAD,HLA-B,0.35761625,1.3437576
TCGA-80-5607,LUAD,HLA-C,0.34749517,0.8271908
TCGA-80-5607,LUAD,HLA-DQA1,0.6260586,0.56925577
TCGA-80-5607,LUAD,HLA-DRB1,0.85571593,0.61585754
TCGA-80-5607,LUAD,CMKLR1,0.16411835,-0.06435018
TCGA-80-5607,LUAD,HLA-E,0.5983175,1.6122255
TCGA-80-5607,LUAD,NKG7,-0.35206413,0.33290604
TCGA-80-5607,LUAD,CD8A,-0.16832297,1.1048872
TCGA-80-5607,LUAD,CCL5,-0.09627004,0.34123105
TCGA-80-5607,LUAD,CXCL9,-0.20306167,0.45873168
TCGA-80-5607,LUAD,CD27,0.3386374,-0.1278331
TCGA-80-5607,LUAD,CXCR6,0.020557573,0.74895054
TCGA-80-5607,LUAD,IDO1,-0.27362472,0.6674809
TCGA-80-5607,LUAD,STAT1,-0.40565395,0.65929747
TCGA-80-5607,LUAD,CD274,-0.44749555,-0.29783928
TCGA-80-5607,LUAD,CD276,-0.97162646,-0.41660926
TCGA-80-5607,LUAD,LAG3,-0.35990545,0.35668606
TCGA-80-5607,LUAD,PDCD1LG2,-0.48001462,-0.18719877
TCGA-80-5607,LUAD,TIGIT,0.0057178633,0.8577803
TCGA-80-5607,LUAD,APM,0.024560804,0.8228784
TCGA-80-5607,LUAD,TIS,0.038084377,0.5433427
TCGA-44-6146,LUAD,TMB,-1.2097619,-1.6446419
TCGA-44-6146,LUAD,PSMB5,-0.8128465,-2.5261514
TCGA-44-6146,LUAD,PSMB6,-0.58962524,-1.1039652
TCGA-44-6146,LUAD,PSMB7,-0.58256704,-0.4319022
TCGA-44-6146,LUAD,PSMB8,0.11900711,-0.46019512
TCGA-44-6146,LUAD,PSMB9,-0.26279983,-1.3865057
TCGA-44-6146,LUAD,PSMB10,0.4207049,-0.14908585
TCGA-44-6146,LUAD,TAP1,-0.48993617,-0.87975967
TCGA-44-6146,LUAD,TAP2,-0.3010266,-1.4982271
TCGA-44-6146,LUAD,ERAP1,0.52189463,-0.42557558
TCGA-44-6146,LUAD,ERAP2,0.20095678,-0.55941
TCGA-44-6146,LUAD,TAPBP,0.30100456,-0.56400824
TCGA-44-6146,LUAD,CANX,0.13331787,-0.9342723
TCGA-44-6146,LUAD,CALR,-0.59983426,-1.3546996
TCGA-44-6146,LUAD,PDIA3,0.20993647,1.2473817
TCGA-44-6146,LUAD,B2M,0.32027286,-0.06394481
TCGA-44-6146,LUAD,HLA-A,0.34776178,-0.2659557
TCGA-44-6146,LUAD,HLA-B,0.31598696,-0.47831234
TCGA-44-6146,LUAD,HLA-C,0.28696287,0.1365908
TCGA-44-6146,LUAD,HLA-DQA1,0.24928439,-0.7495167
TCGA-44-6146,LUAD,HLA-DRB1,0.48010817,-0.38205144
TCGA-44-6146,LUAD,CMKLR1,0.014324293,-0.4233111
TCGA-44-6146,LUAD,HLA-E,0.66071,0.6044805
TCGA-44-6146,LUAD,NKG7,-0.5413565,-0.96811724
TCGA-44-6146,LUAD,CD8A,-0.44600543,-0.8683214
TCGA-44-6146,LUAD,CCL5,-0.34483644,-1.135613
TCGA-44-6146,LUAD,CXCL9,-0.67792183,-1.0150838
TCGA-44-6146,LUAD,CD27,-0.09031008,-1.1193899
TCGA-44-6146,LUAD,CXCR6,-0.37479678,-0.63651866
TCGA-44-6146,LUAD,IDO1,-0.39250755,-0.95920604
TCGA-44-6146,LUAD,STAT1,-0.5514749,-0.8426855
TCGA-44-6146,LUAD,CD274,-0.6504832,-1.0492716
TCGA-44-6146,LUAD,CD276,-0.25064093,-0.7516238
TCGA-44-6146,LUAD,LAG3,-0.69863117,-1.5881343
TCGA-44-6146,LUAD,PDCD1LG2,-0.5014874,-1.4870105
TCGA-44-6146,LUAD,TIGIT,-0.41482106,-1.4358072
TCGA-44-6146,LUAD,APM,0.094215274,-0.9434126
TCGA-44-6146,LUAD,TIS,-0.20964733,-1.1459434
TCGA-55-6979,LUAD,TMB,0.4218565,-0.72059053
TCGA-55-6979,LUAD,PSMB5,-0.01992307,-0.6642563
TCGA-55-6979,LUAD,PSMB6,0.012895564,-0.37638932
TCGA-55-6979,LUAD,PSMB7,0.03489505,0.15732333
TCGA-55-6979,LUAD,PSMB8,0.9161062,0.88745517
TCGA-55-6979,LUAD,PSMB9,1.2030157,1.4301739
TCGA-55-6979,LUAD,PSMB10,0.88895255,1.0410694
TCGA-55-6979,LUAD,TAP1,1.1163505,1.2217215
TCGA-55-6979,LUAD,TAP2,1.0052475,1.1593016
TCGA-55-6979,LUAD,ERAP1,0.6462809,0.9812584
TCGA-55-6979,LUAD,ERAP2,0.434385,-0.53905696
TCGA-55-6979,LUAD,TAPBP,0.76268893,0.55171186
TCGA-55-6979,LUAD,CANX,0.23189597,-0.53519577
TCGA-55-6979,LUAD,CALR,0.18987183,-0.8837861
TCGA-55-6979,LUAD,PDIA3,-0.23752949,-1.1380138
TCGA-55-6979,LUAD,B2M,0.8552357,0.9587478
TCGA-55-6979,LUAD,HLA-A,0.8425657,1.0203302
TCGA-55-6979,LUAD,HLA-B,1.0056039,1.2003685
TCGA-55-6979,LUAD,HLA-C,0.8231125,0.40068787
TCGA-55-6979,LUAD,HLA-DQA1,0.88174975,1.2023555
TCGA-55-6979,LUAD,HLA-DRB1,0.7216504,0.94336146
TCGA-55-6979,LUAD,CMKLR1,0.941017,1.934384
TCGA-55-6979,LUAD,HLA-E,0.7968879,1.2430116
TCGA-55-6979,LUAD,NKG7,1.1790227,1.0929736
TCGA-55-6979,LUAD,CD8A,1.1395935,1.4842494
TCGA-55-6979,LUAD,CCL5,1.0777572,1.1735116
TCGA-55-6979,LUAD,CXCL9,1.1339004,1.9237595
TCGA-55-6979,LUAD,CD27,0.8689125,1.4401513
TCGA-55-6979,LUAD,CXCR6,1.1217928,1.5215857
TCGA-55-6979,LUAD,IDO1,0.8794855,1.9332535
TCGA-55-6979,LUAD,STAT1,1.1535513,1.6110165
TCGA-55-6979,LUAD,CD274,0.7485813,1.5706046
TCGA-55-6979,LUAD,CD276,-0.20048638,0.6766363
TCGA-55-6979,LUAD,LAG3,1.0967022,1.5366662
TCGA-55-6979,LUAD,PDCD1LG2,0.97203696,1.6269146
TCGA-55-6979,LUAD,TIGIT,1.058487,1.9282746
TCGA-55-6979,LUAD,APM,1.0470201,0.7833091
TCGA-55-6979,LUAD,TIS,1.2073934,1.6913099
TCGA-78-7633,LUAD,TMB,-0.534386,-0.83535767
TCGA-78-7633,LUAD,PSMB5,-0.3932208,0.04679925
TCGA-78-7633,LUAD,PSMB6,-0.17645963,0.47832605
TCGA-78-7633,LUAD,PSMB7,-0.32572192,-0.7229565
TCGA-78-7633,LUAD,PSMB8,0.20107314,-0.57532674
TCGA-78-7633,LUAD,PSMB9,-0.13566026,-1.5664356
TCGA-78-7633,LUAD,PSMB10,0.25191528,-0.9168174
TCGA-78-7633,LUAD,TAP1,-0.47293645,-1.1817018
TCGA-78-7633,LUAD,TAP2,-0.3465039,-1.2982972
TCGA-78-7633,LUAD,ERAP1,0.2061487,1.3053707
TCGA-78-7633,LUAD,ERAP2,0.23715512,-1.3495297
TCGA-78-7633,LUAD,TAPBP,0.4327363,0.19395147
TCGA-78-7633,LUAD,CANX,0.5171391,2.2657096
TCGA-78-7633,LUAD,CALR,-0.11566736,1.0987827
TCGA-78-7633,LUAD,PDIA3,0.68553245,2.7041512
TCGA-78-7633,LUAD,B2M,0.13774881,-0.3312318
TCGA-78-7633,LUAD,HLA-A,0.28815126,1.2505554
TCGA-78-7633,LUAD,HLA-B,0.16759184,-0.5747434
TCGA-78-7633,LUAD,HLA-C,0.19712695,-0.1509518
TCGA-78-7633,LUAD,HLA-DQA1,-0.010115209,-1.0750762
TCGA-78-7633,LUAD,HLA-DRB1,0.29410398,-0.9739757
TCGA-78-7633,LUAD,CMKLR1,-0.25924462,-0.7252162
TCGA-78-7633,LUAD,HLA-E,0.20915298,0.09480611
TCGA-78-7633,LUAD,NKG7,-0.3933908,-1.0290334
TCGA-78-7633,LUAD,CD8A,-0.28856993,-1.5695392
TCGA-78-7633,LUAD,CCL5,-0.26145345,-1.6253827
TCGA-78-7633,LUAD,CXCL9,-0.5428292,-1.5106584
TCGA-78-7633,LUAD,CD27,-0.16096142,-1.6941527
TCGA-78-7633,LUAD,CXCR6,-0.32495886,-1.2486874
TCGA-78-7633,LUAD,IDO1,-0.20534912,-0.4459815
TCGA-78-7633,LUAD,STAT1,-0.3850294,-1.2160602
TCGA-78-7633,LUAD,CD274,-0.612564,-1.1959928
TCGA-78-7633,LUAD,CD276,-0.49586016,-0.8892156
TCGA-78-7633,LUAD,LAG3,-0.52879095,-1.6607909
TCGA-78-7633,LUAD,PDCD1LG2,-0.6129491,-1.2943159
TCGA-78-7633,LUAD,TIGIT,-0.3681181,-1.4240284
TCGA-78-7633,LUAD,APM,0.1683627,-0.21847953
TCGA-78-7633,LUAD,TIS,-0.26447743,-1.7298377
TCGA-64-1677,LUAD,TMB,-0.0024007156,-0.12257422
TCGA-64-1677,LUAD,PSMB5,0.2754981,1.8060781
TCGA-64-1677,LUAD,PSMB6,0.26621306,2.404856
TCGA-64-1677,LUAD,PSMB7,0.064477585,1.8749914
TCGA-64-1677,LUAD,PSMB8,0.2377739,1.8408399
TCGA-64-1677,LUAD,PSMB9,0.1816617,1.4209754
TCGA-64-1677,LUAD,PSMB10,0.28576526,0.31594872
TCGA-64-1677,LUAD,TAP1,-0.053717256,1.1176924
TCGA-64-1677,LUAD,TAP2,-0.07032129,1.381251
TCGA-64-1677,LUAD,ERAP1,-0.19385426,-0.3767785
TCGA-64-1677,LUAD,ERAP2,0.021764975,1.1624583
TCGA-64-1677,LUAD,TAPBP,0.19936314,1.4149137
TCGA-64-1677,LUAD,CANX,0.1919295,0.3922153
TCGA-64-1677,LUAD,CALR,0.36603975,1.3839084
TCGA-64-1677,LUAD,PDIA3,0.5474757,-0.19182645
TCGA-64-1677,LUAD,B2M,0.31043905,0.31783777
TCGA-64-1677,LUAD,HLA-A,0.2760833,2.1819868
TCGA-64-1677,LUAD,HLA-B,0.2529809,1.1243923
TCGA-64-1677,LUAD,HLA-C,0.40495545,1.7549263
TCGA-64-1677,LUAD,HLA-DQA1,0.016026484,0.3330103
TCGA-64-1677,LUAD,HLA-DRB1,0.12833601,0.5388664
TCGA-64-1677,LUAD,CMKLR1,-0.08087183,-0.8723168
TCGA-64-1677,LUAD,HLA-E,0.22626857,0.47309873
TCGA-64-1677,LUAD,NKG7,0.10094724,1.2408714
TCGA-64-1677,LUAD,CD8A,-0.04888117,0.38931468
TCGA-64-1677,LUAD,CCL5,0.20897107,0.6314985
TCGA-64-1677,LUAD,CXCL9,0.0052450895,0.809062
TCGA-64-1677,LUAD,CD27,0.043141175,0.4078229
TCGA-64-1677,LUAD,CXCR6,-0.047388434,0.14726019
TCGA-64-1677,LUAD,IDO1,0.1513268,0.90394086
TCGA-64-1677,LUAD,STAT1,-0.101099946,0.54565173
TCGA-64-1677,LUAD,CD274,-0.1693893,0.2781475
TCGA-64-1677,LUAD,CD276,-0.11686536,-0.7165501
TCGA-64-1677,LUAD,LAG3,0.16497557,0.50311494
TCGA-64-1677,LUAD,PDCD1LG2,-0.18850109,-0.29766804
TCGA-64-1677,LUAD,TIGIT,-0.08034112,0.42702776
TCGA-64-1677,LUAD,APM,0.27039242,1.7723373
TCGA-64-1677,LUAD,TIS,0.13975781,0.31360844
TCGA-44-7670,LUAD,TMB,0.21241745,2.1407497
TCGA-44-7670,LUAD,PSMB5,-0.2106181,-0.6855722
TCGA-44-7670,LUAD,PSMB6,-0.38914227,0.5319784
TCGA-44-7670,LUAD,PSMB7,-0.54374385,-0.3354505
TCGA-44-7670,LUAD,PSMB8,-0.8837692,0.3266868
TCGA-44-7670,LUAD,PSMB9,-1.0519966,-0.20759927
TCGA-44-7670,LUAD,PSMB10,-0.98685217,-1.2348287
TCGA-44-7670,LUAD,TAP1,-1.093872,0.29518977
TCGA-44-7670,LUAD,TAP2,-1.0016674,-0.35109642
TCGA-44-7670,LUAD,ERAP1,-0.53957856,-1.8675095
TCGA-44-7670,LUAD,ERAP2,-0.3686747,-1.4846166
TCGA-44-7670,LUAD,TAPBP,-0.79808587,0.56587166
TCGA-44-7670,LUAD,CANX,0.16882768,0.19759649
TCGA-44-7670,LUAD,CALR,-0.059545886,-0.4152168
TCGA-44-7670,LUAD,PDIA3,0.2206922,-0.7508582
TCGA-44-7670,LUAD,B2M,-0.87974465,-0.8341751
TCGA-44-7670,LUAD,HLA-A,-0.9546668,0.16807236
TCGA-44-7670,LUAD,HLA-B,-1.0013453,-0.11606625
TCGA-44-7670,LUAD,HLA-C,-0.90377015,0.69082075
TCGA-44-7670,LUAD,HLA-DQA1,-0.62166804,-0.4223279
TCGA-44-7670,LUAD,HLA-DRB1,-0.6512717,-0.21137811
TCGA-44-7670,LUAD,CMKLR1,-0.5065636,-1.2403146
TCGA-44-7670,LUAD,HLA-E,-0.9978466,0.3646002
TCGA-44-7670,LUAD,NKG7,-1.0120828,-0.769491
TCGA-44-7670,LUAD,CD8A,-0.91206706,-0.29529205
TCGA-44-7670,LUAD,CCL5,-1.0620953,-0.733221
TCGA-44-7670,LUAD,CXCL9,-0.9114214,-0.33274287
TCGA-44-7670,LUAD,CD27,-0.49300075,-0.77406996
TCGA-44-7670,LUAD,CXCR6,-0.671167,-0.7775542
TCGA-44-7670,LUAD,IDO1,-0.76455164,-0.84735346
TCGA-44-7670,LUAD,STAT1,-0.81918156,0.72689235
TCGA-44-7670,LUAD,CD274,-0.8107292,-0.43527794
TCGA-44-7670,LUAD,CD276,-0.48018613,0.4969291
TCGA-44-7670,LUAD,LAG3,-0.818845,-0.479707
TCGA-44-7670,LUAD,PDCD1LG2,-0.8022868,-1.0035894
TCGA-44-7670,LUAD,TIGIT,-0.668887,-0.6022826
TCGA-44-7670,LUAD,APM,-1.0687076,-0.4658675
TCGA-44-7670,LUAD,TIS,-1.053381,-0.6240153
TCGA-49-4501,LUAD,TMB,-0.9540448,-1.6239778
TCGA-49-4501,LUAD,PSMB5,-0.6862267,0.75353587
TCGA-49-4501,LUAD,PSMB6,-0.4899783,0.16605109
TCGA-49-4501,LUAD,PSMB7,-0.50468934,-0.2612392
TCGA-49-4501,LUAD,PSMB8,0.3299153,1.3670219
TCGA-49-4501,LUAD,PSMB9,-0.005239877,0.8979516
TCGA-49-4501,LUAD,PSMB10,0.42310175,1.5224125
TCGA-49-4501,LUAD,TAP1,-0.45977038,0.28692746
TCGA-49-4501,LUAD,TAP2,-0.29950565,-0.63236564
TCGA-49-4501,LUAD,ERAP1,0.33402765,0.6270119
TCGA-49-4501,LUAD,ERAP2,0.30388075,1.1334183
TCGA-49-4501,LUAD,TAPBP,0.32869965,0.22868083
TCGA-49-4501,LUAD,CANX,0.46294785,1.6774
TCGA-49-4501,LUAD,CALR,-0.47497097,1.588456
TCGA-49-4501,LUAD,PDIA3,0.10341954,0.25047767
TCGA-49-4501,LUAD,B2M,0.46469298,1.126774
TCGA-49-4501,LUAD,HLA-A,0.49786645,1.2469417
TCGA-49-4501,LUAD,HLA-B,0.5063867,1.1789391
TCGA-49-4501,LUAD,HLA-C,0.51483953,1.6712939
TCGA-49-4501,LUAD,HLA-DQA1,0.70616066,0.32497486
TCGA-49-4501,LUAD,HLA-DRB1,0.9956666,1.2429423
TCGA-49-4501,LUAD,CMKLR1,0.12559623,0.4105544
TCGA-49-4501,LUAD,HLA-E,0.7151355,1.2274125
TCGA-49-4501,LUAD,NKG7,-0.3157234,0.18690033
TCGA-49-4501,LUAD,CD8A,-0.0803533,0.010618449
TCGA-49-4501,LUAD,CCL5,-0.012263683,0.35056207
TCGA-49-4501,LUAD,CXCL9,-0.3051769,-0.0892503
TCGA-49-4501,LUAD,CD27,0.15541904,0.65917474
TCGA-49-4501,LUAD,CXCR6,-0.056222785,0.10124819
TCGA-49-4501,LUAD,IDO1,-0.12752405,0.82414246
TCGA-49-4501,LUAD,STAT1,-0.4141466,-0.32011607
TCGA-49-4501,LUAD,CD274,-0.43854198,-0.3396878
TCGA-49-4501,LUAD,CD276,-0.6731761,-0.563903
TCGA-49-4501,LUAD,LAG3,-0.4680368,-0.98547244
TCGA-49-4501,LUAD,PDCD1LG2,-0.3729778,0.19323666
TCGA-49-4501,LUAD,TIGIT,0.005296947,0.25319672
TCGA-49-4501,LUAD,APM,0.23497672,1.3483188
TCGA-49-4501,LUAD,TIS,0.09927563,0.41406387
TCGA-67-3773,LUAD,TMB,-0.34335682,-0.8116695
TCGA-67-3773,LUAD,PSMB5,-0.51468986,0.9926036
TCGA-67-3773,LUAD,PSMB6,-0.34153718,-0.7012074
TCGA-67-3773,LUAD,PSMB7,-0.40669551,0.20663416
TCGA-67-3773,LUAD,PSMB8,0.5712072,2.3057203
TCGA-67-3773,LUAD,PSMB9,0.5324416,1.5874101
TCGA-67-3773,LUAD,PSMB10,0.7365821,1.2478243
TCGA-67-3773,LUAD,TAP1,0.28047484,1.0611707
TCGA-67-3773,LUAD,TAP2,0.16253702,0.0058524013
TCGA-67-3773,LUAD,ERAP1,0.2806316,0.25565627
TCGA-67-3773,LUAD,ERAP2,0.4145371,0.8626342
TCGA-67-3773,LUAD,TAPBP,0.5321178,0.45784277
TCGA-67-3773,LUAD,CANX,0.36586002,0.4203459
TCGA-67-3773,LUAD,CALR,-0.0056359246,0.017955577
TCGA-67-3773,LUAD,PDIA3,0.03273283,-0.56658137
TCGA-67-3773,LUAD,B2M,0.79723644,2.3358731
TCGA-67-3773,LUAD,HLA-A,0.67296296,1.4186094
TCGA-67-3773,LUAD,HLA-B,0.8319395,1.3974044
TCGA-67-3773,LUAD,HLA-C,0.8690488,1.4598864
TCGA-67-3773,LUAD,HLA-DQA1,0.9847411,1.5823026
TCGA-67-3773,LUAD,HLA-DRB1,1.120383,1.7840279
TCGA-67-3773,LUAD,CMKLR1,0.7534584,0.6653402
TCGA-67-3773,LUAD,HLA-E,0.9427229,1.4850076
TCGA-67-3773,LUAD,NKG7,0.3581903,0.42995298
TCGA-67-3773,LUAD,CD8A,0.39388925,0.586845
TCGA-67-3773,LUAD,CCL5,0.5420097,0.51107275
TCGA-67-3773,LUAD,CXCL9,0.5211811,0.9661218
TCGA-67-3773,LUAD,CD27,0.7006656,0.3659994
TCGA-67-3773,LUAD,CXCR6,0.5923804,1.6248966
TCGA-67-3773,LUAD,IDO1,0.20944934,0.33213833
TCGA-67-3773,LUAD,STAT1,0.24180076,0.20455916
TCGA-67-3773,LUAD,CD274,0.026261557,0.24988867
TCGA-67-3773,LUAD,CD276,-0.55782,-0.36277485
TCGA-67-3773,LUAD,LAG3,0.3130098,-0.47176012
TCGA-67-3773,LUAD,PDCD1LG2,0.23519018,0.67101717
TCGA-67-3773,LUAD,TIGIT,0.48686248,-0.50654197
TCGA-67-3773,LUAD,APM,0.5810739,1.4809563
TCGA-67-3773,LUAD,TIS,0.69572306,0.9470134
TCGA-55-6986,LUAD,TMB,-0.822203,-2.0499256
TCGA-55-6986,LUAD,PSMB5,-0.5194104,0.20208764
TCGA-55-6986,LUAD,PSMB6,-0.46135578,-0.30787668
TCGA-55-6986,LUAD,PSMB7,-0.55649436,-0.04342338
TCGA-55-6986,LUAD,PSMB8,-0.085860185,-0.5807026
TCGA-55-6986,LUAD,PSMB9,-0.45027718,-1.2750132
TCGA-55-6986,LUAD,PSMB10,0.025939155,-0.5841911
TCGA-55-6986,LUAD,TAP1,-0.62386686,-1.2953321
TCGA-55-6986,LUAD,TAP2,-0.49732056,-0.71029514
TCGA-55-6986,LUAD,ERAP1,0.132746,0.084955744
TCGA-55-6986,LUAD,ERAP2,0.0864541,-1.1672306
TCGA-55-6986,LUAD,TAPBP,-0.003842599,-0.8940479
TCGA-55-6986,LUAD,CANX,0.47729796,1.3643118
TCGA-55-6986,LUAD,CALR,-0.26779848,0.6719635
TCGA-55-6986,LUAD,PDIA3,0.13637409,0.64604914
TCGA-55-6986,LUAD,B2M,-0.03130838,-0.7382785
TCGA-55-6986,LUAD,HLA-A,0.03443844,-0.51989484
TCGA-55-6986,LUAD,HLA-B,0.021790722,-0.6568647
TCGA-55-6986,LUAD,HLA-C,0.08018365,-0.15100075
TCGA-55-6986,LUAD,HLA-DQA1,0.27207637,0.3792015
TCGA-55-6986,LUAD,HLA-DRB1,0.5186655,0.83316773
TCGA-55-6986,LUAD,CMKLR1,0.013341775,0.56017315
TCGA-55-6986,LUAD,HLA-E,0.24833822,0.49879923
TCGA-55-6986,LUAD,NKG7,-0.6573791,-0.66311044
TCGA-55-6986,LUAD,CD8A,-0.49977866,-0.46515802
TCGA-55-6986,LUAD,CCL5,-0.4599247,-0.47406146
TCGA-55-6986,LUAD,CXCL9,-0.60444564,-0.7342966
TCGA-55-6986,LUAD,CD27,-0.15171453,-0.32560065
TCGA-55-6986,LUAD,CXCR6,-0.40151295,-0.23873737
TCGA-55-6986,LUAD,IDO1,-0.41425857,-1.1101894
TCGA-55-6986,LUAD,STAT1,-0.5403055,-1.0520198
TCGA-55-6986,LUAD,CD274,-0.5935842,-0.40521693
TCGA-55-6986,LUAD,CD276,-0.5983807,-0.38686606
TCGA-55-6986,LUAD,LAG3,-0.76384896,-1.1729828
TCGA-55-6986,LUAD,PDCD1LG2,-0.56209916,-0.8489427
TCGA-55-6986,LUAD,TIGIT,-0.45493636,-0.79965544
TCGA-55-6986,LUAD,APM,-0.16404346,-0.7274261
TCGA-55-6986,LUAD,TIS,-0.33739096,-0.47191092
TCGA-97-8179,LUAD,TMB,-0.6971387,-0.29324454
TCGA-97-8179,LUAD,PSMB5,-0.8526241,0.39363623
TCGA-97-8179,LUAD,PSMB6,-0.8081671,0.4885389
TCGA-97-8179,LUAD,PSMB7,-0.77926123,-0.83299017
TCGA-97-8179,LUAD,PSMB8,-0.121182956,0.07716423
TCGA-97-8179,LUAD,PSMB9,-0.39489073,-0.5333567
TCGA-97-8179,LUAD,PSMB10,0.04903942,-0.040571786
TCGA-97-8179,LUAD,TAP1,-0.5167309,-0.4908385
TCGA-97-8179,LUAD,TAP2,-0.4506371,-1.0364031
TCGA-97-8179,LUAD,ERAP1,0.20267133,-1.2236699
TCGA-97-8179,LUAD,ERAP2,0.15553436,0.037746515
TCGA-97-8179,LUAD,TAPBP,0.0452893,0.57031995
TCGA-97-8179,LUAD,CANX,0.23177612,0.2150655
TCGA-97-8179,LUAD,CALR,-0.60371274,-0.26333168
TCGA-97-8179,LUAD,PDIA3,0.01791167,0.21854334
TCGA-97-8179,LUAD,B2M,0.07854144,-0.63018644
TCGA-97-8179,LUAD,HLA-A,0.019583682,0.74346864
TCGA-97-8179,LUAD,HLA-B,0.09764036,-0.04843201
TCGA-97-8179,LUAD,HLA-C,0.074995235,0.04329119
TCGA-97-8179,LUAD,HLA-DQA1,0.42301837,-0.58433837
TCGA-97-8179,LUAD,HLA-DRB1,0.5762142,0.017900178
TCGA-97-8179,LUAD,CMKLR1,0.1277102,0.22207263
TCGA-97-8179,LUAD,HLA-E,0.35882053,-0.13238746
TCGA-97-8179,LUAD,NKG7,-0.51933557,-1.0398934
TCGA-97-8179,LUAD,CD8A,-0.32950896,-0.77285343
TCGA-97-8179,LUAD,CCL5,-0.40291363,-1.0058657
TCGA-97-8179,LUAD,CXCL9,-0.3566932,-0.5349169
TCGA-97-8179,LUAD,CD27,0.14665984,-1.1508027
TCGA-97-8179,LUAD,CXCR6,-0.07691946,-0.63607985
TCGA-97-8179,LUAD,IDO1,-0.4423654,-0.5589864
TCGA-97-8179,LUAD,STAT1,-0.47305685,-0.6492375
TCGA-97-8179,LUAD,CD274,-0.5723988,-0.64682883
TCGA-97-8179,LUAD,CD276,-0.8277168,-1.2453264
TCGA-97-8179,LUAD,LAG3,-0.5067202,-0.86987716
TCGA-97-8179,LUAD,PDCD1LG2,-0.5023768,-0.8856612
TCGA-97-8179,LUAD,TIGIT,-0.10252948,-0.960245
TCGA-97-8179,LUAD,APM,-0.22083767,-0.15149532
TCGA-97-8179,LUAD,TIS,-0.19110368,-1.0002012
TCGA-55-A48Y,LUAD,TMB,-0.058378894,0.6053963
TCGA-55-A48Y,LUAD,PSMB5,-0.11541698,0.6871451
TCGA-55-A48Y,LUAD,PSMB6,-0.2356992,-1.2345407
TCGA-55-A48Y,LUAD,PSMB7,-0.516984,-0.7120366
TCGA-55-A48Y,LUAD,PSMB8,-0.37703377,-1.6780066
TCGA-55-A48Y,LUAD,PSMB9,-0.6290266,-1.1804358
TCGA-55-A48Y,LUAD,PSMB10,-0.39035225,-0.70014256
TCGA-55-A48Y,LUAD,TAP1,-0.70799,-0.8395196
TCGA-55-A48Y,LUAD,TAP2,-0.6064645,-1.3839253
TCGA-55-A48Y,LUAD,ERAP1,-0.22797403,-0.5950955
TCGA-55-A48Y,LUAD,ERAP2,-0.06298192,0.1558817
TCGA-55-A48Y,LUAD,TAPBP,-0.037739553,-0.45995313
TCGA-55-A48Y,LUAD,CANX,0.4043917,0.09140964
TCGA-55-A48Y,LUAD,CALR,0.18203798,1.2467703
TCGA-55-A48Y,LUAD,PDIA3,0.6114704,1.9684669
TCGA-55-A48Y,LUAD,B2M,-0.3787509,-0.33900526
TCGA-55-A48Y,LUAD,HLA-A,-0.3058871,-0.8975989
TCGA-55-A48Y,LUAD,HLA-B,-0.3901817,-0.61435974
TCGA-55-A48Y,LUAD,HLA-C,-0.2905813,-0.574727
TCGA-55-A48Y,LUAD,HLA-DQA1,-0.35880646,-0.16884881
TCGA-55-A48Y,LUAD,HLA-DRB1,-0.26259297,-0.43844825
TCGA-55-A48Y,LUAD,CMKLR1,-0.23738489,0.23621087
TCGA-55-A48Y,LUAD,HLA-E,-0.3602144,-1.202248
TCGA-55-A48Y,LUAD,NKG7,-0.71085685,0.0043996493
TCGA-55-A48Y,LUAD,CD8A,-0.6917571,-0.5785707
TCGA-55-A48Y,LUAD,CCL5,-0.67340696,-0.4041577
TCGA-55-A48Y,LUAD,CXCL9,-0.7008373,-0.077676915
TCGA-55-A48Y,LUAD,CD27,-0.25162178,0.4410647
TCGA-55-A48Y,LUAD,CXCR6,-0.5300353,0.30875024
TCGA-55-A48Y,LUAD,IDO1,-0.48034835,-0.6903961
TCGA-55-A48Y,LUAD,STAT1,-0.47997013,0.69541115
TCGA-55-A48Y,LUAD,CD274,-0.76116973,-0.8438581
TCGA-55-A48Y,LUAD,CD276,-0.30749485,1.7057065
TCGA-55-A48Y,LUAD,LAG3,-0.6534707,-0.7217086
TCGA-55-A48Y,LUAD,PDCD1LG2,-0.70456076,-0.12722151
TCGA-55-A48Y,LUAD,TIGIT,-0.5652711,0.087749355
TCGA-55-A48Y,LUAD,APM,-0.39815316,-0.7166077
TCGA-55-A48Y,LUAD,TIS,-0.6343226,-0.10486214
TCGA-50-5931,LUAD,TMB,0.22773495,0.42601788
TCGA-50-5931,LUAD,PSMB5,0.15559268,-0.88176054
TCGA-50-5931,LUAD,PSMB6,0.062247682,-0.5823235
TCGA-50-5931,LUAD,PSMB7,0.10446485,0.6268152
TCGA-50-5931,LUAD,PSMB8,-0.782785,-0.34450352
TCGA-50-5931,LUAD,PSMB9,-0.67795867,-1.0101379
TCGA-50-5931,LUAD,PSMB10,-0.8143214,-0.5756309
TCGA-50-5931,LUAD,TAP1,-0.48666483,-1.2222749
TCGA-50-5931,LUAD,TAP2,-0.4293067,-0.75162876
TCGA-50-5931,LUAD,ERAP1,-0.45828342,-0.6113071
TCGA-50-5931,LUAD,ERAP2,-0.20032616,0.8968681
TCGA-50-5931,LUAD,TAPBP,-0.620133,-0.41782132
TCGA-50-5931,LUAD,CANX,-0.29132336,1.3075309
TCGA-50-5931,LUAD,CALR,-0.09357008,-1.6861714
TCGA-50-5931,LUAD,PDIA3,-0.11062791,0.086782135
TCGA-50-5931,LUAD,B2M,-0.6986624,-1.2962795
TCGA-50-5931,LUAD,HLA-A,-0.8021817,-0.514487
TCGA-50-5931,LUAD,HLA-B,-0.74764335,-0.56741124
TCGA-50-5931,LUAD,HLA-C,-0.7410661,-0.48163608
TCGA-50-5931,LUAD,HLA-DQA1,-0.5709475,-1.9158027
TCGA-50-5931,LUAD,HLA-DRB1,-0.70481825,-1.9995607
TCGA-50-5931,LUAD,CMKLR1,-0.46156254,-1.4564973
TCGA-50-5931,LUAD,HLA-E,-0.83594114,-1.4624555
TCGA-50-5931,LUAD,NKG7,-0.45629567,-1.5995588
TCGA-50-5931,LUAD,CD8A,-0.48356766,-1.2772406
TCGA-50-5931,LUAD,CCL5,-0.49684876,-1.5170119
TCGA-50-5931,LUAD,CXCL9,-0.2865439,-1.2607338
TCGA-50-5931,LUAD,CD27,-0.32248294,-1.1930548
TCGA-50-5931,LUAD,CXCR6,-0.52342737,-1.4466777
TCGA-50-5931,LUAD,IDO1,-0.5278108,1.2574351
TCGA-50-5931,LUAD,STAT1,-0.3537872,-1.5811791
TCGA-50-5931,LUAD,CD274,-0.14200906,-1.4055943
TCGA-50-5931,LUAD,CD276,0.2032572,0.4648657
TCGA-50-5931,LUAD,LAG3,-0.23108533,-1.0493255
TCGA-50-5931,LUAD,PDCD1LG2,-0.39172015,-1.496871
TCGA-50-5931,LUAD,TIGIT,-0.4078288,-1.1102306
TCGA-50-5931,LUAD,APM,-0.75552255,-0.67692924
TCGA-50-5931,LUAD,TIS,-0.593988,-1.4680868
TCGA-78-8662,LUAD,TMB,-0.022519333,2.1759286
TCGA-78-8662,LUAD,PSMB5,-0.1013191,0.90300846
TCGA-78-8662,LUAD,PSMB6,-0.16478609,1.7216266
TCGA-78-8662,LUAD,PSMB7,-0.4395985,0.14187239
TCGA-78-8662,LUAD,PSMB8,-0.094512165,-3.0660007
TCGA-78-8662,LUAD,PSMB9,-0.2760919,-1.9810573
TCGA-78-8662,LUAD,PSMB10,0.005738507,-1.4079628
TCGA-78-8662,LUAD,TAP1,-0.55162126,-2.6725683
TCGA-78-8662,LUAD,TAP2,-0.45820412,-2.6206896
TCGA-78-8662,LUAD,ERAP1,-0.35526982,-2.7498128
TCGA-78-8662,LUAD,ERAP2,-0.061152093,-1.1204119
TCGA-78-8662,LUAD,TAPBP,0.121819995,-0.8341262
TCGA-78-8662,LUAD,CANX,0.08869693,-1.1220713
TCGA-78-8662,LUAD,CALR,-0.087619975,1.8594998
TCGA-78-8662,LUAD,PDIA3,0.13641323,0.9603783
TCGA-78-8662,LUAD,B2M,-0.2525552,-1.2702138
TCGA-78-8662,LUAD,HLA-A,0.06448516,-2.6449711
TCGA-78-8662,LUAD,HLA-B,-0.06584626,-2.0669796
TCGA-78-8662,LUAD,HLA-C,-0.024197662,-2.8039908
TCGA-78-8662,LUAD,HLA-DQA1,-0.01751,-1.412068
TCGA-78-8662,LUAD,HLA-DRB1,0.14348981,-1.3565739
TCGA-78-8662,LUAD,CMKLR1,-0.23857927,-1.083455
TCGA-78-8662,LUAD,HLA-E,-0.09210144,-1.3037678
TCGA-78-8662,LUAD,NKG7,-0.3352405,-0.84159106
TCGA-78-8662,LUAD,CD8A,-0.34181786,-0.9165487
TCGA-78-8662,LUAD,CCL5,-0.36470222,-0.9496123
TCGA-78-8662,LUAD,CXCL9,-0.37597352,-0.48381504
TCGA-78-8662,LUAD,CD27,-0.06149123,-1.3856678
TCGA-78-8662,LUAD,CXCR6,-0.27162775,-1.1007445
TCGA-78-8662,LUAD,IDO1,-0.28023148,-0.8440735
TCGA-78-8662,LUAD,STAT1,-0.47213143,-2.5597293
TCGA-78-8662,LUAD,CD274,-0.44647527,-1.266436
TCGA-78-8662,LUAD,CD276,-0.53808004,-0.6511098
TCGA-78-8662,LUAD,LAG3,-0.27667993,-1.2781641
TCGA-78-8662,LUAD,PDCD1LG2,-0.5751327,-1.4859048
TCGA-78-8662,LUAD,TIGIT,-0.262999,-1.3782465
TCGA-78-8662,LUAD,APM,-0.1808777,-2.3960257
TCGA-78-8662,LUAD,TIS,-0.37275714,-2.10692
TCGA-44-5643,LUAD,TMB,0.033873133,-0.6039852
TCGA-44-5643,LUAD,PSMB5,-0.028104644,-0.52327526
TCGA-44-5643,LUAD,PSMB6,-0.22885501,-0.40627816
TCGA-44-5643,LUAD,PSMB7,0.21670325,1.324135
TCGA-44-5643,LUAD,PSMB8,0.10947861,-0.8652021
TCGA-44-5643,LUAD,PSMB9,0.2541446,0.06245648
TCGA-44-5643,LUAD,PSMB10,0.019267946,0.28275374
TCGA-44-5643,LUAD,TAP1,0.42382717,-0.11439011
TCGA-44-5643,LUAD,TAP2,0.3033548,-0.3067096
TCGA-44-5643,LUAD,ERAP1,0.35039195,0.21384072
TCGA-44-5643,LUAD,ERAP2,0.07730254,-1.0114981
TCGA-44-5643,LUAD,TAPBP,-0.16122547,-0.15136556
TCGA-44-5643,LUAD,CANX,0.18636033,-0.24611787
TCGA-44-5643,LUAD,CALR,-0.14319727,0.43461016
TCGA-44-5643,LUAD,PDIA3,-0.34218237,0.18401393
TCGA-44-5643,LUAD,B2M,0.14257966,-0.47734436
TCGA-44-5643,LUAD,HLA-A,-0.05203598,-1.5800916
TCGA-44-5643,LUAD,HLA-B,-0.009643257,-0.9968987
TCGA-44-5643,LUAD,HLA-C,-0.067865156,-1.3322685
TCGA-44-5643,LUAD,HLA-DQA1,0.11054854,0.17152342
TCGA-44-5643,LUAD,HLA-DRB1,-0.031794675,-0.2084865
TCGA-44-5643,LUAD,CMKLR1,0.11678334,-0.10110391
TCGA-44-5643,LUAD,HLA-E,-0.11814065,-1.1573492
TCGA-44-5643,LUAD,NKG7,0.17036179,0.23127544
TCGA-44-5643,LUAD,CD8A,0.24902785,0.2327354
TCGA-44-5643,LUAD,CCL5,0.108448885,0.21513684
TCGA-44-5643,LUAD,CXCL9,0.17901036,0.5441454
TCGA-44-5643,LUAD,CD27,0.014902296,0.2650636
TCGA-44-5643,LUAD,CXCR6,0.30396786,0.28277755
TCGA-44-5643,LUAD,IDO1,0.048740275,-0.4295373
TCGA-44-5643,LUAD,STAT1,0.45512685,0.6497513
TCGA-44-5643,LUAD,CD274,0.36487308,-0.90291595
TCGA-44-5643,LUAD,CD276,0.1275033,0.8810033
TCGA-44-5643,LUAD,LAG3,0.10047358,0.4851731
TCGA-44-5643,LUAD,PDCD1LG2,0.4007186,-0.8081777
TCGA-44-5643,LUAD,TIGIT,0.20345983,0.62932867
TCGA-44-5643,LUAD,APM,0.11727786,-0.6459594
TCGA-44-5643,LUAD,TIS,0.25963992,0.050762754
TCGA-55-8299,LUAD,TMB,0.11448294,-0.22884555
TCGA-55-8299,LUAD,PSMB5,0.12842211,-0.47852713
TCGA-55-8299,LUAD,PSMB6,-0.024680726,-0.25536785
TCGA-55-8299,LUAD,PSMB7,0.034349345,-0.35697958
TCGA-55-8299,LUAD,PSMB8,0.6799849,0.99916667
TCGA-55-8299,LUAD,PSMB9,0.8256755,1.065647
TCGA-55-8299,LUAD,PSMB10,0.8206681,1.5806751
TCGA-55-8299,LUAD,TAP1,0.7043461,1.3392239
TCGA-55-8299,LUAD,TAP2,0.74253166,1.6036533
TCGA-55-8299,LUAD,ERAP1,0.33084905,1.863223
TCGA-55-8299,LUAD,ERAP2,0.2979527,1.3995029
TCGA-55-8299,LUAD,TAPBP,0.5910868,0.9836194
TCGA-55-8299,LUAD,CANX,0.099240884,1.3097323
TCGA-55-8299,LUAD,CALR,0.12933129,-0.27934644
TCGA-55-8299,LUAD,PDIA3,-0.04687231,0.56722593
TCGA-55-8299,LUAD,B2M,0.67580914,1.1833297
TCGA-55-8299,LUAD,HLA-A,0.75003207,1.1289446
TCGA-55-8299,LUAD,HLA-B,0.8295172,1.0704457
TCGA-55-8299,LUAD,HLA-C,0.7563375,1.1111352
TCGA-55-8299,LUAD,HLA-DQA1,0.61298454,0.97538173
TCGA-55-8299,LUAD,HLA-DRB1,0.64834374,1.0337247
TCGA-55-8299,LUAD,CMKLR1,0.54319805,1.6645179
TCGA-55-8299,LUAD,HLA-E,0.71455556,1.2645102
TCGA-55-8299,LUAD,NKG7,0.731252,2.1142647
TCGA-55-8299,LUAD,CD8A,0.60793877,1.935983
TCGA-55-8299,LUAD,CCL5,0.73808736,1.9014914
TCGA-55-8299,LUAD,CXCL9,0.6294122,1.0649905
TCGA-55-8299,LUAD,CD27,0.5537641,0.61047363
TCGA-55-8299,LUAD,CXCR6,0.66633904,1.8829776
TCGA-55-8299,LUAD,IDO1,0.6658514,1.9475516
TCGA-55-8299,LUAD,STAT1,0.645226,1.1949239
TCGA-55-8299,LUAD,CD274,0.39091173,0.767019
TCGA-55-8299,LUAD,CD276,-0.08339606,0.08384619
TCGA-55-8299,LUAD,LAG3,0.6592854,1.5788007
TCGA-55-8299,LUAD,PDCD1LG2,0.4731056,0.9402862
TCGA-55-8299,LUAD,TIGIT,0.56528044,1.8033863
TCGA-55-8299,LUAD,APM,0.80428445,1.4902937
TCGA-55-8299,LUAD,TIS,0.84438723,1.6371938
TCGA-55-6987,LUAD,TMB,0.24566928,-0.26068923
TCGA-55-6987,LUAD,PSMB5,-0.00063738227,0.0988837
TCGA-55-6987,LUAD,PSMB6,0.24255033,-0.58721256
TCGA-55-6987,LUAD,PSMB7,0.2915977,0.84985155
TCGA-55-6987,LUAD,PSMB8,1.0850592,0.82623243
TCGA-55-6987,LUAD,PSMB9,1.3313215,1.369507
TCGA-55-6987,LUAD,PSMB10,1.1155783,1.0206635
TCGA-55-6987,LUAD,TAP1,1.3354352,1.4058263
TCGA-55-6987,LUAD,TAP2,1.1097739,1.8741118
TCGA-55-6987,LUAD,ERAP1,0.7933766,0.9647779
TCGA-55-6987,LUAD,ERAP2,0.4585406,1.802797
TCGA-55-6987,LUAD,TAPBP,0.9204111,1.2714584
TCGA-55-6987,LUAD,CANX,0.31753746,2.71206
TCGA-55-6987,LUAD,CALR,0.38884923,-0.122461386
TCGA-55-6987,LUAD,PDIA3,0.13951866,-0.16087495
TCGA-55-6987,LUAD,B2M,1.1071526,0.93034947
TCGA-55-6987,LUAD,HLA-A,1.0214142,0.67354393
TCGA-55-6987,LUAD,HLA-B,1.1725823,1.2522907
TCGA-55-6987,LUAD,HLA-C,1.0481932,1.1609656
TCGA-55-6987,LUAD,HLA-DQA1,0.98372793,1.2659882
TCGA-55-6987,LUAD,HLA-DRB1,0.8475359,1.1309046
TCGA-55-6987,LUAD,CMKLR1,1.0692121,1.8534838
TCGA-55-6987,LUAD,HLA-E,0.9386064,0.9946975
TCGA-55-6987,LUAD,NKG7,1.5056951,2.4359903
TCGA-55-6987,LUAD,CD8A,1.4262806,2.2489414
TCGA-55-6987,LUAD,CCL5,1.4555628,1.9377602
TCGA-55-6987,LUAD,CXCL9,1.3557009,1.2792041
TCGA-55-6987,LUAD,CD27,1.1101242,1.7918406
TCGA-55-6987,LUAD,CXCR6,1.3761308,2.2636142
TCGA-55-6987,LUAD,IDO1,1.041623,2.12743
TCGA-55-6987,LUAD,STAT1,1.2722582,1.4349774
TCGA-55-6987,LUAD,CD274,0.7184905,1.102906
TCGA-55-6987,LUAD,CD276,-0.16469795,-1.488871
TCGA-55-6987,LUAD,LAG3,1.386328,2.0808737
TCGA-55-6987,LUAD,PDCD1LG2,1.1141459,1.2026981
TCGA-55-6987,LUAD,TIGIT,1.2550855,1.726008
TCGA-55-6987,LUAD,APM,1.3038164,1.5702059
TCGA-55-6987,LUAD,TIS,1.4547383,1.8554437
TCGA-93-A4JP,LUAD,TMB,0.052792847,-0.83535767
TCGA-93-A4JP,LUAD,PSMB5,0.05602827,-0.63596
TCGA-93-A4JP,LUAD,PSMB6,-0.038621284,-0.770883
TCGA-93-A4JP,LUAD,PSMB7,-0.20270061,-1.1208891
TCGA-93-A4JP,LUAD,PSMB8,-0.7855067,0.6807759
TCGA-93-A4JP,LUAD,PSMB9,-0.93176377,0.2701055
TCGA-93-A4JP,LUAD,PSMB10,-0.74494255,0.004677158
TCGA-93-A4JP,LUAD,TAP1,-1.0210388,0.5609891
TCGA-93-A4JP,LUAD,TAP2,-0.847266,0.43079606
TCGA-93-A4JP,LUAD,ERAP1,-0.6899067,0.33052593
TCGA-93-A4JP,LUAD,ERAP2,-0.47773734,0.57874036
TCGA-93-A4JP,LUAD,TAPBP,-0.5603805,1.247283
TCGA-93-A4JP,LUAD,CANX,-0.23682764,-0.026909493
TCGA-93-A4JP,LUAD,CALR,-0.09801142,-1.014081
TCGA-93-A4JP,LUAD,PDIA3,0.10319223,-0.76377887
TCGA-93-A4JP,LUAD,B2M,-0.95593137,0.642482
TCGA-93-A4JP,LUAD,HLA-A,-0.70598465,0.891811
TCGA-93-A4JP,LUAD,HLA-B,-0.8507883,1.3109438
TCGA-93-A4JP,LUAD,HLA-C,-0.83786374,1.0786171
TCGA-93-A4JP,LUAD,HLA-DQA1,-0.81639326,1.6529095
TCGA-93-A4JP,LUAD,HLA-DRB1,-0.7088359,1.5778224
TCGA-93-A4JP,LUAD,CMKLR1,-0.83834296,1.5365995
TCGA-93-A4JP,LUAD,HLA-E,-0.86687344,1.3611618
TCGA-93-A4JP,LUAD,NKG7,-0.96684825,-0.44731238
TCGA-93-A4JP,LUAD,CD8A,-1.020825,-0.63614815
TCGA-93-A4JP,LUAD,CCL5,-0.97931254,0.5856117
TCGA-93-A4JP,LUAD,CXCL9,-0.9658744,-0.068425015
TCGA-93-A4JP,LUAD,CD27,-0.70670253,-1.1069231
TCGA-93-A4JP,LUAD,CXCR6,-0.897309,-1.0419508
TCGA-93-A4JP,LUAD,IDO1,-0.6858598,1.4961576
TCGA-93-A4JP,LUAD,STAT1,-0.9831766,-0.4748095
TCGA-93-A4JP,LUAD,CD274,-0.71338904,0.07717023
TCGA-93-A4JP,LUAD,CD276,-0.20303449,-1.2120862
TCGA-93-A4JP,LUAD,LAG3,-0.78446025,-0.53957856
TCGA-93-A4JP,LUAD,PDCD1LG2,-1.0270941,0.42626482
TCGA-93-A4JP,LUAD,TIGIT,-0.8931209,-0.84152806
TCGA-93-A4JP,LUAD,APM,-0.98915946,0.58497703
TCGA-93-A4JP,LUAD,TIS,-1.0997163,0.5196963
TCGA-50-5066,LUAD,TMB,0.29878214,0.66628593
TCGA-50-5066,LUAD,PSMB5,0.09270239,1.8058108
TCGA-50-5066,LUAD,PSMB6,0.16528924,2.035301
TCGA-50-5066,LUAD,PSMB7,0.3702995,1.5105835
TCGA-50-5066,LUAD,PSMB8,0.9533674,2.5665176
TCGA-50-5066,LUAD,PSMB9,1.2377008,2.2628593
TCGA-50-5066,LUAD,PSMB10,0.901807,1.8514065
TCGA-50-5066,LUAD,TAP1,1.2557577,1.0646425
TCGA-50-5066,LUAD,TAP2,1.1279024,-0.66090167
TCGA-50-5066,LUAD,ERAP1,0.7097176,-0.45313025
TCGA-50-5066,LUAD,ERAP2,0.4665776,-0.5896396
TCGA-50-5066,LUAD,TAPBP,0.7496862,-1.792651
TCGA-50-5066,LUAD,CANX,0.24591532,-0.44574207
TCGA-50-5066,LUAD,CALR,0.22997288,-0.92896336
TCGA-50-5066,LUAD,PDIA3,-0.22139195,-1.7275407
TCGA-50-5066,LUAD,B2M,0.91110337,2.4753726
TCGA-50-5066,LUAD,HLA-A,0.80471784,1.026613
TCGA-50-5066,LUAD,HLA-B,1.0327814,1.1031822
TCGA-50-5066,LUAD,HLA-C,0.8182305,0.9904662
TCGA-50-5066,LUAD,HLA-DQA1,0.7501315,0.50542957
TCGA-50-5066,LUAD,HLA-DRB1,0.6505505,0.4079969
TCGA-50-5066,LUAD,CMKLR1,0.79956216,0.7501755
TCGA-50-5066,LUAD,HLA-E,0.7473415,1.1177552
TCGA-50-5066,LUAD,NKG7,1.0686485,2.2928004
TCGA-50-5066,LUAD,CD8A,1.0071509,1.9208397
TCGA-50-5066,LUAD,CCL5,0.99839765,1.5755274
TCGA-50-5066,LUAD,CXCL9,1.0232766,1.453596
TCGA-50-5066,LUAD,CD27,0.601912,1.4662149
TCGA-50-5066,LUAD,CXCR6,0.93881977,2.6082244
TCGA-50-5066,LUAD,IDO1,0.81184167,0.24640886
TCGA-50-5066,LUAD,STAT1,1.1430795,1.1169093
TCGA-50-5066,LUAD,CD274,0.8628289,0.1518858
TCGA-50-5066,LUAD,CD276,0.16111806,-1.6288425
TCGA-50-5066,LUAD,LAG3,1.022316,0.55681175
TCGA-50-5066,LUAD,PDCD1LG2,1.0847814,2.2821639
TCGA-50-5066,LUAD,TIGIT,0.89485806,0.5166139
TCGA-50-5066,LUAD,APM,1.1348304,1.200075
TCGA-50-5066,LUAD,TIS,1.1740999,1.4809996
TCGA-97-A4M6,LUAD,TMB,-0.713261,-1.8451272
TCGA-97-A4M6,LUAD,PSMB5,-0.73505175,-0.5928952
TCGA-97-A4M6,LUAD,PSMB6,-0.75944626,-1.1280677
TCGA-97-A4M6,LUAD,PSMB7,-0.48134708,-1.4445269
TCGA-97-A4M6,LUAD,PSMB8,0.43083614,0.8786725
TCGA-97-A4M6,LUAD,PSMB9,0.2779428,0.55492896
TCGA-97-A4M6,LUAD,PSMB10,0.675701,1.1989837
TCGA-97-A4M6,LUAD,TAP1,-0.12874472,0.33792493
TCGA-97-A4M6,LUAD,TAP2,0.01086699,-0.214841
TCGA-97-A4M6,LUAD,ERAP1,0.39973003,0.695545
TCGA-97-A4M6,LUAD,ERAP2,0.2110351,-0.48477575
TCGA-97-A4M6,LUAD,TAPBP,0.41895357,1.0611126
TCGA-97-A4M6,LUAD,CANX,0.16988198,0.19678982
TCGA-97-A4M6,LUAD,CALR,-0.76320857,-2.1304822
TCGA-97-A4M6,LUAD,PDIA3,-0.5872191,-0.10367251
TCGA-97-A4M6,LUAD,B2M,0.3314584,0.954115
TCGA-97-A4M6,LUAD,HLA-A,0.6553706,1.2109759
TCGA-97-A4M6,LUAD,HLA-B,0.7147563,1.3529936
TCGA-97-A4M6,LUAD,HLA-C,0.55100924,0.6621556
TCGA-97-A4M6,LUAD,HLA-DQA1,0.87057704,1.5267726
TCGA-97-A4M6,LUAD,HLA-DRB1,1.0771196,1.5132143
TCGA-97-A4M6,LUAD,CMKLR1,0.24867804,0.07785201
TCGA-97-A4M6,LUAD,HLA-E,0.9013747,1.7874151
TCGA-97-A4M6,LUAD,NKG7,-0.04046411,0.23649217
TCGA-97-A4M6,LUAD,CD8A,0.081093885,-0.10194786
TCGA-97-A4M6,LUAD,CCL5,0.15215404,0.3406715
TCGA-97-A4M6,LUAD,CXCL9,-0.069335505,0.6614354
TCGA-97-A4M6,LUAD,CD27,0.37452954,0.50410146
TCGA-97-A4M6,LUAD,CXCR6,0.23182654,0.025540512
TCGA-97-A4M6,LUAD,IDO1,0.02633729,2.43173
TCGA-97-A4M6,LUAD,STAT1,-0.1409298,0.3483968
TCGA-97-A4M6,LUAD,CD274,-0.16084042,0.05001099
TCGA-97-A4M6,LUAD,CD276,-0.8752344,-0.6886052
TCGA-97-A4M6,LUAD,LAG3,0.030185616,1.3103458
TCGA-97-A4M6,LUAD,PDCD1LG2,-0.24878526,-0.02167601
TCGA-97-A4M6,LUAD,TIGIT,0.30723467,0.9711579
TCGA-97-A4M6,LUAD,APM,0.3121802,0.5233093
TCGA-97-A4M6,LUAD,TIS,0.37057608,1.0516567
TCGA-55-A48X,LUAD,TMB,-0.12669146,0.65774167
TCGA-55-A48X,LUAD,PSMB5,-0.49793077,-1.7306516
TCGA-55-A48X,LUAD,PSMB6,-0.5238699,-0.7733905
TCGA-55-A48X,LUAD,PSMB7,-0.6117121,-0.18047978
TCGA-55-A48X,LUAD,PSMB8,-0.11016084,0.8688077
TCGA-55-A48X,LUAD,PSMB9,-0.13791452,0.3893047
TCGA-55-A48X,LUAD,PSMB10,-0.006918931,0.51192665
TCGA-55-A48X,LUAD,TAP1,-0.34886962,0.30756158
TCGA-55-A48X,LUAD,TAP2,-0.22283927,0.46922126
TCGA-55-A48X,LUAD,ERAP1,-0.029962867,0.89054996
TCGA-55-A48X,LUAD,ERAP2,0.039488696,1.4795456
TCGA-55-A48X,LUAD,TAPBP,0.059876896,1.1490078
TCGA-55-A48X,LUAD,CANX,0.18163516,-0.19178107
TCGA-55-A48X,LUAD,CALR,-0.20110026,-0.34683204
TCGA-55-A48X,LUAD,PDIA3,-0.15460709,-0.7657262
TCGA-55-A48X,LUAD,B2M,-0.1040347,-0.47706777
TCGA-55-A48X,LUAD,HLA-A,0.048352517,1.3261458
TCGA-55-A48X,LUAD,HLA-B,0.08393639,0.9913233
TCGA-55-A48X,LUAD,HLA-C,0.0872827,1.3318697
TCGA-55-A48X,LUAD,HLA-DQA1,0.3465718,0.25157586
TCGA-55-A48X,LUAD,HLA-DRB1,0.4128624,0.47169
TCGA-55-A48X,LUAD,CMKLR1,0.22325106,0.15946364
TCGA-55-A48X,LUAD,HLA-E,0.17047827,1.1839066
TCGA-55-A48X,LUAD,NKG7,-0.26212,0.46804252
TCGA-55-A48X,LUAD,CD8A,-0.13499731,0.4869052
TCGA-55-A48X,LUAD,CCL5,-0.17595866,0.5329865
TCGA-55-A48X,LUAD,CXCL9,-0.16930343,0.44728944
TCGA-55-A48X,LUAD,CD27,0.16388705,1.5464368
TCGA-55-A48X,LUAD,CXCR6,0.021573115,0.49195856
TCGA-55-A48X,LUAD,IDO1,-0.16312225,-0.5788543
TCGA-55-A48X,LUAD,STAT1,-0.17575608,0.121606864
TCGA-55-A48X,LUAD,CD274,-0.31783435,-0.1411366
TCGA-55-A48X,LUAD,CD276,-0.5219321,-0.36747846
TCGA-55-A48X,LUAD,LAG3,-0.22670408,-0.0785409
TCGA-55-A48X,LUAD,PDCD1LG2,-0.2711751,-0.16432892
TCGA-55-A48X,LUAD,TIGIT,0.016632596,0.8979061
TCGA-55-A48X,LUAD,APM,-0.15686068,0.71978664
TCGA-55-A48X,LUAD,TIS,-0.080189586,0.4150684
TCGA-44-6774,LUAD,TMB,0.4200183,0.32730275
TCGA-44-6774,LUAD,PSMB5,0.116908826,-0.70300305
TCGA-44-6774,LUAD,PSMB6,-0.20033833,-0.22572514
TCGA-44-6774,LUAD,PSMB7,-0.2734626,-1.1986383
TCGA-44-6774,LUAD,PSMB8,-0.728722,-0.5867059
TCGA-44-6774,LUAD,PSMB9,-0.7884639,-0.51939565
TCGA-44-6774,LUAD,PSMB10,-0.8619245,-0.23857825
TCGA-44-6774,LUAD,TAP1,-0.74861,-0.23167014
TCGA-44-6774,LUAD,TAP2,-0.65328944,0.054356076
TCGA-44-6774,LUAD,ERAP1,-0.3984248,0.68745685
TCGA-44-6774,LUAD,ERAP2,-0.29429087,0.54232246
TCGA-44-6774,LUAD,TAPBP,-0.69079846,0.5005363
TCGA-44-6774,LUAD,CANX,0.22245452,0.965749
TCGA-44-6774,LUAD,CALR,0.025259644,0.362881
TCGA-44-6774,LUAD,PDIA3,0.21134564,0.70769936
TCGA-44-6774,LUAD,B2M,-0.75794804,-0.11546714
TCGA-44-6774,LUAD,HLA-A,-0.83257073,-0.33202833
TCGA-44-6774,LUAD,HLA-B,-0.9015692,-0.28069243
TCGA-44-6774,LUAD,HLA-C,-0.8137215,0.12172768
TCGA-44-6774,LUAD,HLA-DQA1,-0.65775496,0.055341773
TCGA-44-6774,LUAD,HLA-DRB1,-0.7850079,-0.037126467
TCGA-44-6774,LUAD,CMKLR1,-0.43307748,1.3410348
TCGA-44-6774,LUAD,HLA-E,-1.0795658,-0.029565694
TCGA-44-6774,LUAD,NKG7,-0.7749557,-0.9066396
TCGA-44-6774,LUAD,CD8A,-0.71557176,-0.75552154
TCGA-44-6774,LUAD,CCL5,-0.8673027,-0.5879834
TCGA-44-6774,LUAD,CXCL9,-0.6778608,-0.3376288
TCGA-44-6774,LUAD,CD27,-0.48164716,-0.022776524
TCGA-44-6774,LUAD,CXCR6,-0.53175384,0.3017608
TCGA-44-6774,LUAD,IDO1,-0.51816946,-0.69093186
TCGA-44-6774,LUAD,STAT1,-0.43666545,0.21204576
TCGA-44-6774,LUAD,CD274,-0.4563089,-0.3905344
TCGA-44-6774,LUAD,CD276,-0.22302571,0.9490354
TCGA-44-6774,LUAD,LAG3,-0.5959698,-0.6922641
TCGA-44-6774,LUAD,PDCD1LG2,-0.5112597,0.74550146
TCGA-44-6774,LUAD,TIGIT,-0.53020114,0.27875707
TCGA-44-6774,LUAD,APM,-0.8266527,-0.026438365
TCGA-44-6774,LUAD,TIS,-0.83859575,0.008383969
TCGA-69-7761,LUAD,TMB,-0.25134546,-1.7526016
TCGA-69-7761,LUAD,PSMB5,-0.46855372,-1.7866026
TCGA-69-7761,LUAD,PSMB6,-0.21887907,-1.8308994
TCGA-69-7761,LUAD,PSMB7,-0.2711262,-1.9342837
TCGA-69-7761,LUAD,PSMB8,1.277108,0.96080315
TCGA-69-7761,LUAD,PSMB9,1.3271283,1.002938
TCGA-69-7761,LUAD,PSMB10,1.380428,1.2277551
TCGA-69-7761,LUAD,TAP1,1.0739598,1.6994481
TCGA-69-7761,LUAD,TAP2,1.0481402,1.274623
TCGA-69-7761,LUAD,ERAP1,1.0042001,1.673211
TCGA-69-7761,LUAD,ERAP2,0.7915319,-0.20904344
TCGA-69-7761,LUAD,TAPBP,1.3388212,1.5262936
TCGA-69-7761,LUAD,CANX,0.39434132,1.3496592
TCGA-69-7761,LUAD,CALR,-0.028706094,-0.028852014
TCGA-69-7761,LUAD,PDIA3,0.06880929,1.1630499
TCGA-69-7761,LUAD,B2M,1.2920771,2.0175285
TCGA-69-7761,LUAD,HLA-A,1.3506827,1.3026676
TCGA-69-7761,LUAD,HLA-B,1.5441229,1.2590722
TCGA-69-7761,LUAD,HLA-C,1.3670005,1.5725068
TCGA-69-7761,LUAD,HLA-DQA1,1.0283262,1.5341202
TCGA-69-7761,LUAD,HLA-DRB1,1.11144,1.009536
TCGA-69-7761,LUAD,CMKLR1,0.87798655,0.94366443
TCGA-69-7761,LUAD,HLA-E,1.3993146,1.6125482
TCGA-69-7761,LUAD,NKG7,0.914656,0.40565845
TCGA-69-7761,LUAD,CD8A,0.90487003,1.4957563
TCGA-69-7761,LUAD,CCL5,1.0688517,0.96423817
TCGA-69-7761,LUAD,CXCL9,0.85294116,1.9108123
TCGA-69-7761,LUAD,CD27,0.9062071,1.9289453
TCGA-69-7761,LUAD,CXCR6,0.98758537,1.514791
TCGA-69-7761,LUAD,IDO1,1.0051215,1.9707625
TCGA-69-7761,LUAD,STAT1,0.92339975,1.7465414
TCGA-69-7761,LUAD,CD274,0.44308233,0.084809974
TCGA-69-7761,LUAD,CD276,-0.21658663,-1.1499071
TCGA-69-7761,LUAD,LAG3,0.7908075,0.5843695
TCGA-69-7761,LUAD,PDCD1LG2,0.5944997,0.5958836
TCGA-69-7761,LUAD,TIGIT,0.8531944,1.7140516
TCGA-69-7761,LUAD,APM,1.4101976,1.2465216
TCGA-69-7761,LUAD,TIS,1.2245659,1.4957033
TCGA-75-5122,LUAD,TMB,-0.045456715,-0.6878523
TCGA-75-5122,LUAD,PSMB5,-0.03919251,-0.83175975
TCGA-75-5122,LUAD,PSMB6,0.01132108,0.23238353
TCGA-75-5122,LUAD,PSMB7,0.047283143,0.5653873
TCGA-75-5122,LUAD,PSMB8,0.22191279,2.0438247
TCGA-75-5122,LUAD,PSMB9,0.27276754,2.1938047
TCGA-75-5122,LUAD,PSMB10,0.24672334,2.429575
TCGA-75-5122,LUAD,TAP1,0.19170892,1.7319348
TCGA-75-5122,LUAD,TAP2,0.24384685,2.0843625
TCGA-75-5122,LUAD,ERAP1,0.20246983,1.545834
TCGA-75-5122,LUAD,ERAP2,0.13498019,1.7630659
TCGA-75-5122,LUAD,TAPBP,0.21393204,1.371521
TCGA-75-5122,LUAD,CANX,0.026740247,0.7305863
TCGA-75-5122,LUAD,CALR,-0.032967705,-0.0030805038
TCGA-75-5122,LUAD,PDIA3,0.10500407,-0.3833914
TCGA-75-5122,LUAD,B2M,0.25377923,1.958035
TCGA-75-5122,LUAD,HLA-A,0.17208102,1.8736134
TCGA-75-5122,LUAD,HLA-B,0.21513274,2.087734
TCGA-75-5122,LUAD,HLA-C,0.19415076,2.1380792
TCGA-75-5122,LUAD,HLA-DQA1,0.14484037,2.6824958
TCGA-75-5122,LUAD,HLA-DRB1,0.1854297,2.0543168
TCGA-75-5122,LUAD,CMKLR1,0.104656324,3.16152
TCGA-75-5122,LUAD,HLA-E,0.18600667,2.3254411
TCGA-75-5122,LUAD,NKG7,0.37229595,2.7471256
TCGA-75-5122,LUAD,CD8A,0.31243476,3.575683
TCGA-75-5122,LUAD,CCL5,0.4226067,2.388355
TCGA-75-5122,LUAD,CXCL9,0.3059705,2.1059391
TCGA-75-5122,LUAD,CD27,0.25117332,1.814769
TCGA-75-5122,LUAD,CXCR6,0.33460855,3.4184668
TCGA-75-5122,LUAD,IDO1,0.27880153,0.71824664
TCGA-75-5122,LUAD,STAT1,0.30504525,1.941537
TCGA-75-5122,LUAD,CD274,0.15899037,1.6676552
TCGA-75-5122,LUAD,CD276,-0.08758594,-0.014044205
TCGA-75-5122,LUAD,LAG3,0.3430845,2.7833564
TCGA-75-5122,LUAD,PDCD1LG2,0.15822992,3.6248229
TCGA-75-5122,LUAD,TIGIT,0.33314162,2.3777273
TCGA-75-5122,LUAD,APM,0.25204694,2.1866925
TCGA-75-5122,LUAD,TIS,0.35076293,2.9743013
TCGA-69-8253,LUAD,TMB,-0.58639705,-0.4586698
TCGA-69-8253,LUAD,PSMB5,-0.33570555,0.16445534
TCGA-69-8253,LUAD,PSMB6,-0.32665843,1.0330842
TCGA-69-8253,LUAD,PSMB7,-0.61556894,1.0503147
TCGA-69-8253,LUAD,PSMB8,-0.6513282,-0.8892866
TCGA-69-8253,LUAD,PSMB9,-1.2159269,-1.3164974
TCGA-69-8253,LUAD,PSMB10,-0.6797424,0.33270234
TCGA-69-8253,LUAD,TAP1,-1.4009953,-1.84136
TCGA-69-8253,LUAD,TAP2,-1.2174146,-1.5398667
TCGA-69-8253,LUAD,ERAP1,-0.34365243,0.18438485
TCGA-69-8253,LUAD,ERAP2,-0.33055392,0.25792745
TCGA-69-8253,LUAD,TAPBP,-0.43183842,-0.46945414
TCGA-69-8253,LUAD,CANX,0.44591135,1.0134834
TCGA-69-8253,LUAD,CALR,-0.13073364,0.3692973
TCGA-69-8253,LUAD,PDIA3,0.68886673,2.2667818
TCGA-69-8253,LUAD,B2M,-0.75239474,-0.113279596
TCGA-69-8253,LUAD,HLA-A,-0.6098774,-0.2858038
TCGA-69-8253,LUAD,HLA-B,-0.77891505,-1.0250045
TCGA-69-8253,LUAD,HLA-C,-0.69481385,-0.22499073
TCGA-69-8253,LUAD,HLA-DQA1,-0.65596753,-0.06659377
TCGA-69-8253,LUAD,HLA-DRB1,-0.35103816,0.34407493
TCGA-69-8253,LUAD,CMKLR1,-0.68900365,-0.6554043
TCGA-69-8253,LUAD,HLA-E,-0.6342098,-0.48931795
TCGA-69-8253,LUAD,NKG7,-1.2687552,-0.7256605
TCGA-69-8253,LUAD,CD8A,-1.1836842,-0.9780768
TCGA-69-8253,LUAD,CCL5,-1.2123439,-0.9912588
TCGA-69-8253,LUAD,CXCL9,-1.4303547,-0.90380126
TCGA-69-8253,LUAD,CD27,-0.72081804,0.077350505
TCGA-69-8253,LUAD,CXCR6,-0.98577803,-0.7644935
TCGA-69-8253,LUAD,IDO1,-0.9290702,-0.9969791
TCGA-69-8253,LUAD,STAT1,-1.2819192,-1.1777097
TCGA-69-8253,LUAD,CD274,-1.3052655,-1.0014766
TCGA-69-8253,LUAD,CD276,-0.72648114,-0.16668867
TCGA-69-8253,LUAD,LAG3,-1.2699525,-1.3254969
TCGA-69-8253,LUAD,PDCD1LG2,-1.3778607,-1.1179198
TCGA-69-8253,LUAD,TIGIT,-1.0837454,-0.71631926
TCGA-69-8253,LUAD,APM,-0.85202324,-0.29794672
TCGA-69-8253,LUAD,TIS,-1.2910955,-0.872914
TCGA-99-8025,LUAD,TMB,0.24767697,1.0032375
TCGA-99-8025,LUAD,PSMB5,-0.09341652,-0.5182668
TCGA-99-8025,LUAD,PSMB6,-0.20651054,-0.615877
TCGA-99-8025,LUAD,PSMB7,-0.17690834,-0.5012436
TCGA-99-8025,LUAD,PSMB8,0.65264624,-0.17388198
TCGA-99-8025,LUAD,PSMB9,0.80740565,-0.15032575
TCGA-99-8025,LUAD,PSMB10,0.66118926,-0.5931045
TCGA-99-8025,LUAD,TAP1,0.78947544,-0.5844082
TCGA-99-8025,LUAD,TAP2,0.65989655,-0.043745346
TCGA-99-8025,LUAD,ERAP1,0.35471794,-0.5897091
TCGA-99-8025,LUAD,ERAP2,0.39417106,-1.1292543
TCGA-99-8025,LUAD,TAPBP,0.6195645,-0.09892136
TCGA-99-8025,LUAD,CANX,0.3678092,-0.5918684
TCGA-99-8025,LUAD,CALR,0.22573844,-0.40755442
TCGA-99-8025,LUAD,PDIA3,-0.19623742,0.35163647
TCGA-99-8025,LUAD,B2M,0.7843571,-0.445568
TCGA-99-8025,LUAD,HLA-A,0.742484,-0.25260258
TCGA-99-8025,LUAD,HLA-B,0.8549984,-0.42605454
TCGA-99-8025,LUAD,HLA-C,0.86907274,-0.32060412
TCGA-99-8025,LUAD,HLA-DQA1,0.88870543,-0.52214456
TCGA-99-8025,LUAD,HLA-DRB1,0.8440625,-1.4160048e-05
TCGA-99-8025,LUAD,CMKLR1,0.9195917,-0.09298072
TCGA-99-8025,LUAD,HLA-E,0.79091406,-0.41026664
TCGA-99-8025,LUAD,NKG7,0.66381425,-1.0574473
TCGA-99-8025,LUAD,CD8A,0.6959244,-0.9999435
TCGA-99-8025,LUAD,CCL5,0.70350516,-1.0125575
TCGA-99-8025,LUAD,CXCL9,0.744032,-0.4273562
TCGA-99-8025,LUAD,CD27,0.72573537,-0.20493834
TCGA-99-8025,LUAD,CXCR6,0.7807202,-0.9905902
TCGA-99-8025,LUAD,IDO1,0.53169936,-0.90016425
TCGA-99-8025,LUAD,STAT1,0.77452654,-0.49356934
TCGA-99-8025,LUAD,CD274,0.47382802,-0.58861357
TCGA-99-8025,LUAD,CD276,-0.03657663,0.078510486
TCGA-99-8025,LUAD,LAG3,0.61671984,0.04029072
TCGA-99-8025,LUAD,PDCD1LG2,0.713924,-1.1073123
TCGA-99-8025,LUAD,TIGIT,0.69175404,-0.7344434
TCGA-99-8025,LUAD,APM,0.8321497,-0.6247369
TCGA-99-8025,LUAD,TIS,0.93057144,-0.8485499
TCGA-55-7227,LUAD,TMB,-0.4806246,-0.36926818
TCGA-55-7227,LUAD,PSMB5,-0.5505675,-1.2622421
TCGA-55-7227,LUAD,PSMB6,-0.5519532,-1.4294494
TCGA-55-7227,LUAD,PSMB7,-0.6337933,-1.0048455
TCGA-55-7227,LUAD,PSMB8,-0.33670124,0.37222624
TCGA-55-7227,LUAD,PSMB9,-0.5723219,0.7702367
TCGA-55-7227,LUAD,PSMB10,-0.2891092,1.0088179
TCGA-55-7227,LUAD,TAP1,-0.7270729,0.1657305
TCGA-55-7227,LUAD,TAP2,-0.6348197,0.38574243
TCGA-55-7227,LUAD,ERAP1,-0.08996672,2.6422584
TCGA-55-7227,LUAD,ERAP2,-0.037815448,1.2653676
TCGA-55-7227,LUAD,TAPBP,-0.22112922,-0.04637789
TCGA-55-7227,LUAD,CANX,0.36974198,0.30897123
TCGA-55-7227,LUAD,CALR,-0.2393888,-0.22678141
TCGA-55-7227,LUAD,PDIA3,0.09589386,0.58459294
TCGA-55-7227,LUAD,B2M,-0.27760887,1.4869972
TCGA-55-7227,LUAD,HLA-A,-0.31021017,1.3443037
TCGA-55-7227,LUAD,HLA-B,-0.242013,0.91930556
TCGA-55-7227,LUAD,HLA-C,-0.21387415,0.9460437
TCGA-55-7227,LUAD,HLA-DQA1,0.07547647,0.96256447
TCGA-55-7227,LUAD,HLA-DRB1,0.23257294,1.1417832
TCGA-55-7227,LUAD,CMKLR1,-0.008283317,0.6091912
TCGA-55-7227,LUAD,HLA-E,-0.074793875,0.42288744
TCGA-55-7227,LUAD,NKG7,-0.7942165,0.30682564
TCGA-55-7227,LUAD,CD8A,-0.65828514,0.019405317
TCGA-55-7227,LUAD,CCL5,-0.64247274,0.09332417
TCGA-55-7227,LUAD,CXCL9,-0.61990637,0.7202662
TCGA-55-7227,LUAD,CD27,-0.19773111,0.32661492
TCGA-55-7227,LUAD,CXCR6,-0.40883908,-0.07133666
TCGA-55-7227,LUAD,IDO1,-0.62165666,-0.10033712
TCGA-55-7227,LUAD,STAT1,-0.57431495,0.5245316
TCGA-55-7227,LUAD,CD274,-0.5745511,0.73290193
TCGA-55-7227,LUAD,CD276,-0.58443177,-0.6292644
TCGA-55-7227,LUAD,LAG3,-0.78126323,0.13965346
TCGA-55-7227,LUAD,PDCD1LG2,-0.59447837,0.051919166
TCGA-55-7227,LUAD,TIGIT,-0.5046295,1.08894
TCGA-55-7227,LUAD,APM,-0.47354278,0.9511386
TCGA-55-7227,LUAD,TIS,-0.5114359,0.4873553
TCGA-78-7158,LUAD,TMB,-0.47451535,0.1258477
TCGA-78-7158,LUAD,PSMB5,-0.29716894,-0.31348842
TCGA-78-7158,LUAD,PSMB6,-0.12019672,-0.5141046
TCGA-78-7158,LUAD,PSMB7,-0.2050961,-0.08905267
TCGA-78-7158,LUAD,PSMB8,-0.015227923,0.58886373
TCGA-78-7158,LUAD,PSMB9,-0.3521185,-1.1123794
TCGA-78-7158,LUAD,PSMB10,-0.023995308,-0.3661898
TCGA-78-7158,LUAD,TAP1,-0.6595874,-0.8961115
TCGA-78-7158,LUAD,TAP2,-0.53386617,-0.6314325
TCGA-78-7158,LUAD,ERAP1,-0.022017246,0.020664917
TCGA-78-7158,LUAD,ERAP2,0.036183335,0.8769423
TCGA-78-7158,LUAD,TAPBP,0.10846615,0.15019551
TCGA-78-7158,LUAD,CANX,0.41508588,0.4076866
TCGA-78-7158,LUAD,CALR,-0.098438494,-0.040168323
TCGA-78-7158,LUAD,PDIA3,0.50302535,-0.39839396
TCGA-78-7158,LUAD,B2M,-0.12568836,-1.0559559
TCGA-78-7158,LUAD,HLA-A,-0.02922986,-0.68952835
TCGA-78-7158,LUAD,HLA-B,-0.12758821,0.044884026
TCGA-78-7158,LUAD,HLA-C,-0.09209125,-0.4669967
TCGA-78-7158,LUAD,HLA-DQA1,-0.15869555,-0.663375
TCGA-78-7158,LUAD,HLA-DRB1,0.17065978,0.33035153
TCGA-78-7158,LUAD,CMKLR1,-0.40882772,-0.9958889
TCGA-78-7158,LUAD,HLA-E,-0.07860084,0.033652697
TCGA-78-7158,LUAD,NKG7,-0.49782157,-1.7251071
TCGA-78-7158,LUAD,CD8A,-0.3747112,-1.390331
TCGA-78-7158,LUAD,CCL5,-0.3734414,-1.3245006
TCGA-78-7158,LUAD,CXCL9,-0.6437937,-0.97394514
TCGA-78-7158,LUAD,CD27,-0.34262174,-0.94515634
TCGA-78-7158,LUAD,CXCR6,-0.4360457,-1.0062864
TCGA-78-7158,LUAD,IDO1,-0.3357953,-1.3025477
TCGA-78-7158,LUAD,STAT1,-0.55549204,-0.9556347
TCGA-78-7158,LUAD,CD274,-0.60356337,-0.81922644
TCGA-78-7158,LUAD,CD276,-0.41664347,-0.7668099
TCGA-78-7158,LUAD,LAG3,-0.56603533,-1.4648881
TCGA-78-7158,LUAD,PDCD1LG2,-0.70027643,-0.8582789
TCGA-78-7158,LUAD,TIGIT,-0.456556,-1.165639
TCGA-78-7158,LUAD,APM,-0.14224169,-0.36253348
TCGA-78-7158,LUAD,TIS,-0.4255498,-1.28805
TCGA-55-6975,LUAD,TMB,0.03699083,-1.1544726
TCGA-55-6975,LUAD,PSMB5,0.030627782,1.1366775
TCGA-55-6975,LUAD,PSMB6,-0.10851405,1.7959244
TCGA-55-6975,LUAD,PSMB7,-0.3825736,0.2789542
TCGA-55-6975,LUAD,PSMB8,-0.4774987,-0.6770605
TCGA-55-6975,LUAD,PSMB9,-0.73553795,-0.90988314
TCGA-55-6975,LUAD,PSMB10,-0.54342216,-0.57602507
TCGA-55-6975,LUAD,TAP1,-0.78005666,-0.6130768
TCGA-55-6975,LUAD,TAP2,-0.67841476,-0.8437088
TCGA-55-6975,LUAD,ERAP1,-0.31967092,-0.6311862
TCGA-55-6975,LUAD,ERAP2,-0.16364326,0.5069708
TCGA-55-6975,LUAD,TAPBP,-0.23042603,-0.2082577
TCGA-55-6975,LUAD,CANX,0.22966357,0.11392325
TCGA-55-6975,LUAD,CALR,0.15817808,-0.36414284
TCGA-55-6975,LUAD,PDIA3,0.49104938,0.060509074
TCGA-55-6975,LUAD,B2M,-0.5475441,-0.23446721
TCGA-55-6975,LUAD,HLA-A,-0.45305043,-0.8483003
TCGA-55-6975,LUAD,HLA-B,-0.56004024,-0.579248
TCGA-55-6975,LUAD,HLA-C,-0.46266183,-0.77227634
TCGA-55-6975,LUAD,HLA-DQA1,-0.6473838,-1.268044
TCGA-55-6975,LUAD,HLA-DRB1,-0.5621666,-1.2800946
TCGA-55-6975,LUAD,CMKLR1,-0.46671504,0.3983828
TCGA-55-6975,LUAD,HLA-E,-0.5364243,-0.5105335
TCGA-55-6975,LUAD,NKG7,-0.8474096,-0.5375231
TCGA-55-6975,LUAD,CD8A,-0.8175362,-0.18146934
TCGA-55-6975,LUAD,CCL5,-0.77972096,-0.27017716
TCGA-55-6975,LUAD,CXCL9,-0.8691796,-1.2085497
TCGA-55-6975,LUAD,CD27,-0.44290432,0.24306874
TCGA-55-6975,LUAD,CXCR6,-0.7417015,-0.6629569
TCGA-55-6975,LUAD,IDO1,-0.52975166,-1.256354
TCGA-55-6975,LUAD,STAT1,-0.6353239,0.1991059
TCGA-55-6975,LUAD,CD274,-0.7520785,-1.2033503
TCGA-55-6975,LUAD,CD276,-0.12178092,0.6787701
TCGA-55-6975,LUAD,LAG3,-0.7900176,-0.6644088
TCGA-55-6975,LUAD,PDCD1LG2,-0.8226913,-0.39877158
TCGA-55-6975,LUAD,TIGIT,-0.7188621,-0.65773755
TCGA-55-6975,LUAD,APM,-0.55339706,-0.37923744
TCGA-55-6975,LUAD,TIS,-0.8272913,-0.5993061
TCGA-80-5608,LUAD,TMB,-0.07275704,-0.29324454
TCGA-80-5608,LUAD,PSMB5,-0.012542735,1.1732075
TCGA-80-5608,LUAD,PSMB6,-0.030550864,0.591847
TCGA-80-5608,LUAD,PSMB7,-0.5184563,-0.43469885
TCGA-80-5608,LUAD,PSMB8,-0.13861507,0.9905607
TCGA-80-5608,LUAD,PSMB9,-0.50952613,0.6607471
TCGA-80-5608,LUAD,PSMB10,-0.13473585,0.6457399
TCGA-80-5608,LUAD,TAP1,-0.7595011,0.6432882
TCGA-80-5608,LUAD,TAP2,-0.7115629,0.23474649
TCGA-80-5608,LUAD,ERAP1,-0.18314439,1.0840656
TCGA-80-5608,LUAD,ERAP2,-0.20210965,0.36260802
TCGA-80-5608,LUAD,TAPBP,0.07642013,1.0883902
TCGA-80-5608,LUAD,CANX,0.30519667,0.41778967
TCGA-80-5608,LUAD,CALR,0.31088272,1.4381045
TCGA-80-5608,LUAD,PDIA3,0.97796285,2.1364963
TCGA-80-5608,LUAD,B2M,-0.3123129,0.39066362
TCGA-80-5608,LUAD,HLA-A,-0.06603633,1.0477834
TCGA-80-5608,LUAD,HLA-B,-0.2667686,0.5211141
TCGA-80-5608,LUAD,HLA-C,-0.067312405,0.7567129
TCGA-80-5608,LUAD,HLA-DQA1,-0.39381105,-0.9618491
TCGA-80-5608,LUAD,HLA-DRB1,-0.26491633,-0.5362
TCGA-80-5608,LUAD,CMKLR1,-0.3525647,-0.20412691
TCGA-80-5608,LUAD,HLA-E,-0.41088453,0.32003024
TCGA-80-5608,LUAD,NKG7,-0.3343927,0.13105124
TCGA-80-5608,LUAD,CD8A,-0.38474268,0.013908935
TCGA-80-5608,LUAD,CCL5,-0.408492,0.17153382
TCGA-80-5608,LUAD,CXCL9,-0.5185052,-0.5322208
TCGA-80-5608,LUAD,CD27,0.070651546,-0.6504798
TCGA-80-5608,LUAD,CXCR6,-0.2364376,-0.07069737
TCGA-80-5608,LUAD,IDO1,-0.20271876,1.8032572
TCGA-80-5608,LUAD,STAT1,-0.6240614,0.42892206
TCGA-80-5608,LUAD,CD274,-1.0082338,-0.5862185
TCGA-80-5608,LUAD,CD276,-0.73274773,-0.7293228
TCGA-80-5608,LUAD,LAG3,-0.16504708,-0.22220047
TCGA-80-5608,LUAD,PDCD1LG2,-0.92663604,-1.1309766
TCGA-80-5608,LUAD,TIGIT,-0.36792105,-0.3426713
TCGA-80-5608,LUAD,APM,-0.24761216,1.1304389
TCGA-80-5608,LUAD,TIS,-0.5711668,-0.14672644
TCGA-44-6778,LUAD,TMB,0.39660183,0.6874298
TCGA-44-6778,LUAD,PSMB5,-0.048740946,-0.91395026
TCGA-44-6778,LUAD,PSMB6,-0.07394143,-1.0033294
TCGA-44-6778,LUAD,PSMB7,0.06587147,-0.8372647
TCGA-44-6778,LUAD,PSMB8,-0.3861992,0.035605557
TCGA-44-6778,LUAD,PSMB9,-0.24000613,0.40533796
TCGA-44-6778,LUAD,PSMB10,-0.44985133,0.33964074
TCGA-44-6778,LUAD,TAP1,-0.16024753,0.24745825
TCGA-44-6778,LUAD,TAP2,-0.18416941,0.78480285
TCGA-44-6778,LUAD,ERAP1,-0.048251726,0.9088921
TCGA-44-6778,LUAD,ERAP2,-0.10710225,-0.77370447
TCGA-44-6778,LUAD,TAPBP,-0.35972264,-0.11554264
TCGA-44-6778,LUAD,CANX,0.015432043,0.13887747
TCGA-44-6778,LUAD,CALR,-0.122619286,-0.6655396
TCGA-44-6778,LUAD,PDIA3,-0.19110768,-0.9924269
TCGA-44-6778,LUAD,B2M,-0.39486763,1.1921684
TCGA-44-6778,LUAD,HLA-A,-0.46157083,0.5358952
TCGA-44-6778,LUAD,HLA-B,-0.394512,0.7166506
TCGA-44-6778,LUAD,HLA-C,-0.4262465,0.54114264
TCGA-44-6778,LUAD,HLA-DQA1,-0.29812422,1.8538961
TCGA-44-6778,LUAD,HLA-DRB1,-0.47809067,1.3597705
TCGA-44-6778,LUAD,CMKLR1,-0.0980591,3.0474517
TCGA-44-6778,LUAD,HLA-E,-0.5874716,1.6166255
TCGA-44-6778,LUAD,NKG7,-0.10218368,1.7609918
TCGA-44-6778,LUAD,CD8A,-0.018363457,1.4700819
TCGA-44-6778,LUAD,CCL5,-0.18111579,1.2815241
TCGA-44-6778,LUAD,CXCL9,-0.031093761,1.743462
TCGA-44-6778,LUAD,CD27,-0.04039019,1.1967214
TCGA-44-6778,LUAD,CXCR6,-0.042571954,2.4985862
TCGA-44-6778,LUAD,IDO1,-0.14694436,0.6942824
TCGA-44-6778,LUAD,STAT1,0.08990999,1.3564724
TCGA-44-6778,LUAD,CD274,-0.10307535,1.0920666
TCGA-44-6778,LUAD,CD276,-0.08509769,-1.3945757
TCGA-44-6778,LUAD,LAG3,0.046410166,1.3119099
TCGA-44-6778,LUAD,PDCD1LG2,-0.12410792,1.5723282
TCGA-44-6778,LUAD,TIGIT,-0.011155951,1.699518
TCGA-44-6778,LUAD,APM,-0.35131067,0.20710525
TCGA-44-6778,LUAD,TIS,-0.22736473,1.8073683
TCGA-97-A4M5,LUAD,TMB,-0.4929461,-0.42224818
TCGA-97-A4M5,LUAD,PSMB5,-0.32305294,-0.110483505
TCGA-97-A4M5,LUAD,PSMB6,-0.12563796,0.017151956
TCGA-97-A4M5,LUAD,PSMB7,-0.5139929,-0.39958107
TCGA-97-A4M5,LUAD,PSMB8,-0.31417412,0.3724478
TCGA-97-A4M5,LUAD,PSMB9,-0.8030418,-0.2846819
TCGA-97-A4M5,LUAD,PSMB10,-0.26148662,0.4137898
TCGA-97-A4M5,LUAD,TAP1,-0.98818624,-0.06428509
TCGA-97-A4M5,LUAD,TAP2,-0.85059804,0.27464983
TCGA-97-A4M5,LUAD,ERAP1,-0.1164005,0.14468938
TCGA-97-A4M5,LUAD,ERAP2,-0.18267493,0.15338324
TCGA-97-A4M5,LUAD,TAPBP,-0.0017579843,0.0443121
TCGA-97-A4M5,LUAD,CANX,0.3754113,0.36630052
TCGA-97-A4M5,LUAD,CALR,0.10436988,-0.6242953
TCGA-97-A4M5,LUAD,PDIA3,1.0352867,0.58612466
TCGA-97-A4M5,LUAD,B2M,-0.32160303,0.930349
TCGA-97-A4M5,LUAD,HLA-A,-0.18886542,0.23402688
TCGA-97-A4M5,LUAD,HLA-B,-0.33361408,0.2601083
TCGA-97-A4M5,LUAD,HLA-C,-0.19051422,0.9210002
TCGA-97-A4M5,LUAD,HLA-DQA1,-0.37228465,0.56444
TCGA-97-A4M5,LUAD,HLA-DRB1,-0.15268868,0.34751546
TCGA-97-A4M5,LUAD,CMKLR1,-0.38834912,1.195544
TCGA-97-A4M5,LUAD,HLA-E,-0.29172534,0.7652807
TCGA-97-A4M5,LUAD,NKG7,-0.7461431,0.82147944
TCGA-97-A4M5,LUAD,CD8A,-0.7558587,-0.57357347
TCGA-97-A4M5,LUAD,CCL5,-0.6773182,-0.33212912
TCGA-97-A4M5,LUAD,CXCL9,-0.8509986,-0.36775845
TCGA-97-A4M5,LUAD,CD27,-0.23264456,-0.06470147
TCGA-97-A4M5,LUAD,CXCR6,-0.5523896,-0.5060641
TCGA-97-A4M5,LUAD,IDO1,-0.5793555,-0.15518963
TCGA-97-A4M5,LUAD,STAT1,-0.89622307,-0.2630726
TCGA-97-A4M5,LUAD,CD274,-1.0904316,-0.15826769
TCGA-97-A4M5,LUAD,CD276,-0.52867085,0.05475766
TCGA-97-A4M5,LUAD,LAG3,-0.7136736,-0.40512362
TCGA-97-A4M5,LUAD,PDCD1LG2,-1.0398228,0.015026904
TCGA-97-A4M5,LUAD,TIGIT,-0.6864155,-0.414635
TCGA-97-A4M5,LUAD,APM,-0.4366909,0.36730617
TCGA-97-A4M5,LUAD,TIS,-0.75535476,0.052196663
TCGA-73-4675,LUAD,TMB,-0.30334696,-1.1997651
TCGA-73-4675,LUAD,PSMB5,-0.03573911,-0.33661535
TCGA-73-4675,LUAD,PSMB6,-0.13953407,0.79151666
TCGA-73-4675,LUAD,PSMB7,-0.43480843,-1.2298179
TCGA-73-4675,LUAD,PSMB8,0.11775748,-1.2503492
TCGA-73-4675,LUAD,PSMB9,-0.23111871,-1.4141443
TCGA-73-4675,LUAD,PSMB10,0.019001585,-0.39194146
TCGA-73-4675,LUAD,TAP1,-0.5578761,-1.5166314
TCGA-73-4675,LUAD,TAP2,-0.5420973,-1.5045651
TCGA-73-4675,LUAD,ERAP1,-0.10655026,0.2210805
TCGA-73-4675,LUAD,ERAP2,0.02284627,-1.1063663
TCGA-73-4675,LUAD,TAPBP,0.11904373,-1.0590171
TCGA-73-4675,LUAD,CANX,0.55370224,1.3189105
TCGA-73-4675,LUAD,CALR,0.1660907,0.34087178
TCGA-73-4675,LUAD,PDIA3,0.55928475,1.1275518
TCGA-73-4675,LUAD,B2M,0.01911692,-0.92264444
TCGA-73-4675,LUAD,HLA-A,0.09829752,-1.1310776
TCGA-73-4675,LUAD,HLA-B,-0.09322579,-1.046848
TCGA-73-4675,LUAD,HLA-C,0.07893147,-0.89156127
TCGA-73-4675,LUAD,HLA-DQA1,-0.14486127,0.49311164
TCGA-73-4675,LUAD,HLA-DRB1,0.13005346,0.4921866
TCGA-73-4675,LUAD,CMKLR1,-0.21849795,-1.0114954
TCGA-73-4675,LUAD,HLA-E,-0.03486561,-1.106344
TCGA-73-4675,LUAD,NKG7,-0.61276615,-1.4455938
TCGA-73-4675,LUAD,CD8A,-0.52068114,-1.1248296
TCGA-73-4675,LUAD,CCL5,-0.54573697,-1.0249243
TCGA-73-4675,LUAD,CXCL9,-0.7265385,-1.8080505
TCGA-73-4675,LUAD,CD27,-0.22340994,-0.35563034
TCGA-73-4675,LUAD,CXCR6,-0.46579137,-1.161424
TCGA-73-4675,LUAD,IDO1,-0.3724389,-1.1920176
TCGA-73-4675,LUAD,STAT1,-0.49800873,-1.1073501
TCGA-73-4675,LUAD,CD274,-0.59625196,-1.3903152
TCGA-73-4675,LUAD,CD276,-0.36174315,0.5817242
TCGA-73-4675,LUAD,LAG3,-0.72825706,-1.2740439
TCGA-73-4675,LUAD,PDCD1LG2,-0.6753853,-0.87140375
TCGA-73-4675,LUAD,TIGIT,-0.58288354,-0.8076234
TCGA-73-4675,LUAD,APM,-0.03197801,-1.1201307
TCGA-73-4675,LUAD,TIS,-0.4772335,-0.956005
TCGA-55-8514,LUAD,TMB,-0.33178306,0.34864804
TCGA-55-8514,LUAD,PSMB5,-0.46800318,0.2644418
TCGA-55-8514,LUAD,PSMB6,-0.63465214,-0.43708786
TCGA-55-8514,LUAD,PSMB7,-0.7132326,-1.4748347
TCGA-55-8514,LUAD,PSMB8,-0.18624924,0.00048320228
TCGA-55-8514,LUAD,PSMB9,-0.39757514,-0.64756787
TCGA-55-8514,LUAD,PSMB10,-0.15751259,-0.27114946
TCGA-55-8514,LUAD,TAP1,-0.57750314,-0.10311527
TCGA-55-8514,LUAD,TAP2,-0.52209187,-0.32076782
TCGA-55-8514,LUAD,ERAP1,-0.19394273,-1.5083288
TCGA-55-8514,LUAD,ERAP2,0.00067364576,-0.09880356
TCGA-55-8514,LUAD,TAPBP,-0.12193155,0.67685324
TCGA-55-8514,LUAD,CANX,0.34842968,-1.189541
TCGA-55-8514,LUAD,CALR,-0.20056236,-0.85110354
TCGA-55-8514,LUAD,PDIA3,-0.115634516,-0.018028859
TCGA-55-8514,LUAD,B2M,-0.17503674,-0.6303322
TCGA-55-8514,LUAD,HLA-A,-0.07584573,0.010523193
TCGA-55-8514,LUAD,HLA-B,-0.067536116,-0.2675565
TCGA-55-8514,LUAD,HLA-C,-0.023341198,-0.5615252
TCGA-55-8514,LUAD,HLA-DQA1,0.21015015,0.10154446
TCGA-55-8514,LUAD,HLA-DRB1,0.37617528,0.9026325
TCGA-55-8514,LUAD,CMKLR1,0.07706504,-0.3356312
TCGA-55-8514,LUAD,HLA-E,0.16817288,0.021127552
TCGA-55-8514,LUAD,NKG7,-0.7572886,-0.88841647
TCGA-55-8514,LUAD,CD8A,-0.63915294,-1.3172503
TCGA-55-8514,LUAD,CCL5,-0.62325317,-1.0083421
TCGA-55-8514,LUAD,CXCL9,-0.55831003,-1.0536737
TCGA-55-8514,LUAD,CD27,-0.16092013,-0.5182454
TCGA-55-8514,LUAD,CXCR6,-0.38768366,-0.8073434
TCGA-55-8514,LUAD,IDO1,-0.45462084,-0.82228637
TCGA-55-8514,LUAD,STAT1,-0.46503696,-0.17298087
TCGA-55-8514,LUAD,CD274,-0.5895884,-0.3666224
TCGA-55-8514,LUAD,CD276,-0.6653363,-1.273152
TCGA-55-8514,LUAD,LAG3,-0.7175478,0.3943755
TCGA-55-8514,LUAD,PDCD1LG2,-0.4960138,-0.85053706
TCGA-55-8514,LUAD,TIGIT,-0.44609421,-0.7440722
TCGA-55-8514,LUAD,APM,-0.32090393,-0.53552544
TCGA-55-8514,LUAD,TIS,-0.40685755,-0.64947146
TCGA-49-4490,LUAD,TMB,-0.04795596,-1.6656032
TCGA-49-4490,LUAD,PSMB5,0.19173661,0.43611214
TCGA-49-4490,LUAD,PSMB6,0.011397464,0.4897259
TCGA-49-4490,LUAD,PSMB7,-0.11455963,-0.48374507
TCGA-49-4490,LUAD,PSMB8,0.0751571,0.52940637
TCGA-49-4490,LUAD,PSMB9,-0.18338475,-0.3473999
TCGA-49-4490,LUAD,PSMB10,0.010825436,0.4729416
TCGA-49-4490,LUAD,TAP1,-0.57042444,-0.944967
TCGA-49-4490,LUAD,TAP2,-0.38931128,-0.8064186
TCGA-49-4490,LUAD,ERAP1,-0.30969232,-1.3158097
TCGA-49-4490,LUAD,ERAP2,-0.25540274,-1.2386144
TCGA-49-4490,LUAD,TAPBP,-0.055936992,0.91345555
TCGA-49-4490,LUAD,CANX,0.32655835,-0.34809822
TCGA-49-4490,LUAD,CALR,0.055985402,-0.09563168
TCGA-49-4490,LUAD,PDIA3,0.20226507,0.10094149
TCGA-49-4490,LUAD,B2M,-0.23112507,-0.37099072
TCGA-49-4490,LUAD,HLA-A,0.15223394,1.4749134
TCGA-49-4490,LUAD,HLA-B,-0.096710205,1.1881225
TCGA-49-4490,LUAD,HLA-C,-0.021315863,0.5124395
TCGA-49-4490,LUAD,HLA-DQA1,-0.16966526,0.031954415
TCGA-49-4490,LUAD,HLA-DRB1,0.10757508,0.6220642
TCGA-49-4490,LUAD,CMKLR1,-0.4455122,-0.6379638
TCGA-49-4490,LUAD,HLA-E,-0.21217394,1.1306268
TCGA-49-4490,LUAD,NKG7,-0.5536937,-0.8126111
TCGA-49-4490,LUAD,CD8A,-0.52620274,-0.741191
TCGA-49-4490,LUAD,CCL5,-0.51778096,-0.077272214
TCGA-49-4490,LUAD,CXCL9,-0.70069647,-0.45960817
TCGA-49-4490,LUAD,CD27,-0.44931823,-0.96882683
TCGA-49-4490,LUAD,CXCR6,-0.49340564,-0.6251448
TCGA-49-4490,LUAD,IDO1,-0.24143231,-0.025082044
TCGA-49-4490,LUAD,STAT1,-0.5426243,-1.0585309
TCGA-49-4490,LUAD,CD274,-0.45283833,-1.1880898
TCGA-49-4490,LUAD,CD276,-0.27953446,-0.28544167
TCGA-49-4490,LUAD,LAG3,-0.658625,-0.79732203
TCGA-49-4490,LUAD,PDCD1LG2,-0.702006,-1.3154742
TCGA-49-4490,LUAD,TIGIT,-0.5527081,-0.09263433
TCGA-49-4490,LUAD,APM,-0.11922095,0.050993305
TCGA-49-4490,LUAD,TIS,-0.48448068,-0.41362572
TCGA-60-2696,LUSC,TMB,-0.0715846,-0.1080062
TCGA-60-2696,LUSC,PSMB5,0.17537138,-0.21549173
TCGA-60-2696,LUSC,PSMB6,0.040564906,-0.13528255
TCGA-60-2696,LUSC,PSMB7,0.15573686,-0.16503006
TCGA-60-2696,LUSC,PSMB8,-0.31438875,0.15536541
TCGA-60-2696,LUSC,PSMB9,-0.2937717,0.33385786
TCGA-60-2696,LUSC,PSMB10,-0.29436314,0.7195857
TCGA-60-2696,LUSC,TAP1,-0.1874603,0.013491
TCGA-60-2696,LUSC,TAP2,-0.15707096,0.43543118
TCGA-60-2696,LUSC,ERAP1,-0.1398293,-0.1383418
TCGA-60-2696,LUSC,ERAP2,-0.14939636,-1.1517997
TCGA-60-2696,LUSC,TAPBP,-0.23797616,0.43634892
TCGA-60-2696,LUSC,CANX,-0.26798993,-0.9836717
TCGA-60-2696,LUSC,CALR,-0.033403605,-0.9809988
TCGA-60-2696,LUSC,PDIA3,-0.06931991,0.15723221
TCGA-60-2696,LUSC,B2M,-0.28867856,0.0017910657
TCGA-60-2696,LUSC,HLA-A,-0.26522845,-0.59728736
TCGA-60-2696,LUSC,HLA-B,-0.35726875,-0.51669073
TCGA-60-2696,LUSC,HLA-C,-0.30187473,-0.52559793
TCGA-60-2696,LUSC,HLA-DQA1,-0.3579158,0.15620273
TCGA-60-2696,LUSC,HLA-DRB1,-0.39399856,0.3724745
TCGA-60-2696,LUSC,CMKLR1,-0.37114263,-0.23878473
TCGA-60-2696,LUSC,HLA-E,-0.27123052,0.6441632
TCGA-60-2696,LUSC,NKG7,-0.14006448,1.0712321
TCGA-60-2696,LUSC,CD8A,-0.21566442,0.6558824
TCGA-60-2696,LUSC,CCL5,-0.14086574,0.2381644
TCGA-60-2696,LUSC,CXCL9,-0.23281288,0.12033338
TCGA-60-2696,LUSC,CD27,-0.24243815,0.11030067
TCGA-60-2696,LUSC,CXCR6,-0.25308463,0.2967738
TCGA-60-2696,LUSC,IDO1,-0.08861287,-0.21201037
TCGA-60-2696,LUSC,STAT1,-0.28967586,0.186157
TCGA-60-2696,LUSC,CD274,-0.11078546,-0.59856004
TCGA-60-2696,LUSC,CD276,0.16911878,0.86173797
TCGA-60-2696,LUSC,LAG3,-0.11534182,0.32717353
TCGA-60-2696,LUSC,PDCD1LG2,-0.22431901,-0.0037293518
TCGA-60-2696,LUSC,TIGIT,-0.24375613,-0.12012932
TCGA-60-2696,LUSC,APM,-0.28009278,-0.26497868
TCGA-60-2696,LUSC,TIS,-0.27255163,0.26172003
TCGA-56-7221,LUSC,TMB,0.12360678,0.2946867
TCGA-56-7221,LUSC,PSMB5,0.10658113,0.45323578
TCGA-56-7221,LUSC,PSMB6,0.02520889,0.5841174
TCGA-56-7221,LUSC,PSMB7,0.06305528,0.027599037
TCGA-56-7221,LUSC,PSMB8,-1.2363197,-0.56206656
TCGA-56-7221,LUSC,PSMB9,-1.260778,-1.0329655
TCGA-56-7221,LUSC,PSMB10,-1.3513345,-1.7931855
TCGA-56-7221,LUSC,TAP1,-0.9741875,-0.9349717
TCGA-56-7221,LUSC,TAP2,-0.88588345,0.0043213917
TCGA-56-7221,LUSC,ERAP1,-0.7489417,-0.26155725
TCGA-56-7221,LUSC,ERAP2,-0.6259019,0.21432601
TCGA-56-7221,LUSC,TAPBP,-0.95692044,-0.3997584
TCGA-56-7221,LUSC,CANX,-0.5379393,-1.3556992
TCGA-56-7221,LUSC,CALR,-0.083421975,-2.74123
TCGA-56-7221,LUSC,PDIA3,-0.006949103,-0.022346765
TCGA-56-7221,LUSC,B2M,-1.2345641,-1.3806068
TCGA-56-7221,LUSC,HLA-A,-1.2890211,-1.1311549
TCGA-56-7221,LUSC,HLA-B,-1.3464847,-1.9321946
TCGA-56-7221,LUSC,HLA-C,-1.3417652,-1.4729729
TCGA-56-7221,LUSC,HLA-DQA1,-1.2565151,-1.1253042
TCGA-56-7221,LUSC,HLA-DRB1,-1.3128351,-1.1743336
TCGA-56-7221,LUSC,CMKLR1,-1.0742977,-1.4961214
TCGA-56-7221,LUSC,HLA-E,-1.1855211,-1.7578331
TCGA-56-7221,LUSC,NKG7,-1.2772138,-2.0051255
TCGA-56-7221,LUSC,CD8A,-1.2362051,-1.4318591
TCGA-56-7221,LUSC,CCL5,-1.191097,-1.3953323
TCGA-56-7221,LUSC,CXCL9,-1.1591452,-1.9596454
TCGA-56-7221,LUSC,CD27,-1.0731802,-1.1936245
TCGA-56-7221,LUSC,CXCR6,-1.2366062,-1.6042241
TCGA-56-7221,LUSC,IDO1,-0.9972719,-1.6529989
TCGA-56-7221,LUSC,STAT1,-1.0105975,-0.6044606
TCGA-56-7221,LUSC,CD274,-0.5863934,-1.2492944
TCGA-56-7221,LUSC,CD276,0.39598912,-0.5953687
TCGA-56-7221,LUSC,LAG3,-1.0259798,-1.1767471
TCGA-56-7221,LUSC,PDCD1LG2,-0.90878975,-1.4609162
TCGA-56-7221,LUSC,TIGIT,-1.1402414,-1.1990926
TCGA-56-7221,LUSC,APM,-1.3452783,-1.2675785
TCGA-56-7221,LUSC,TIS,-1.4236003,-2.2327192
TCGA-60-2710,LUSC,TMB,-0.2985125,-0.0099160215
TCGA-60-2710,LUSC,PSMB5,-0.2317555,-0.94988716
TCGA-60-2710,LUSC,PSMB6,-0.23430578,-0.6352825
TCGA-60-2710,LUSC,PSMB7,-0.08408651,1.2321185
TCGA-60-2710,LUSC,PSMB8,-0.2039958,-0.33039758
TCGA-60-2710,LUSC,PSMB9,-0.17145114,0.12084847
TCGA-60-2710,LUSC,PSMB10,-0.064079784,-0.33316058
TCGA-60-2710,LUSC,TAP1,-0.046539,0.5721707
TCGA-60-2710,LUSC,TAP2,-0.077921465,0.47616038
TCGA-60-2710,LUSC,ERAP1,0.086372875,0.5211553
TCGA-60-2710,LUSC,ERAP2,0.049258184,0.8475032
TCGA-60-2710,LUSC,TAPBP,-0.0015991271,0.15740874
TCGA-60-2710,LUSC,CANX,-0.37567568,-0.83076584
TCGA-60-2710,LUSC,CALR,-0.29827982,0.38205862
TCGA-60-2710,LUSC,PDIA3,-0.29492506,0.14901525
TCGA-60-2710,LUSC,B2M,-0.043579478,-0.25840178
TCGA-60-2710,LUSC,HLA-A,-0.108025394,-0.26007015
TCGA-60-2710,LUSC,HLA-B,-0.06891182,-0.10663718
TCGA-60-2710,LUSC,HLA-C,-0.04163181,-0.17126124
TCGA-60-2710,LUSC,HLA-DQA1,0.04627948,0.39551502
TCGA-60-2710,LUSC,HLA-DRB1,0.009646976,0.24260493
TCGA-60-2710,LUSC,CMKLR1,-0.05313021,0.45751664
TCGA-60-2710,LUSC,HLA-E,0.10290996,-0.025846886
TCGA-60-2710,LUSC,NKG7,0.03557586,-0.018537989
TCGA-60-2710,LUSC,CD8A,0.0479095,0.52643895
TCGA-60-2710,LUSC,CCL5,0.071973324,-0.055860925
TCGA-60-2710,LUSC,CXCL9,0.017268877,0.75647277
TCGA-60-2710,LUSC,CD27,0.1582047,0.31151587
TCGA-60-2710,LUSC,CXCR6,0.06705566,-0.078127265
TCGA-60-2710,LUSC,IDO1,-0.08341168,-0.2171235
TCGA-60-2710,LUSC,STAT1,-0.12077288,0.8032031
TCGA-60-2710,LUSC,CD274,-0.043280236,-0.16178028
TCGA-60-2710,LUSC,CD276,0.18480429,1.3455818
TCGA-60-2710,LUSC,LAG3,0.06378577,0.0485389
TCGA-60-2710,LUSC,PDCD1LG2,-0.019372776,0.21094014
TCGA-60-2710,LUSC,TIGIT,0.07494963,0.42651767
TCGA-60-2710,LUSC,APM,-0.12244991,0.117171265
TCGA-60-2710,LUSC,TIS,0.04825946,0.26316556
TCGA-68-8250,LUSC,TMB,0.51984143,0.44597423
TCGA-68-8250,LUSC,PSMB5,0.41874045,-0.47639963
TCGA-68-8250,LUSC,PSMB6,0.43223423,1.4313163
TCGA-68-8250,LUSC,PSMB7,0.27629912,-0.73159474
TCGA-68-8250,LUSC,PSMB8,-0.465905,-0.12295064
TCGA-68-8250,LUSC,PSMB9,-0.42967686,0.21190837
TCGA-68-8250,LUSC,PSMB10,-0.6679909,0.56040835
TCGA-68-8250,LUSC,TAP1,-0.5645716,0.8481766
TCGA-68-8250,LUSC,TAP2,-0.42517224,0.91626906
TCGA-68-8250,LUSC,ERAP1,-0.65632343,0.92808235
TCGA-68-8250,LUSC,ERAP2,-0.46016455,-0.21677284
TCGA-68-8250,LUSC,TAPBP,-0.5817914,1.0239575
TCGA-68-8250,LUSC,CANX,-0.15970369,1.2644533
TCGA-68-8250,LUSC,CALR,0.06801085,0.087284856
TCGA-68-8250,LUSC,PDIA3,0.08867907,-0.47174874
TCGA-68-8250,LUSC,B2M,-0.633722,0.004755138
TCGA-68-8250,LUSC,HLA-A,-0.6439419,0.08759879
TCGA-68-8250,LUSC,HLA-B,-0.67799413,0.16604882
TCGA-68-8250,LUSC,HLA-C,-0.65727866,0.19426788
TCGA-68-8250,LUSC,HLA-DQA1,-0.952079,0.12343064
TCGA-68-8250,LUSC,HLA-DRB1,-0.99078435,0.034956228
TCGA-68-8250,LUSC,CMKLR1,-0.81655425,0.45041105
TCGA-68-8250,LUSC,HLA-E,-0.78164345,0.5436946
TCGA-68-8250,LUSC,NKG7,-0.6445613,0.020491606
TCGA-68-8250,LUSC,CD8A,-0.6658547,0.15137298
TCGA-68-8250,LUSC,CCL5,-0.6656907,-0.020133171
TCGA-68-8250,LUSC,CXCL9,-0.5915101,0.21932334
TCGA-68-8250,LUSC,CD27,-0.83148396,-0.1557309
TCGA-68-8250,LUSC,CXCR6,-0.76789343,0.21142793
TCGA-68-8250,LUSC,IDO1,-0.25945017,2.2374465
TCGA-68-8250,LUSC,STAT1,-0.45595488,0.5672123
TCGA-68-8250,LUSC,CD274,-0.46936178,0.038216367
TCGA-68-8250,LUSC,CD276,-0.20203587,-1.2145221
TCGA-68-8250,LUSC,LAG3,-0.47677153,0.82723445
TCGA-68-8250,LUSC,PDCD1LG2,-0.7340285,-0.2516963
TCGA-68-8250,LUSC,TIGIT,-0.7490377,-0.05539337
TCGA-68-8250,LUSC,APM,-0.62911546,0.47144544
TCGA-68-8250,LUSC,TIS,-0.86634386,0.3209566
TCGA-22-5472,LUSC,TMB,-0.05986031,0.65345067
TCGA-22-5472,LUSC,PSMB5,0.086508,-0.07886851
TCGA-22-5472,LUSC,PSMB6,-0.00017243698,-0.10263409
TCGA-22-5472,LUSC,PSMB7,0.038397245,-0.12542535
TCGA-22-5472,LUSC,PSMB8,-0.6073979,-0.53927505
TCGA-22-5472,LUSC,PSMB9,-0.6321695,-0.9826874
TCGA-22-5472,LUSC,PSMB10,-0.5380461,0.22871554
TCGA-22-5472,LUSC,TAP1,-0.4940011,-0.8191602
TCGA-22-5472,LUSC,TAP2,-0.30378672,-0.7318568
TCGA-22-5472,LUSC,ERAP1,-0.33832645,-1.2337843
TCGA-22-5472,LUSC,ERAP2,-0.34127077,-1.3900121
TCGA-22-5472,LUSC,TAPBP,-0.30440274,-0.44375393
TCGA-22-5472,LUSC,CANX,-0.6014716,-1.3842063
TCGA-22-5472,LUSC,CALR,-0.1667864,-0.45835015
TCGA-22-5472,LUSC,PDIA3,-0.13336506,-0.84300375
TCGA-22-5472,LUSC,B2M,-0.636839,-0.57938635
TCGA-22-5472,LUSC,HLA-A,-0.4719364,-0.64033216
TCGA-22-5472,LUSC,HLA-B,-0.5389834,-0.5763222
TCGA-22-5472,LUSC,HLA-C,-0.551206,-0.26885167
TCGA-22-5472,LUSC,HLA-DQA1,-0.74080265,0.06362662
TCGA-22-5472,LUSC,HLA-DRB1,-0.68568224,0.1278491
TCGA-22-5472,LUSC,CMKLR1,-0.7871955,0.16430882
TCGA-22-5472,LUSC,HLA-E,-0.40600267,-0.20549043
TCGA-22-5472,LUSC,NKG7,-0.6838723,0.13969219
TCGA-22-5472,LUSC,CD8A,-0.7350554,-0.52011824
TCGA-22-5472,LUSC,CCL5,-0.58685607,-0.76363194
TCGA-22-5472,LUSC,CXCL9,-0.68963253,-1.129923
TCGA-22-5472,LUSC,CD27,-0.5099527,-1.5631957
TCGA-22-5472,LUSC,CXCR6,-0.72923625,-0.7015878
TCGA-22-5472,LUSC,IDO1,-0.38552415,-0.48484814
TCGA-22-5472,LUSC,STAT1,-0.67340684,-1.141188
TCGA-22-5472,LUSC,CD274,-0.3524078,-0.88477254
TCGA-22-5472,LUSC,CD276,0.32782474,-0.65870315
TCGA-22-5472,LUSC,LAG3,-0.56268394,-1.1331042
TCGA-22-5472,LUSC,PDCD1LG2,-0.62390167,-0.7896997
TCGA-22-5472,LUSC,TIGIT,-0.6521977,-1.4168528
TCGA-22-5472,LUSC,APM,-0.5888061,-1.0061383
TCGA-22-5472,LUSC,TIS,-0.72386825,-0.86653274
TCGA-18-3410,LUSC,TMB,0.16090426,-0.08642374
TCGA-18-3410,LUSC,PSMB5,-0.071213454,-0.6440756
TCGA-18-3410,LUSC,PSMB6,0.10271679,-0.30597576
TCGA-18-3410,LUSC,PSMB7,0.40164965,1.132588
TCGA-18-3410,LUSC,PSMB8,0.44778147,0.3526903
TCGA-18-3410,LUSC,PSMB9,0.765562,0.8157533
TCGA-18-3410,LUSC,PSMB10,0.36171198,0.2530605
TCGA-18-3410,LUSC,TAP1,1.0047543,0.65055686
TCGA-18-3410,LUSC,TAP2,0.7213719,-1.0990351
TCGA-18-3410,LUSC,ERAP1,0.7527269,0.31482905
TCGA-18-3410,LUSC,ERAP2,0.39678615,0.99204636
TCGA-18-3410,LUSC,TAPBP,0.4796813,0.8619328
TCGA-18-3410,LUSC,CANX,0.033979975,-1.0747148
TCGA-18-3410,LUSC,CALR,0.12621994,0.42699412
TCGA-18-3410,LUSC,PDIA3,-0.17163102,-0.6914207
TCGA-18-3410,LUSC,B2M,0.6555388,1.3094672
TCGA-18-3410,LUSC,HLA-A,0.3084177,0.40019795
TCGA-18-3410,LUSC,HLA-B,0.57649356,0.94443095
TCGA-18-3410,LUSC,HLA-C,0.4468804,0.44039717
TCGA-18-3410,LUSC,HLA-DQA1,0.40601033,1.0873414
TCGA-18-3410,LUSC,HLA-DRB1,0.24393372,0.758796
TCGA-18-3410,LUSC,CMKLR1,0.54575354,-0.49846092
TCGA-18-3410,LUSC,HLA-E,0.35516375,-0.36310983
TCGA-18-3410,LUSC,NKG7,0.8870077,1.2630033
TCGA-18-3410,LUSC,CD8A,0.866272,1.3756782
TCGA-18-3410,LUSC,CCL5,0.8977095,1.4164126
TCGA-18-3410,LUSC,CXCL9,0.8879921,0.6982277
TCGA-18-3410,LUSC,CD27,0.5169779,0.6587278
TCGA-18-3410,LUSC,CXCR6,0.81227857,1.2202783
TCGA-18-3410,LUSC,IDO1,0.56399286,-0.24282584
TCGA-18-3410,LUSC,STAT1,0.9651095,0.50984764
TCGA-18-3410,LUSC,CD274,0.8332257,3.2299337
TCGA-18-3410,LUSC,CD276,0.4546856,0.1938571
TCGA-18-3410,LUSC,LAG3,0.86915195,0.9259486
TCGA-18-3410,LUSC,PDCD1LG2,0.9229026,1.6495829
TCGA-18-3410,LUSC,TIGIT,0.7849507,0.8464641
TCGA-18-3410,LUSC,APM,0.69890255,0.63214993
TCGA-18-3410,LUSC,TIS,0.9098632,1.2091757
TCGA-18-3406,LUSC,TMB,-0.0044926195,-0.08642374
TCGA-18-3406,LUSC,PSMB5,0.050747227,0.6202279
TCGA-18-3406,LUSC,PSMB6,0.023121912,-0.27284402
TCGA-18-3406,LUSC,PSMB7,0.18985865,1.0828762
TCGA-18-3406,LUSC,PSMB8,-0.18997382,3.6742165
TCGA-18-3406,LUSC,PSMB9,-0.05252253,3.2526846
TCGA-18-3406,LUSC,PSMB10,-0.2454452,1.0851283
TCGA-18-3406,LUSC,TAP1,0.096005045,2.8398767
TCGA-18-3406,LUSC,TAP2,0.12213184,2.6036718
TCGA-18-3406,LUSC,ERAP1,0.14584802,1.1505902
TCGA-18-3406,LUSC,ERAP2,0.08185028,-0.64463
TCGA-18-3406,LUSC,TAPBP,0.057758063,-0.5183838
TCGA-18-3406,LUSC,CANX,-0.11787363,2.1331005
TCGA-18-3406,LUSC,CALR,0.008156346,0.47068763
TCGA-18-3406,LUSC,PDIA3,0.024903536,-0.42676556
TCGA-18-3406,LUSC,B2M,-0.0136081055,2.1562374
TCGA-18-3406,LUSC,HLA-A,-0.24370733,0.6326337
TCGA-18-3406,LUSC,HLA-B,-0.14851084,2.1187158
TCGA-18-3406,LUSC,HLA-C,-0.18956381,1.670283
TCGA-18-3406,LUSC,HLA-DQA1,-0.37277287,2.171379
TCGA-18-3406,LUSC,HLA-DRB1,-0.3835055,2.2738125
TCGA-18-3406,LUSC,CMKLR1,-0.28680736,-0.46575883
TCGA-18-3406,LUSC,HLA-E,-0.14430091,2.24977
TCGA-18-3406,LUSC,NKG7,-0.15941076,0.6103693
TCGA-18-3406,LUSC,CD8A,-0.15489027,0.32817328
TCGA-18-3406,LUSC,CCL5,-0.047724888,0.20921975
TCGA-18-3406,LUSC,CXCL9,-0.20111875,0.88552314
TCGA-18-3406,LUSC,CD27,-0.2228066,1.054521
TCGA-18-3406,LUSC,CXCR6,-0.25978845,1.2125732
TCGA-18-3406,LUSC,IDO1,-0.13235109,1.8052567
TCGA-18-3406,LUSC,STAT1,0.03971498,1.0744501
TCGA-18-3406,LUSC,CD274,0.096589655,-0.37899712
TCGA-18-3406,LUSC,CD276,0.47769776,-1.7339381
TCGA-18-3406,LUSC,LAG3,-0.1923426,-0.5899993
TCGA-18-3406,LUSC,PDCD1LG2,-0.025428165,0.3696906
TCGA-18-3406,LUSC,TIGIT,-0.14614275,0.83214283
TCGA-18-3406,LUSC,APM,-0.025609303,2.0557268
TCGA-18-3406,LUSC,TIS,-0.09209384,1.3665348
TCGA-43-5668,LUSC,TMB,0.36885086,1.4104513
TCGA-43-5668,LUSC,PSMB5,-0.23871103,-0.24559075
TCGA-43-5668,LUSC,PSMB6,-0.3729435,-0.56729245
TCGA-43-5668,LUSC,PSMB7,-0.2475971,0.26942477
TCGA-43-5668,LUSC,PSMB8,0.2899284,-0.33674103
TCGA-43-5668,LUSC,PSMB9,0.5325024,-0.06545212
TCGA-43-5668,LUSC,PSMB10,0.32927248,-0.057302587
TCGA-43-5668,LUSC,TAP1,0.59244215,0.2710713
TCGA-43-5668,LUSC,TAP2,0.582553,0.48865223
TCGA-43-5668,LUSC,ERAP1,0.41813007,-1.1862029
TCGA-43-5668,LUSC,ERAP2,0.2947635,0.77722615
TCGA-43-5668,LUSC,TAPBP,0.30307078,0.2754332
TCGA-43-5668,LUSC,CANX,0.23487231,-0.9575432
TCGA-43-5668,LUSC,CALR,-0.04304422,-0.88335013
TCGA-43-5668,LUSC,PDIA3,-0.2508036,-1.0857223
TCGA-43-5668,LUSC,B2M,0.41676998,0.39808485
TCGA-43-5668,LUSC,HLA-A,0.23063299,0.62889194
TCGA-43-5668,LUSC,HLA-B,0.44854584,0.53347874
TCGA-43-5668,LUSC,HLA-C,0.3129488,1.1695157
TCGA-43-5668,LUSC,HLA-DQA1,0.5110967,1.382448
TCGA-43-5668,LUSC,HLA-DRB1,0.31207508,1.0437955
TCGA-43-5668,LUSC,CMKLR1,0.62475985,1.8639665
TCGA-43-5668,LUSC,HLA-E,0.275387,0.3696166
TCGA-43-5668,LUSC,NKG7,0.37141678,1.2596896
TCGA-43-5668,LUSC,CD8A,0.41801816,1.4132129
TCGA-43-5668,LUSC,CCL5,0.35573572,1.3272877
TCGA-43-5668,LUSC,CXCL9,0.57555246,1.8359175
TCGA-43-5668,LUSC,CD27,0.4218851,0.9280618
TCGA-43-5668,LUSC,CXCR6,0.5739073,1.817624
TCGA-43-5668,LUSC,IDO1,0.37012213,-0.06393672
TCGA-43-5668,LUSC,STAT1,0.7488628,1.702022
TCGA-43-5668,LUSC,CD274,0.4703063,0.023587443
TCGA-43-5668,LUSC,CD276,0.049050044,-0.5560292
TCGA-43-5668,LUSC,LAG3,0.44507974,1.6904831
TCGA-43-5668,LUSC,PDCD1LG2,0.63120526,1.6532999
TCGA-43-5668,LUSC,TIGIT,0.52784604,1.8386313
TCGA-43-5668,LUSC,APM,0.41935748,0.18902408
TCGA-43-5668,LUSC,TIS,0.64608777,1.4293981
TCGA-94-7557,LUSC,TMB,0.23963189,-1.0679052
TCGA-94-7557,LUSC,PSMB5,0.19401704,-0.6433559
TCGA-94-7557,LUSC,PSMB6,0.24293339,2.212027
TCGA-94-7557,LUSC,PSMB7,0.366252,-0.6254973
TCGA-94-7557,LUSC,PSMB8,-0.28293097,-0.12700531
TCGA-94-7557,LUSC,PSMB9,-0.30335027,-0.31851766
TCGA-94-7557,LUSC,PSMB10,-0.33158526,-0.41647574
TCGA-94-7557,LUSC,TAP1,-0.23033038,-0.5961589
TCGA-94-7557,LUSC,TAP2,-0.05733318,-0.33757228
TCGA-94-7557,LUSC,ERAP1,-0.21664922,-0.78776896
TCGA-94-7557,LUSC,ERAP2,-0.026148116,-1.4450369
TCGA-94-7557,LUSC,TAPBP,-0.21517627,-0.7481506
TCGA-94-7557,LUSC,CANX,-0.006248084,-0.348276
TCGA-94-7557,LUSC,CALR,0.1779391,-0.4935925
TCGA-94-7557,LUSC,PDIA3,0.22646165,0.9118477
TCGA-94-7557,LUSC,B2M,-0.3185955,-0.8545296
TCGA-94-7557,LUSC,HLA-A,-0.3941942,-0.630763
TCGA-94-7557,LUSC,HLA-B,-0.415726,-0.79522127
TCGA-94-7557,LUSC,HLA-C,-0.36554804,-1.3110406
TCGA-94-7557,LUSC,HLA-DQA1,-0.5950489,-0.9512754
TCGA-94-7557,LUSC,HLA-DRB1,-0.5569786,-0.44094518
TCGA-94-7557,LUSC,CMKLR1,-0.511587,-0.7370339
TCGA-94-7557,LUSC,HLA-E,-0.41059548,-0.9690774
TCGA-94-7557,LUSC,NKG7,-0.332459,-0.6717925
TCGA-94-7557,LUSC,CD8A,-0.31793204,-1.2581522
TCGA-94-7557,LUSC,CCL5,-0.18963501,-1.0257401
TCGA-94-7557,LUSC,CXCL9,-0.3695146,-1.4652122
TCGA-94-7557,LUSC,CD27,-0.4372869,-1.2042458
TCGA-94-7557,LUSC,CXCR6,-0.40602693,-1.0378795
TCGA-94-7557,LUSC,IDO1,-0.1816868,0.013293892
TCGA-94-7557,LUSC,STAT1,-0.18064845,-0.32012647
TCGA-94-7557,LUSC,CD274,-0.070552155,-0.11269449
TCGA-94-7557,LUSC,CD276,0.28738758,1.240159
TCGA-94-7557,LUSC,LAG3,-0.1926404,-0.7805235
TCGA-94-7557,LUSC,PDCD1LG2,-0.18469743,-0.7426866
TCGA-94-7557,LUSC,TIGIT,-0.25478864,-0.96588033
TCGA-94-7557,LUSC,APM,-0.25981426,-0.7900268
TCGA-94-7557,LUSC,TIS,-0.32896775,-0.8499991
TCGA-94-7943,LUSC,TMB,0.3713383,-0.1976831
TCGA-94-7943,LUSC,PSMB5,0.18236949,-1.0279884
TCGA-94-7943,LUSC,PSMB6,0.2160439,0.53289497
TCGA-94-7943,LUSC,PSMB7,0.21632273,-1.0961285
TCGA-94-7943,LUSC,PSMB8,-0.8443004,-0.1472348
TCGA-94-7943,LUSC,PSMB9,-0.8678771,-0.8737462
TCGA-94-7943,LUSC,PSMB10,-0.9236997,0.095285
TCGA-94-7943,LUSC,TAP1,-0.7191359,-0.95466316
TCGA-94-7943,LUSC,TAP2,-0.51942915,0.2217542
TCGA-94-7943,LUSC,ERAP1,-0.5766414,-0.6930547
TCGA-94-7943,LUSC,ERAP2,-0.27556366,-1.449921
TCGA-94-7943,LUSC,TAPBP,-0.65259147,-0.32823554
TCGA-94-7943,LUSC,CANX,-0.14636259,-0.7330754
TCGA-94-7943,LUSC,CALR,0.25074834,-1.217204
TCGA-94-7943,LUSC,PDIA3,0.31852895,0.56723404
TCGA-94-7943,LUSC,B2M,-0.8045119,-0.5504008
TCGA-94-7943,LUSC,HLA-A,-0.95637035,-0.48521122
TCGA-94-7943,LUSC,HLA-B,-1.0069331,-0.6159589
TCGA-94-7943,LUSC,HLA-C,-0.88863105,-0.50765246
TCGA-94-7943,LUSC,HLA-DQA1,-1.0432494,-0.41011938
TCGA-94-7943,LUSC,HLA-DRB1,-1.044646,-0.5286275
TCGA-94-7943,LUSC,CMKLR1,-0.82802343,-0.47750247
TCGA-94-7943,LUSC,HLA-E,-0.91824037,-0.49799773
TCGA-94-7943,LUSC,NKG7,-0.8141767,-0.6357795
TCGA-94-7943,LUSC,CD8A,-0.7914676,-0.55786884
TCGA-94-7943,LUSC,CCL5,-0.7013336,0.8932418
TCGA-94-7943,LUSC,CXCL9,-0.781695,-0.20087962
TCGA-94-7943,LUSC,CD27,-0.8140333,-0.52017754
TCGA-94-7943,LUSC,CXCR6,-0.82737577,-0.4168774
TCGA-94-7943,LUSC,IDO1,-0.5674152,-0.8988626
TCGA-94-7943,LUSC,STAT1,-0.58940476,-1.207908
TCGA-94-7943,LUSC,CD274,-0.34653765,-1.1244605
TCGA-94-7943,LUSC,CD276,0.28685904,0.3731166
TCGA-94-7943,LUSC,LAG3,-0.59218585,-0.9784799
TCGA-94-7943,LUSC,PDCD1LG2,-0.553992,-1.068889
TCGA-94-7943,LUSC,TIGIT,-0.7046049,-0.87585175
TCGA-94-7943,LUSC,APM,-0.8812399,-0.8578637
TCGA-94-7943,LUSC,TIS,-0.9089967,-0.71745145
TCGA-43-2578,LUSC,TMB,0.10847044,0.4410107
TCGA-43-2578,LUSC,PSMB5,-0.3667157,0.5148228
TCGA-43-2578,LUSC,PSMB6,-0.48683447,1.8913449
TCGA-43-2578,LUSC,PSMB7,-0.32744652,0.4502165
TCGA-43-2578,LUSC,PSMB8,-0.40574202,-0.83420956
TCGA-43-2578,LUSC,PSMB9,-0.29206446,-0.77898425
TCGA-43-2578,LUSC,PSMB10,-0.45164818,-0.84590673
TCGA-43-2578,LUSC,TAP1,-0.14093547,-0.7266936
TCGA-43-2578,LUSC,TAP2,-0.12265591,-0.7640541
TCGA-43-2578,LUSC,ERAP1,0.15328296,-1.4692326
TCGA-43-2578,LUSC,ERAP2,-0.0046267183,0.007493371
TCGA-43-2578,LUSC,TAPBP,-0.34639734,-0.8105025
TCGA-43-2578,LUSC,CANX,-0.00019804761,-0.8051054
TCGA-43-2578,LUSC,CALR,-0.24578306,0.2843562
TCGA-43-2578,LUSC,PDIA3,-0.25066715,-0.41883096
TCGA-43-2578,LUSC,B2M,-0.2571358,-0.49668586
TCGA-43-2578,LUSC,HLA-A,-0.5068547,-0.03428421
TCGA-43-2578,LUSC,HLA-B,-0.33535653,0.023121245
TCGA-43-2578,LUSC,HLA-C,-0.38750514,-0.5649429
TCGA-43-2578,LUSC,HLA-DQA1,-0.034447357,-0.2857016
TCGA-43-2578,LUSC,HLA-DRB1,-0.20863147,-0.1546377
TCGA-43-2578,LUSC,CMKLR1,0.11195584,0.01620825
TCGA-43-2578,LUSC,HLA-E,-0.31763032,-0.037417434
TCGA-43-2578,LUSC,NKG7,-0.28369552,0.18480246
TCGA-43-2578,LUSC,CD8A,-0.14993784,0.36233675
TCGA-43-2578,LUSC,CCL5,-0.2927521,0.08879814
TCGA-43-2578,LUSC,CXCL9,-0.12508258,0.79446644
TCGA-43-2578,LUSC,CD27,-0.03954431,-0.092064925
TCGA-43-2578,LUSC,CXCR6,-0.042811982,0.039475627
TCGA-43-2578,LUSC,IDO1,-0.21524258,0.3252011
TCGA-43-2578,LUSC,STAT1,0.06313707,-0.7214498
TCGA-43-2578,LUSC,CD274,-0.006024656,-0.98945206
TCGA-43-2578,LUSC,CD276,0.019354507,-0.30527383
TCGA-43-2578,LUSC,LAG3,-0.12087184,0.48958686
TCGA-43-2578,LUSC,PDCD1LG2,0.12903824,-0.27985492
TCGA-43-2578,LUSC,TIGIT,0.024530035,-0.57468253
TCGA-43-2578,LUSC,APM,-0.3823287,-0.51323473
TCGA-43-2578,LUSC,TIS,-0.098354496,-0.3145101
TCGA-39-5039,LUSC,TMB,0.015817601,-0.32654402
TCGA-39-5039,LUSC,PSMB5,0.29760423,0.9436596
TCGA-39-5039,LUSC,PSMB6,0.1909964,0.39046547
TCGA-39-5039,LUSC,PSMB7,0.23510846,1.0177302
TCGA-39-5039,LUSC,PSMB8,0.09961848,-0.09098489
TCGA-39-5039,LUSC,PSMB9,0.14224288,-0.20606072
TCGA-39-5039,LUSC,PSMB10,0.013864016,0.080147326
TCGA-39-5039,LUSC,TAP1,0.15402041,-0.5126499
TCGA-39-5039,LUSC,TAP2,0.104264535,-0.9743957
TCGA-39-5039,LUSC,ERAP1,-0.04428458,0.62981147
TCGA-39-5039,LUSC,ERAP2,-0.04759129,-1.3199749
TCGA-39-5039,LUSC,TAPBP,0.013140859,-0.67643684
TCGA-39-5039,LUSC,CANX,-0.11148133,-0.18599877
TCGA-39-5039,LUSC,CALR,0.08938442,0.8720821
TCGA-39-5039,LUSC,PDIA3,-0.10188435,0.23265636
TCGA-39-5039,LUSC,B2M,0.08515197,0.4819548
TCGA-39-5039,LUSC,HLA-A,0.08099287,-0.091452554
TCGA-39-5039,LUSC,HLA-B,0.0074005066,0.033627063
TCGA-39-5039,LUSC,HLA-C,0.043779198,-0.28218034
TCGA-39-5039,LUSC,HLA-DQA1,-0.26347128,-0.17708597
TCGA-39-5039,LUSC,HLA-DRB1,-0.17272969,0.5107591
TCGA-39-5039,LUSC,CMKLR1,-0.2541362,-0.62158066
TCGA-39-5039,LUSC,HLA-E,0.08197645,0.339462
TCGA-39-5039,LUSC,NKG7,-0.17454353,-0.18830822
TCGA-39-5039,LUSC,CD8A,-0.15281343,0.28693148
TCGA-39-5039,LUSC,CCL5,-0.08608183,0.2119578
TCGA-39-5039,LUSC,CXCL9,-0.21595287,-1.1226702
TCGA-39-5039,LUSC,CD27,-0.19776174,-0.24283865
TCGA-39-5039,LUSC,CXCR6,-0.24908476,-0.64047265
TCGA-39-5039,LUSC,IDO1,0.027907412,-0.07375334
TCGA-39-5039,LUSC,STAT1,-0.029295648,-0.56030273
TCGA-39-5039,LUSC,CD274,-0.03574612,-0.9671025
TCGA-39-5039,LUSC,CD276,0.2568493,0.95320374
TCGA-39-5039,LUSC,LAG3,-0.23390801,-0.98530155
TCGA-39-5039,LUSC,PDCD1LG2,-0.105347656,-0.6570078
TCGA-39-5039,LUSC,TIGIT,-0.24052767,-0.99128455
TCGA-39-5039,LUSC,APM,0.13572513,-0.10846165
TCGA-39-5039,LUSC,TIS,-0.120965794,-0.34319115
TCGA-77-A5GA,LUSC,TMB,0.15832955,-0.40437326
TCGA-77-A5GA,LUSC,PSMB5,0.41139454,-0.05996465
TCGA-77-A5GA,LUSC,PSMB6,0.36154792,2.2173834
TCGA-77-A5GA,LUSC,PSMB7,0.382797,0.7642943
TCGA-77-A5GA,LUSC,PSMB8,-0.34378892,-0.47665665
TCGA-77-A5GA,LUSC,PSMB9,-0.33116844,-0.7457267
TCGA-77-A5GA,LUSC,PSMB10,-0.3452981,-0.041657556
TCGA-77-A5GA,LUSC,TAP1,-0.39746043,-0.8740231
TCGA-77-A5GA,LUSC,TAP2,-0.24538772,-0.74164015
TCGA-77-A5GA,LUSC,ERAP1,-0.41960377,0.21408516
TCGA-77-A5GA,LUSC,ERAP2,-0.29532295,0.8650947
TCGA-77-A5GA,LUSC,TAPBP,-0.28035015,-0.2502356
TCGA-77-A5GA,LUSC,CANX,-0.2581475,0.50121593
TCGA-77-A5GA,LUSC,CALR,0.021940362,-1.5316743
TCGA-77-A5GA,LUSC,PDIA3,0.15603909,-0.118617564
TCGA-77-A5GA,LUSC,B2M,-0.42333812,-0.72480667
TCGA-77-A5GA,LUSC,HLA-A,-0.32516116,-1.2863255
TCGA-77-A5GA,LUSC,HLA-B,-0.43873197,-1.3303086
TCGA-77-A5GA,LUSC,HLA-C,-0.42088056,-1.1989914
TCGA-77-A5GA,LUSC,HLA-DQA1,-0.6146542,-1.0523667
TCGA-77-A5GA,LUSC,HLA-DRB1,-0.5811027,-1.1958725
TCGA-77-A5GA,LUSC,CMKLR1,-0.63744545,-1.3644199
TCGA-77-A5GA,LUSC,HLA-E,-0.47419557,-0.3511296
TCGA-77-A5GA,LUSC,NKG7,-0.30821723,-0.32892504
TCGA-77-A5GA,LUSC,CD8A,-0.39565426,-0.74396974
TCGA-77-A5GA,LUSC,CCL5,-0.34255347,-0.9053713
TCGA-77-A5GA,LUSC,CXCL9,-0.39483535,-1.4437878
TCGA-77-A5GA,LUSC,CD27,-0.3946629,-0.4525994
TCGA-77-A5GA,LUSC,CXCR6,-0.5454644,-1.1161814
TCGA-77-A5GA,LUSC,IDO1,-0.31958383,-0.7859132
TCGA-77-A5GA,LUSC,STAT1,-0.4014892,-1.3531448
TCGA-77-A5GA,LUSC,CD274,-0.1474671,1.0203896
TCGA-77-A5GA,LUSC,CD276,0.2150404,-0.493205
TCGA-77-A5GA,LUSC,LAG3,-0.25822288,-0.7545918
TCGA-77-A5GA,LUSC,PDCD1LG2,-0.43912497,0.13753194
TCGA-77-A5GA,LUSC,TIGIT,-0.45406765,-0.17913099
TCGA-77-A5GA,LUSC,APM,-0.3313467,-0.51455116
TCGA-77-A5GA,LUSC,TIS,-0.4835194,-0.88782924
TCGA-60-2711,LUSC,TMB,0.31568915,-0.7883604
TCGA-60-2711,LUSC,PSMB5,0.45374355,0.6821446
TCGA-60-2711,LUSC,PSMB6,0.33398962,-0.13541485
TCGA-60-2711,LUSC,PSMB7,0.31783512,0.8360007
TCGA-60-2711,LUSC,PSMB8,0.044701837,-0.11820328
TCGA-60-2711,LUSC,PSMB9,0.11911835,-0.15631592
TCGA-60-2711,LUSC,PSMB10,-0.18050805,-0.5644582
TCGA-60-2711,LUSC,TAP1,0.15576868,0.035853844
TCGA-60-2711,LUSC,TAP2,0.01231091,0.06672889
TCGA-60-2711,LUSC,ERAP1,-0.12668154,-0.119459
TCGA-60-2711,LUSC,ERAP2,-0.1089582,0.24132514
TCGA-60-2711,LUSC,TAPBP,-0.16039981,0.122568764
TCGA-60-2711,LUSC,CANX,-0.0054006777,-0.4125524
TCGA-60-2711,LUSC,CALR,0.44607228,0.71891284
TCGA-60-2711,LUSC,PDIA3,0.027908165,0.7369408
TCGA-60-2711,LUSC,B2M,-0.018799042,-0.5175182
TCGA-60-2711,LUSC,HLA-A,-0.09438399,-0.3752753
TCGA-60-2711,LUSC,HLA-B,-0.13491848,-0.2757356
TCGA-60-2711,LUSC,HLA-C,-0.04483973,-0.49984196
TCGA-60-2711,LUSC,HLA-DQA1,-0.22212306,-0.5852339
TCGA-60-2711,LUSC,HLA-DRB1,-0.29250047,-0.7976236
TCGA-60-2711,LUSC,CMKLR1,-0.104880355,-0.8680295
TCGA-60-2711,LUSC,HLA-E,-0.24709456,-0.39602017
TCGA-60-2711,LUSC,NKG7,0.2515071,0.68769526
TCGA-60-2711,LUSC,CD8A,0.21398425,0.6269973
TCGA-60-2711,LUSC,CCL5,0.20073216,0.30228567
TCGA-60-2711,LUSC,CXCL9,0.10880561,-0.045457732
TCGA-60-2711,LUSC,CD27,0.0895709,0.22908066
TCGA-60-2711,LUSC,CXCR6,0.11168979,0.17532215
TCGA-60-2711,LUSC,IDO1,0.07216988,0.04626526
TCGA-60-2711,LUSC,STAT1,0.06644243,-0.42419055
TCGA-60-2711,LUSC,CD274,0.00074954925,-1.0415351
TCGA-60-2711,LUSC,CD276,0.15545507,1.1283412
TCGA-60-2711,LUSC,LAG3,0.2055775,0.58212274
TCGA-60-2711,LUSC,PDCD1LG2,0.06393256,-1.0046939
TCGA-60-2711,LUSC,TIGIT,0.13426526,0.265583
TCGA-60-2711,LUSC,APM,0.019260574,-0.033544037
TCGA-60-2711,LUSC,TIS,0.016537433,-0.14906065
TCGA-63-A5MP,LUSC,TMB,0.38178086,-0.15964466
TCGA-63-A5MP,LUSC,PSMB5,0.25070995,-0.71391493
TCGA-63-A5MP,LUSC,PSMB6,0.16304138,0.12583303
TCGA-63-A5MP,LUSC,PSMB7,0.22086532,1.3605429
TCGA-63-A5MP,LUSC,PSMB8,-0.90285426,0.23236981
TCGA-63-A5MP,LUSC,PSMB9,-0.85740453,0.24915943
TCGA-63-A5MP,LUSC,PSMB10,-1.0042878,0.010665438
TCGA-63-A5MP,LUSC,TAP1,-0.7334703,0.39528352
TCGA-63-A5MP,LUSC,TAP2,-0.61518776,0.6538027
TCGA-63-A5MP,LUSC,ERAP1,-0.63223064,-0.46142474
TCGA-63-A5MP,LUSC,ERAP2,-0.54301196,-0.75907725
TCGA-63-A5MP,LUSC,TAPBP,-0.89119655,-1.0141182
TCGA-63-A5MP,LUSC,CANX,-0.5874399,-0.8136882
TCGA-63-A5MP,LUSC,CALR,-0.2170552,-1.826901
TCGA-63-A5MP,LUSC,PDIA3,-0.18888341,0.35150233
TCGA-63-A5MP,LUSC,B2M,-1.1185542,0.7169823
TCGA-63-A5MP,LUSC,HLA-A,-0.9777489,-0.13725942
TCGA-63-A5MP,LUSC,HLA-B,-1.0490677,-0.25740933
TCGA-63-A5MP,LUSC,HLA-C,-1.1334631,-0.65927494
TCGA-63-A5MP,LUSC,HLA-DQA1,-1.0520278,0.50758797
TCGA-63-A5MP,LUSC,HLA-DRB1,-1.143761,0.12276182
TCGA-63-A5MP,LUSC,CMKLR1,-1.0261642,0.49717957
TCGA-63-A5MP,LUSC,HLA-E,-1.2114134,-0.31637818
TCGA-63-A5MP,LUSC,NKG7,-0.8769475,0.4808216
TCGA-63-A5MP,LUSC,CD8A,-0.9084061,0.4848144
TCGA-63-A5MP,LUSC,CCL5,-0.92785215,0.034136
TCGA-63-A5MP,LUSC,CXCL9,-0.7874092,0.21642968
TCGA-63-A5MP,LUSC,CD27,-0.8634974,0.687559
TCGA-63-A5MP,LUSC,CXCR6,-0.95929205,0.7142977
TCGA-63-A5MP,LUSC,IDO1,-0.68524486,0.88153887
TCGA-63-A5MP,LUSC,STAT1,-0.7325946,-0.106737144
TCGA-63-A5MP,LUSC,CD274,-0.32770625,2.991081
TCGA-63-A5MP,LUSC,CD276,0.13133653,-0.052892417
TCGA-63-A5MP,LUSC,LAG3,-0.5864379,0.7968468
TCGA-63-A5MP,LUSC,PDCD1LG2,-0.7612939,0.909837
TCGA-63-A5MP,LUSC,TIGIT,-0.83122385,1.0860636
TCGA-63-A5MP,LUSC,APM,-1.0632194,-0.16509303
TCGA-63-A5MP,LUSC,TIS,-1.1192255,0.7734468
TCGA-66-2759,LUSC,TMB,0.21787262,0.7490803
TCGA-66-2759,LUSC,PSMB5,0.5565163,0.3776045
TCGA-66-2759,LUSC,PSMB6,0.41083226,0.09994337
TCGA-66-2759,LUSC,PSMB7,0.72968686,1.0704494
TCGA-66-2759,LUSC,PSMB8,0.4815135,-0.45273495
TCGA-66-2759,LUSC,PSMB9,0.67191297,-0.10966771
TCGA-66-2759,LUSC,PSMB10,0.3041355,-0.24676165
TCGA-66-2759,LUSC,TAP1,0.90803957,-0.076940194
TCGA-66-2759,LUSC,TAP2,0.47906494,-0.5208408
TCGA-66-2759,LUSC,ERAP1,0.13367233,-0.28599808
TCGA-66-2759,LUSC,ERAP2,-0.012598586,0.9275592
TCGA-66-2759,LUSC,TAPBP,0.16731699,-0.43819988
TCGA-66-2759,LUSC,CANX,-0.14764252,-0.48061052
TCGA-66-2759,LUSC,CALR,0.39563474,-0.6795738
TCGA-66-2759,LUSC,PDIA3,-0.24181888,-0.87191755
TCGA-66-2759,LUSC,B2M,0.49837652,-0.08820676
TCGA-66-2759,LUSC,HLA-A,0.2491323,-1.0726095
TCGA-66-2759,LUSC,HLA-B,0.27884614,-0.65379715
TCGA-66-2759,LUSC,HLA-C,0.25185952,-0.3245685
TCGA-66-2759,LUSC,HLA-DQA1,0.06640215,0.5369878
TCGA-66-2759,LUSC,HLA-DRB1,0.044438817,0.12683158
TCGA-66-2759,LUSC,CMKLR1,0.11284143,0.5488201
TCGA-66-2759,LUSC,HLA-E,0.23661895,0.15875773
TCGA-66-2759,LUSC,NKG7,0.47083187,0.37239873
TCGA-66-2759,LUSC,CD8A,0.42791715,0.12642676
TCGA-66-2759,LUSC,CCL5,0.47940978,0.07628389
TCGA-66-2759,LUSC,CXCL9,0.36115974,0.614242
TCGA-66-2759,LUSC,CD27,0.08071621,0.054943834
TCGA-66-2759,LUSC,CXCR6,0.30827385,0.36254874
TCGA-66-2759,LUSC,IDO1,0.31177723,-0.14490673
TCGA-66-2759,LUSC,STAT1,0.4695835,0.3340464
TCGA-66-2759,LUSC,CD274,0.572646,2.4615176
TCGA-66-2759,LUSC,CD276,0.67986465,0.11823846
TCGA-66-2759,LUSC,LAG3,0.31826168,0.2276911
TCGA-66-2759,LUSC,PDCD1LG2,0.6405785,4.0886507
TCGA-66-2759,LUSC,TIGIT,0.1927977,-0.0677955
TCGA-66-2759,LUSC,APM,0.5288743,-0.27422473
TCGA-66-2759,LUSC,TIS,0.4893168,1.0562543
TCGA-66-2763,LUSC,TMB,0.18969549,0.7041267
TCGA-66-2763,LUSC,PSMB5,0.61461914,1.2378433
TCGA-66-2763,LUSC,PSMB6,0.281295,0.118798226
TCGA-66-2763,LUSC,PSMB7,0.47657514,-0.7346586
TCGA-66-2763,LUSC,PSMB8,0.14204195,-0.16023381
TCGA-66-2763,LUSC,PSMB9,0.19789153,0.38572294
TCGA-66-2763,LUSC,PSMB10,-0.016994035,-0.4764579
TCGA-66-2763,LUSC,TAP1,0.38504016,0.39786994
TCGA-66-2763,LUSC,TAP2,0.0011737406,-0.639809
TCGA-66-2763,LUSC,ERAP1,-0.2479585,-1.225673
TCGA-66-2763,LUSC,ERAP2,-0.26104492,0.92628354
TCGA-66-2763,LUSC,TAPBP,-0.19684878,-0.64207226
TCGA-66-2763,LUSC,CANX,-0.1507392,-0.5970936
TCGA-66-2763,LUSC,CALR,0.40555477,0.074783154
TCGA-66-2763,LUSC,PDIA3,-0.14393696,-0.8201805
TCGA-66-2763,LUSC,B2M,0.1511192,-0.14127451
TCGA-66-2763,LUSC,HLA-A,-0.0070206495,-1.1642979
TCGA-66-2763,LUSC,HLA-B,-0.13194302,-0.65450925
TCGA-66-2763,LUSC,HLA-C,-0.030929279,-1.4016753
TCGA-66-2763,LUSC,HLA-DQA1,-0.16996525,0.13000315
TCGA-66-2763,LUSC,HLA-DRB1,-0.17806837,-0.21470492
TCGA-66-2763,LUSC,CMKLR1,-0.12810645,-0.30830923
TCGA-66-2763,LUSC,HLA-E,-0.10008089,-0.19781767
TCGA-66-2763,LUSC,NKG7,0.0038092316,-0.19456182
TCGA-66-2763,LUSC,CD8A,-0.028105605,-0.4354965
TCGA-66-2763,LUSC,CCL5,-0.013062459,-0.32602975
TCGA-66-2763,LUSC,CXCL9,-0.07071389,-0.15231359
TCGA-66-2763,LUSC,CD27,-0.18230689,-0.15687557
TCGA-66-2763,LUSC,CXCR6,-0.06239736,-0.1797468
TCGA-66-2763,LUSC,IDO1,0.016391788,1.2796324
TCGA-66-2763,LUSC,STAT1,0.018614402,0.17666996
TCGA-66-2763,LUSC,CD274,0.17294589,1.239251
TCGA-66-2763,LUSC,CD276,0.46897125,0.18594661
TCGA-66-2763,LUSC,LAG3,-0.086864665,0.13699579
TCGA-66-2763,LUSC,PDCD1LG2,0.20577984,0.93207616
TCGA-66-2763,LUSC,TIGIT,-0.2312644,-0.7761885
TCGA-66-2763,LUSC,APM,0.052692223,-0.38465187
TCGA-66-2763,LUSC,TIS,-0.010922402,-0.07426124
TCGA-77-8139,LUSC,TMB,0.1127042,-0.051148664
TCGA-77-8139,LUSC,PSMB5,0.17953667,0.87041247
TCGA-77-8139,LUSC,PSMB6,0.20228526,-0.55507654
TCGA-77-8139,LUSC,PSMB7,0.21103795,-0.5712145
TCGA-77-8139,LUSC,PSMB8,0.33266878,-0.3472875
TCGA-77-8139,LUSC,PSMB9,0.4738013,-1.4635295
TCGA-77-8139,LUSC,PSMB10,0.30265704,-1.3885316
TCGA-77-8139,LUSC,TAP1,0.50652254,-0.0889644
TCGA-77-8139,LUSC,TAP2,0.44399586,0.27476963
TCGA-77-8139,LUSC,ERAP1,0.18206692,-0.42194676
TCGA-77-8139,LUSC,ERAP2,0.23298422,0.77202845
TCGA-77-8139,LUSC,TAPBP,0.48611158,-0.07167374
TCGA-77-8139,LUSC,CANX,-0.041468218,-1.8806056
TCGA-77-8139,LUSC,CALR,0.28217337,-0.33625954
TCGA-77-8139,LUSC,PDIA3,0.19920821,0.096878625
TCGA-77-8139,LUSC,B2M,0.438389,-0.96707165
TCGA-77-8139,LUSC,HLA-A,0.3397997,-1.2533592
TCGA-77-8139,LUSC,HLA-B,0.3966997,-0.9513517
TCGA-77-8139,LUSC,HLA-C,0.34253034,-1.142524
TCGA-77-8139,LUSC,HLA-DQA1,0.16042164,-0.38344994
TCGA-77-8139,LUSC,HLA-DRB1,0.18139899,-0.9217322
TCGA-77-8139,LUSC,CMKLR1,0.20470604,-0.5099747
TCGA-77-8139,LUSC,HLA-E,0.32675982,-0.97816527
TCGA-77-8139,LUSC,NKG7,0.5417098,-0.5669573
TCGA-77-8139,LUSC,CD8A,0.42245045,-0.65446275
TCGA-77-8139,LUSC,CCL5,0.5967797,-0.57285005
TCGA-77-8139,LUSC,CXCL9,0.39508757,-0.38481855
TCGA-77-8139,LUSC,CD27,0.32559758,0.80427325
TCGA-77-8139,LUSC,CXCR6,0.33789754,-0.7318836
TCGA-77-8139,LUSC,IDO1,0.2865437,-1.0010186
TCGA-77-8139,LUSC,STAT1,0.45114946,-0.5988441
TCGA-77-8139,LUSC,CD274,0.38435712,-0.6640216
TCGA-77-8139,LUSC,CD276,0.37539676,0.727443
TCGA-77-8139,LUSC,LAG3,0.4296859,-0.19624482
TCGA-77-8139,LUSC,PDCD1LG2,0.43047723,-0.19835444
TCGA-77-8139,LUSC,TIGIT,0.39306754,-0.7035749
TCGA-77-8139,LUSC,APM,0.5391704,-0.82152414
TCGA-77-8139,LUSC,TIS,0.5484211,-0.72383267
TCGA-56-8629,LUSC,TMB,0.3243993,0.043305952
TCGA-56-8629,LUSC,PSMB5,0.23912701,0.6197073
TCGA-56-8629,LUSC,PSMB6,0.12842464,-0.42599997
TCGA-56-8629,LUSC,PSMB7,0.2322866,0.14154781
TCGA-56-8629,LUSC,PSMB8,0.14455703,-0.28495434
TCGA-56-8629,LUSC,PSMB9,0.3540454,-0.30109972
TCGA-56-8629,LUSC,PSMB10,0.10873854,-0.0944622
TCGA-56-8629,LUSC,TAP1,0.45033035,-0.055972543
TCGA-56-8629,LUSC,TAP2,0.52386886,0.36974657
TCGA-56-8629,LUSC,ERAP1,0.15140739,-0.83627206
TCGA-56-8629,LUSC,ERAP2,0.06366984,-1.3733934
TCGA-56-8629,LUSC,TAPBP,0.19118221,1.0693433
TCGA-56-8629,LUSC,CANX,-0.15627572,-0.42227367
TCGA-56-8629,LUSC,CALR,0.021106992,0.2970645
TCGA-56-8629,LUSC,PDIA3,-0.28480768,-0.51269436
TCGA-56-8629,LUSC,B2M,0.058586337,-1.498989
TCGA-56-8629,LUSC,HLA-A,0.11993967,-1.2107936
TCGA-56-8629,LUSC,HLA-B,0.18474448,-0.65710866
TCGA-56-8629,LUSC,HLA-C,0.029968485,-0.17142338
TCGA-56-8629,LUSC,HLA-DQA1,-0.12107865,-1.5070642
TCGA-56-8629,LUSC,HLA-DRB1,-0.16215701,-0.32518196
TCGA-56-8629,LUSC,CMKLR1,-0.03247087,-0.5164063
TCGA-56-8629,LUSC,HLA-E,0.1714716,0.29018864
TCGA-56-8629,LUSC,NKG7,0.1785751,-0.57786876
TCGA-56-8629,LUSC,CD8A,0.12289059,-0.4077791
TCGA-56-8629,LUSC,CCL5,0.1952608,1.1596991
TCGA-56-8629,LUSC,CXCL9,0.14521497,-0.81523544
TCGA-56-8629,LUSC,CD27,-0.08808844,-1.0831388
TCGA-56-8629,LUSC,CXCR6,0.027392846,-1.1081604
TCGA-56-8629,LUSC,IDO1,0.24720737,-0.66701037
TCGA-56-8629,LUSC,STAT1,0.3597676,0.7320022
TCGA-56-8629,LUSC,CD274,0.3097001,-1.1344988
TCGA-56-8629,LUSC,CD276,0.23672684,1.1218486
TCGA-56-8629,LUSC,LAG3,0.14296396,0.009607809
TCGA-56-8629,LUSC,PDCD1LG2,0.26682565,-0.9098424
TCGA-56-8629,LUSC,TIGIT,0.10628811,-0.9257767
TCGA-56-8629,LUSC,APM,0.26574838,-0.59676665
TCGA-56-8629,LUSC,TIS,0.17138472,-0.28947112
TCGA-33-AASD,LUSC,TMB,0.11830858,0.6142522
TCGA-33-AASD,LUSC,PSMB5,0.33664972,-0.37863114
TCGA-33-AASD,LUSC,PSMB6,0.43649903,1.1366045
TCGA-33-AASD,LUSC,PSMB7,0.5845164,1.5693343
TCGA-33-AASD,LUSC,PSMB8,-0.6550833,0.084770285
TCGA-33-AASD,LUSC,PSMB9,-0.57911295,-0.25095302
TCGA-33-AASD,LUSC,PSMB10,-0.6632818,0.031290922
TCGA-33-AASD,LUSC,TAP1,-0.4431305,-0.004587785
TCGA-33-AASD,LUSC,TAP2,-0.16196086,-0.65674126
TCGA-33-AASD,LUSC,ERAP1,-0.3235479,-0.93998426
TCGA-33-AASD,LUSC,ERAP2,-0.36752564,0.2904165
TCGA-33-AASD,LUSC,TAPBP,-0.48875213,-0.6630444
TCGA-33-AASD,LUSC,CANX,-0.59111536,-0.5190474
TCGA-33-AASD,LUSC,CALR,-0.025635004,-0.9202648
TCGA-33-AASD,LUSC,PDIA3,0.018565882,-0.9450958
TCGA-33-AASD,LUSC,B2M,-0.7841314,-0.20398779
TCGA-33-AASD,LUSC,HLA-A,-0.7277796,0.21509735
TCGA-33-AASD,LUSC,HLA-B,-0.7397859,-0.012966742
TCGA-33-AASD,LUSC,HLA-C,-0.8143671,0.56072277
TCGA-33-AASD,LUSC,HLA-DQA1,-1.0330694,-1.1777675
TCGA-33-AASD,LUSC,HLA-DRB1,-1.0664378,-1.3625221
TCGA-33-AASD,LUSC,CMKLR1,-1.0627712,-1.467333
TCGA-33-AASD,LUSC,HLA-E,-0.72414786,-0.0727182
TCGA-33-AASD,LUSC,NKG7,-0.7041205,-1.0336552
TCGA-33-AASD,LUSC,CD8A,-0.76842207,-1.2126083
TCGA-33-AASD,LUSC,CCL5,-0.63657737,-1.6352344
TCGA-33-AASD,LUSC,CXCL9,-0.68201125,-0.22366376
TCGA-33-AASD,LUSC,CD27,-0.8722927,-1.4504948
TCGA-33-AASD,LUSC,CXCR6,-0.9425872,-1.0765448
TCGA-33-AASD,LUSC,IDO1,-0.46190295,-0.9926622
TCGA-33-AASD,LUSC,STAT1,-0.5977848,0.3943817
TCGA-33-AASD,LUSC,CD274,-0.07742383,-0.65639853
TCGA-33-AASD,LUSC,CD276,0.5920989,-0.5553638
TCGA-33-AASD,LUSC,LAG3,-0.5166015,-0.7014948
TCGA-33-AASD,LUSC,PDCD1LG2,-0.48408252,-1.0771378
TCGA-33-AASD,LUSC,TIGIT,-0.78591216,-1.1671906
TCGA-33-AASD,LUSC,APM,-0.6831085,-0.054139525
TCGA-33-AASD,LUSC,TIS,-0.81687343,-1.1573783
TCGA-56-8201,LUSC,TMB,0.2518341,-0.3349892
TCGA-56-8201,LUSC,PSMB5,-0.049654733,0.39065707
TCGA-56-8201,LUSC,PSMB6,-0.015817719,1.6683905
TCGA-56-8201,LUSC,PSMB7,0.15350512,0.34746036
TCGA-56-8201,LUSC,PSMB8,0.9896477,0.45188868
TCGA-56-8201,LUSC,PSMB9,1.2781584,0.7257821
TCGA-56-8201,LUSC,PSMB10,0.9988761,0.7142588
TCGA-56-8201,LUSC,TAP1,1.2818632,1.2638812
TCGA-56-8201,LUSC,TAP2,1.2426764,1.3040271
TCGA-56-8201,LUSC,ERAP1,0.7827471,1.6385769
TCGA-56-8201,LUSC,ERAP2,0.5362121,-0.23287088
TCGA-56-8201,LUSC,TAPBP,0.96977997,1.7425709
TCGA-56-8201,LUSC,CANX,0.2048492,0.27947444
TCGA-56-8201,LUSC,CALR,0.16019285,0.0030750558
TCGA-56-8201,LUSC,PDIA3,-0.27414557,-0.036788292
TCGA-56-8201,LUSC,B2M,0.97928256,0.7015895
TCGA-56-8201,LUSC,HLA-A,0.9256073,0.2305223
TCGA-56-8201,LUSC,HLA-B,1.1775509,0.883453
TCGA-56-8201,LUSC,HLA-C,0.95565164,0.9330154
TCGA-56-8201,LUSC,HLA-DQA1,0.93188876,1.3006562
TCGA-56-8201,LUSC,HLA-DRB1,0.85928154,1.1299304
TCGA-56-8201,LUSC,CMKLR1,0.93905103,2.079121
TCGA-56-8201,LUSC,HLA-E,0.98851347,0.6641048
TCGA-56-8201,LUSC,NKG7,1.1200773,1.6167936
TCGA-56-8201,LUSC,CD8A,1.1057155,1.526812
TCGA-56-8201,LUSC,CCL5,1.1241357,1.6800916
TCGA-56-8201,LUSC,CXCL9,1.0639379,1.3028666
TCGA-56-8201,LUSC,CD27,0.84739095,0.50922114
TCGA-56-8201,LUSC,CXCR6,1.0749016,0.92862636
TCGA-56-8201,LUSC,IDO1,0.8894764,0.4812127
TCGA-56-8201,LUSC,STAT1,1.1806309,1.7470571
TCGA-56-8201,LUSC,CD274,0.9012486,0.7843521
TCGA-56-8201,LUSC,CD276,0.1875489,1.6251422
TCGA-56-8201,LUSC,LAG3,1.044484,1.6395034
TCGA-56-8201,LUSC,PDCD1LG2,1.1090814,1.0346968
TCGA-56-8201,LUSC,TIGIT,1.0743465,1.3546568
TCGA-56-8201,LUSC,APM,1.2353102,1.0789698
TCGA-56-8201,LUSC,TIS,1.2920685,1.4927421
TCGA-22-5485,LUSC,TMB,0.1657953,0.0035728663
TCGA-22-5485,LUSC,PSMB5,0.4964612,1.6338985
TCGA-22-5485,LUSC,PSMB6,0.26514295,1.9193405
TCGA-22-5485,LUSC,PSMB7,0.5535498,1.1715777
TCGA-22-5485,LUSC,PSMB8,-0.5177334,-1.2207782
TCGA-22-5485,LUSC,PSMB9,-0.4003771,-1.0720202
TCGA-22-5485,LUSC,PSMB10,-0.5225773,-1.2116572
TCGA-22-5485,LUSC,TAP1,-0.22494829,-0.9693377
TCGA-22-5485,LUSC,TAP2,-0.09162687,-0.3390921
TCGA-22-5485,LUSC,ERAP1,-0.39871314,-1.8277255
TCGA-22-5485,LUSC,ERAP2,-0.4296371,-0.83037287
TCGA-22-5485,LUSC,TAPBP,-0.48266634,-0.73314345
TCGA-22-5485,LUSC,CANX,-0.5711972,-0.6217412
TCGA-22-5485,LUSC,CALR,-0.07131489,0.91692656
TCGA-22-5485,LUSC,PDIA3,-0.14480296,0.48256755
TCGA-22-5485,LUSC,B2M,-0.63475984,-1.496487
TCGA-22-5485,LUSC,HLA-A,-0.5429743,-0.48999265
TCGA-22-5485,LUSC,HLA-B,-0.63867134,-1.4348259
TCGA-22-5485,LUSC,HLA-C,-0.6936954,-1.2087675
TCGA-22-5485,LUSC,HLA-DQA1,-0.79163057,-0.14251967
TCGA-22-5485,LUSC,HLA-DRB1,-0.83312434,-0.07274884
TCGA-22-5485,LUSC,CMKLR1,-0.82428825,0.09578577
TCGA-22-5485,LUSC,HLA-E,-0.64147407,-1.0908026
TCGA-22-5485,LUSC,NKG7,-0.41524896,-0.7313397
TCGA-22-5485,LUSC,CD8A,-0.5492869,-0.95579034
TCGA-22-5485,LUSC,CCL5,-0.4814714,-0.9945429
TCGA-22-5485,LUSC,CXCL9,-0.4434835,-0.99922216
TCGA-22-5485,LUSC,CD27,-0.63763154,-1.432688
TCGA-22-5485,LUSC,CXCR6,-0.67362154,-0.84887356
TCGA-22-5485,LUSC,IDO1,-0.29636973,-0.997349
TCGA-22-5485,LUSC,STAT1,-0.32382268,-0.74274206
TCGA-22-5485,LUSC,CD274,0.06081145,0.24021536
TCGA-22-5485,LUSC,CD276,0.4900368,0.75720304
TCGA-22-5485,LUSC,LAG3,-0.32643476,-0.48502755
TCGA-22-5485,LUSC,PDCD1LG2,-0.27641654,-0.4666258
TCGA-22-5485,LUSC,TIGIT,-0.5735824,-1.2710567
TCGA-22-5485,LUSC,APM,-0.5431891,-0.9463948
TCGA-22-5485,LUSC,TIS,-0.57452714,-0.88676494
TCGA-22-4594,LUSC,TMB,0.3329521,0.53254163
TCGA-22-4594,LUSC,PSMB5,0.31164828,-0.28749862
TCGA-22-4594,LUSC,PSMB6,0.19979803,0.29318127
TCGA-22-4594,LUSC,PSMB7,0.10606501,0.03254031
TCGA-22-4594,LUSC,PSMB8,-0.34255695,0.53797036
TCGA-22-4594,LUSC,PSMB9,-0.3047288,0.09620334
TCGA-22-4594,LUSC,PSMB10,-0.27024406,0.41128585
TCGA-22-4594,LUSC,TAP1,-0.37062398,-0.2784933
TCGA-22-4594,LUSC,TAP2,-0.21115907,-0.94917667
TCGA-22-4594,LUSC,ERAP1,-0.3897559,-0.4864758
TCGA-22-4594,LUSC,ERAP2,-0.123806976,-1.1394901
TCGA-22-4594,LUSC,TAPBP,-0.18422632,-0.7787078
TCGA-22-4594,LUSC,CANX,-0.18193984,2.086668
TCGA-22-4594,LUSC,CALR,0.07546548,1.1786633
TCGA-22-4594,LUSC,PDIA3,0.26621866,-0.36990386
TCGA-22-4594,LUSC,B2M,-0.40790024,0.78103524
TCGA-22-4594,LUSC,HLA-A,-0.3149601,-0.020088881
TCGA-22-4594,LUSC,HLA-B,-0.3678103,-0.08631837
TCGA-22-4594,LUSC,HLA-C,-0.37091565,0.4145503
TCGA-22-4594,LUSC,HLA-DQA1,-0.42236894,0.44169772
TCGA-22-4594,LUSC,HLA-DRB1,-0.4622671,0.3101481
TCGA-22-4594,LUSC,CMKLR1,-0.41658434,0.3655685
TCGA-22-4594,LUSC,HLA-E,-0.60261506,-0.23218843
TCGA-22-4594,LUSC,NKG7,-0.047257017,0.8864782
TCGA-22-4594,LUSC,CD8A,-0.20250086,0.40123194
TCGA-22-4594,LUSC,CCL5,-0.15002675,0.12024941
TCGA-22-4594,LUSC,CXCL9,-0.07080706,0.3938386
TCGA-22-4594,LUSC,CD27,-0.15197316,2.660418
TCGA-22-4594,LUSC,CXCR6,-0.24954955,1.3616302
TCGA-22-4594,LUSC,IDO1,-0.11695546,1.1314348
TCGA-22-4594,LUSC,STAT1,-0.18237743,-0.17626026
TCGA-22-4594,LUSC,CD274,-0.22193292,-0.5508842
TCGA-22-4594,LUSC,CD276,-0.11739793,-1.050078
TCGA-22-4594,LUSC,LAG3,0.1119955,0.22718129
TCGA-22-4594,LUSC,PDCD1LG2,-0.39844587,0.1694275
TCGA-22-4594,LUSC,TIGIT,-0.16524671,0.6220344
TCGA-22-4594,LUSC,APM,-0.30273145,0.05214521
TCGA-22-4594,LUSC,TIS,-0.30432868,0.60518056
TCGA-96-7544,LUSC,TMB,-0.14846337,0.77698135
TCGA-96-7544,LUSC,PSMB5,-0.06813286,0.96712446
TCGA-96-7544,LUSC,PSMB6,-0.016994564,-1.307493
TCGA-96-7544,LUSC,PSMB7,0.09662244,-1.3390636
TCGA-96-7544,LUSC,PSMB8,-0.7443893,-1.7956622
TCGA-96-7544,LUSC,PSMB9,-0.66969645,-0.83811253
TCGA-96-7544,LUSC,PSMB10,-0.72924286,-1.0422404
TCGA-96-7544,LUSC,TAP1,-0.39836067,-1.102711
TCGA-96-7544,LUSC,TAP2,-0.2796777,-0.9613307
TCGA-96-7544,LUSC,ERAP1,-0.08426563,-0.5389313
TCGA-96-7544,LUSC,ERAP2,-0.29205635,-1.3129792
TCGA-96-7544,LUSC,TAPBP,-0.41627043,-1.5197971
TCGA-96-7544,LUSC,CANX,-0.6895841,0.43601903
TCGA-96-7544,LUSC,CALR,-0.2994073,-0.46447068
TCGA-96-7544,LUSC,PDIA3,-0.15832235,0.25425082
TCGA-96-7544,LUSC,B2M,-0.616536,-0.122544855
TCGA-96-7544,LUSC,HLA-A,-0.68981206,-1.459035
TCGA-96-7544,LUSC,HLA-B,-0.62476206,-0.815311
TCGA-96-7544,LUSC,HLA-C,-0.6766981,-1.2005644
TCGA-96-7544,LUSC,HLA-DQA1,-0.6928047,0.17144036
TCGA-96-7544,LUSC,HLA-DRB1,-0.7811124,-0.305621
TCGA-96-7544,LUSC,CMKLR1,-0.6414288,0.67109257
TCGA-96-7544,LUSC,HLA-E,-0.47190624,-1.0542368
TCGA-96-7544,LUSC,NKG7,-0.5844249,-0.30740896
TCGA-96-7544,LUSC,CD8A,-0.5905008,-0.28246027
TCGA-96-7544,LUSC,CCL5,-0.47311068,-0.18824393
TCGA-96-7544,LUSC,CXCL9,-0.49618322,0.75271523
TCGA-96-7544,LUSC,CD27,-0.49589115,0.08233824
TCGA-96-7544,LUSC,CXCR6,-0.57211643,0.033938747
TCGA-96-7544,LUSC,IDO1,-0.43125534,-0.052549127
TCGA-96-7544,LUSC,STAT1,-0.4794961,0.04242374
TCGA-96-7544,LUSC,CD274,-0.2399941,1.4959638
TCGA-96-7544,LUSC,CD276,0.42353773,-0.8508242
TCGA-96-7544,LUSC,LAG3,-0.43474975,-0.743651
TCGA-96-7544,LUSC,PDCD1LG2,-0.44898456,1.1285286
TCGA-96-7544,LUSC,TIGIT,-0.49194783,0.5545389
TCGA-96-7544,LUSC,APM,-0.6853646,-1.3758963
TCGA-96-7544,LUSC,TIS,-0.62793654,-0.059334997
TCGA-66-2792,LUSC,TMB,0.16832627,-0.5441087
TCGA-66-2792,LUSC,PSMB5,0.42383227,0.11087108
TCGA-66-2792,LUSC,PSMB6,0.19267817,1.0688384
TCGA-66-2792,LUSC,PSMB7,0.43554145,0.98138565
TCGA-66-2792,LUSC,PSMB8,-0.07872105,-1.1985432
TCGA-66-2792,LUSC,PSMB9,0.0013741732,-1.0277188
TCGA-66-2792,LUSC,PSMB10,-0.26756948,-1.4694117
TCGA-66-2792,LUSC,TAP1,0.23033896,-0.7161475
TCGA-66-2792,LUSC,TAP2,-0.117064096,-1.1740801
TCGA-66-2792,LUSC,ERAP1,-0.2887273,-0.067489795
TCGA-66-2792,LUSC,ERAP2,-0.3298297,-1.5166377
TCGA-66-2792,LUSC,TAPBP,-0.3831771,-1.5991567
TCGA-66-2792,LUSC,CANX,-0.2550991,-0.5800428
TCGA-66-2792,LUSC,CALR,0.2056005,-1.3021513
TCGA-66-2792,LUSC,PDIA3,-0.29370493,-0.115513936
TCGA-66-2792,LUSC,B2M,-0.0816754,-0.70094377
TCGA-66-2792,LUSC,HLA-A,-0.2529655,-1.218445
TCGA-66-2792,LUSC,HLA-B,-0.33311346,-0.98869777
TCGA-66-2792,LUSC,HLA-C,-0.25636804,-1.037099
TCGA-66-2792,LUSC,HLA-DQA1,-0.28651482,-0.46650195
TCGA-66-2792,LUSC,HLA-DRB1,-0.34046987,-0.8109632
TCGA-66-2792,LUSC,CMKLR1,-0.20773935,-0.27849218
TCGA-66-2792,LUSC,HLA-E,-0.29124516,-1.2276614
TCGA-66-2792,LUSC,NKG7,-0.16978762,-0.6883263
TCGA-66-2792,LUSC,CD8A,-0.16762373,-0.65974337
TCGA-66-2792,LUSC,CCL5,-0.2049584,-0.87949467
TCGA-66-2792,LUSC,CXCL9,-0.18102838,0.18670036
TCGA-66-2792,LUSC,CD27,-0.23346058,-0.8286711
TCGA-66-2792,LUSC,CXCR6,-0.18524417,-0.5153888
TCGA-66-2792,LUSC,IDO1,-0.24154893,-1.0886881
TCGA-66-2792,LUSC,STAT1,-0.032388162,-0.38418624
TCGA-66-2792,LUSC,CD274,0.08775085,1.5442479
TCGA-66-2792,LUSC,CD276,0.5608641,0.38281977
TCGA-66-2792,LUSC,LAG3,-0.18371478,-0.90073085
TCGA-66-2792,LUSC,PDCD1LG2,0.09467943,1.3661268
TCGA-66-2792,LUSC,TIGIT,-0.3421884,-0.91955733
TCGA-66-2792,LUSC,APM,-0.22223088,-1.3001658
TCGA-66-2792,LUSC,TIS,-0.19619034,-0.5006824
TCGA-77-A5GB,LUSC,TMB,0.06329162,-0.6771011
TCGA-77-A5GB,LUSC,PSMB5,-0.023706097,-0.23910736
TCGA-77-A5GB,LUSC,PSMB6,0.13606954,-0.6798158
TCGA-77-A5GB,LUSC,PSMB7,0.24732192,0.71060133
TCGA-77-A5GB,LUSC,PSMB8,0.26289687,0.2785639
TCGA-77-A5GB,LUSC,PSMB9,0.49329823,0.09642321
TCGA-77-A5GB,LUSC,PSMB10,0.41116342,-0.15416496
TCGA-77-A5GB,LUSC,TAP1,0.6433081,0.94560254
TCGA-77-A5GB,LUSC,TAP2,0.6499932,1.6523255
TCGA-77-A5GB,LUSC,ERAP1,0.41565236,-1.3270875
TCGA-77-A5GB,LUSC,ERAP2,0.3511407,0.9398474
TCGA-77-A5GB,LUSC,TAPBP,0.5854517,0.40467018
TCGA-77-A5GB,LUSC,CANX,-0.21225151,-1.2981764
TCGA-77-A5GB,LUSC,CALR,0.10862203,1.3571049
TCGA-77-A5GB,LUSC,PDIA3,0.12962309,0.31572637
TCGA-77-A5GB,LUSC,B2M,0.427458,0.39863792
TCGA-77-A5GB,LUSC,HLA-A,0.27043015,0.5658255
TCGA-77-A5GB,LUSC,HLA-B,0.47368115,0.7815541
TCGA-77-A5GB,LUSC,HLA-C,0.33652824,0.5415426
TCGA-77-A5GB,LUSC,HLA-DQA1,0.20728858,-0.000118328695
TCGA-77-A5GB,LUSC,HLA-DRB1,0.16968624,-0.0720611
TCGA-77-A5GB,LUSC,CMKLR1,0.20195451,-0.12932342
TCGA-77-A5GB,LUSC,HLA-E,0.33687168,0.22213794
TCGA-77-A5GB,LUSC,NKG7,0.5458416,0.24203172
TCGA-77-A5GB,LUSC,CD8A,0.37550387,-0.18756445
TCGA-77-A5GB,LUSC,CCL5,0.54224503,0.13240527
TCGA-77-A5GB,LUSC,CXCL9,0.538647,0.98698825
TCGA-77-A5GB,LUSC,CD27,0.37597838,0.24022815
TCGA-77-A5GB,LUSC,CXCR6,0.37018687,0.056995757
TCGA-77-A5GB,LUSC,IDO1,0.27550715,-0.77192014
TCGA-77-A5GB,LUSC,STAT1,0.55065084,0.24981298
TCGA-77-A5GB,LUSC,CD274,0.575863,0.08953803
TCGA-77-A5GB,LUSC,CD276,0.44894847,1.1576474
TCGA-77-A5GB,LUSC,LAG3,0.5720943,0.0076670777
TCGA-77-A5GB,LUSC,PDCD1LG2,0.4672554,-0.04649669
TCGA-77-A5GB,LUSC,TIGIT,0.46109897,0.48587415
TCGA-77-A5GB,LUSC,APM,0.53025365,0.58426774
TCGA-77-A5GB,LUSC,TIS,0.60534537,0.117949225
TCGA-22-4609,LUSC,TMB,0.11925137,-0.18999554
TCGA-22-4609,LUSC,PSMB5,0.20862913,-0.44484288
TCGA-22-4609,LUSC,PSMB6,0.28101927,-0.64723015
TCGA-22-4609,LUSC,PSMB7,0.29732645,-1.1264441
TCGA-22-4609,LUSC,PSMB8,-0.42796135,-0.41453698
TCGA-22-4609,LUSC,PSMB9,-0.33257517,0.19474326
TCGA-22-4609,LUSC,PSMB10,-0.45174152,0.45371532
TCGA-22-4609,LUSC,TAP1,-0.2331522,0.2667887
TCGA-22-4609,LUSC,TAP2,-0.10753558,-0.32937816
TCGA-22-4609,LUSC,ERAP1,-0.3224001,-0.19246344
TCGA-22-4609,LUSC,ERAP2,-0.29687032,0.25660723
TCGA-22-4609,LUSC,TAPBP,-0.18210247,-0.33973432
TCGA-22-4609,LUSC,CANX,-0.6263,-0.7558853
TCGA-22-4609,LUSC,CALR,0.10134494,-0.24627039
TCGA-22-4609,LUSC,PDIA3,0.01295578,-0.2099412
TCGA-22-4609,LUSC,B2M,-0.43583927,0.5549294
TCGA-22-4609,LUSC,HLA-A,-0.38395834,-0.25258604
TCGA-22-4609,LUSC,HLA-B,-0.4036447,0.15887141
TCGA-22-4609,LUSC,HLA-C,-0.3987907,0.082105
TCGA-22-4609,LUSC,HLA-DQA1,-0.6138444,0.10227294
TCGA-22-4609,LUSC,HLA-DRB1,-0.63406277,0.07316751
TCGA-22-4609,LUSC,CMKLR1,-0.5702096,0.9240674
TCGA-22-4609,LUSC,HLA-E,-0.33243087,0.32420793
TCGA-22-4609,LUSC,NKG7,-0.22480297,0.7625985
TCGA-22-4609,LUSC,CD8A,-0.34029445,1.112994
TCGA-22-4609,LUSC,CCL5,-0.15503567,0.59956586
TCGA-22-4609,LUSC,CXCL9,-0.21917503,0.95335287
TCGA-22-4609,LUSC,CD27,-0.27204406,0.9531596
TCGA-22-4609,LUSC,CXCR6,-0.38674527,1.0823654
TCGA-22-4609,LUSC,IDO1,-0.20517118,0.2908506
TCGA-22-4609,LUSC,STAT1,-0.338265,0.49706978
TCGA-22-4609,LUSC,CD274,-0.17238978,0.5279082
TCGA-22-4609,LUSC,CD276,0.3300044,0.32012942
TCGA-22-4609,LUSC,LAG3,-0.109120354,0.42019436
TCGA-22-4609,LUSC,PDCD1LG2,-0.36068952,0.90825593
TCGA-22-4609,LUSC,TIGIT,-0.2842247,0.9851834
TCGA-22-4609,LUSC,APM,-0.38878617,-0.07821208
TCGA-22-4609,LUSC,TIS,-0.39672312,0.6537416
TCGA-O2-A5IB,LUSC,TMB,-0.14818552,0.20980118
TCGA-O2-A5IB,LUSC,PSMB5,-0.06866381,-0.24481072
TCGA-O2-A5IB,LUSC,PSMB6,0.04166644,-1.5578597
TCGA-O2-A5IB,LUSC,PSMB7,-0.0010102525,-1.4006859
TCGA-O2-A5IB,LUSC,PSMB8,0.0327277,-0.66508895
TCGA-O2-A5IB,LUSC,PSMB9,-0.031755533,-1.971431
TCGA-O2-A5IB,LUSC,PSMB10,0.12726149,-0.8944693
TCGA-O2-A5IB,LUSC,TAP1,-0.13854761,-1.2655221
TCGA-O2-A5IB,LUSC,TAP2,-0.06679864,-1.5978752
TCGA-O2-A5IB,LUSC,ERAP1,-0.018173127,-0.4537993
TCGA-O2-A5IB,LUSC,ERAP2,0.07407683,0.5687971
TCGA-O2-A5IB,LUSC,TAPBP,0.053638887,-3.1214495
TCGA-O2-A5IB,LUSC,CANX,-0.15678433,-0.012469402
TCGA-O2-A5IB,LUSC,CALR,-0.09168617,0.03973769
TCGA-O2-A5IB,LUSC,PDIA3,0.05903086,-1.3450963
TCGA-O2-A5IB,LUSC,B2M,0.041467655,-2.5185096
TCGA-O2-A5IB,LUSC,HLA-A,0.08423976,-2.1923735
TCGA-O2-A5IB,LUSC,HLA-B,0.07628946,-1.9800345
TCGA-O2-A5IB,LUSC,HLA-C,0.13038716,-1.2298872
TCGA-O2-A5IB,LUSC,HLA-DQA1,0.015967775,-1.6037742
TCGA-O2-A5IB,LUSC,HLA-DRB1,0.105224594,-2.0218604
TCGA-O2-A5IB,LUSC,CMKLR1,-0.20142977,-1.6016754
TCGA-O2-A5IB,LUSC,HLA-E,0.086021945,-2.8210247
TCGA-O2-A5IB,LUSC,NKG7,0.037320234,-1.8402221
TCGA-O2-A5IB,LUSC,CD8A,0.019367073,-1.0475407
TCGA-O2-A5IB,LUSC,CCL5,0.08017465,-1.7496085
TCGA-O2-A5IB,LUSC,CXCL9,-0.05308319,-0.648075
TCGA-O2-A5IB,LUSC,CD27,0.024188112,-1.5187
TCGA-O2-A5IB,LUSC,CXCR6,-0.061334133,-1.3514117
TCGA-O2-A5IB,LUSC,IDO1,-0.013598586,-0.28808334
TCGA-O2-A5IB,LUSC,STAT1,-0.19892366,0.25544757
TCGA-O2-A5IB,LUSC,CD274,-0.080828294,-1.3475937
TCGA-O2-A5IB,LUSC,CD276,-0.16730256,-0.58609235
TCGA-O2-A5IB,LUSC,LAG3,0.109300554,-1.367308
TCGA-O2-A5IB,LUSC,PDCD1LG2,-0.2172194,-1.3373531
TCGA-O2-A5IB,LUSC,TIGIT,0.025118928,-1.4499582
TCGA-O2-A5IB,LUSC,APM,0.014059417,-2.0310373
TCGA-O2-A5IB,LUSC,TIS,0.0123961065,-1.9559457
TCGA-77-8154,LUSC,TMB,-0.02311356,-0.044195004
TCGA-77-8154,LUSC,PSMB5,0.25827438,0.36287823
TCGA-77-8154,LUSC,PSMB6,0.20320849,-0.27372414
TCGA-77-8154,LUSC,PSMB7,0.37506586,-1.3061821
TCGA-77-8154,LUSC,PSMB8,-0.6532833,-1.4281374
TCGA-77-8154,LUSC,PSMB9,-0.62406516,-1.974596
TCGA-77-8154,LUSC,PSMB10,-0.7279802,-1.7332784
TCGA-77-8154,LUSC,TAP1,-0.39253947,-0.6407723
TCGA-77-8154,LUSC,TAP2,-0.40002188,-1.2521349
TCGA-77-8154,LUSC,ERAP1,-0.4085535,-1.4219009
TCGA-77-8154,LUSC,ERAP2,-0.2859127,-1.6602752
TCGA-77-8154,LUSC,TAPBP,-0.45480448,-0.853154
TCGA-77-8154,LUSC,CANX,-0.3281191,-1.7642422
TCGA-77-8154,LUSC,CALR,0.0059216963,-0.16341294
TCGA-77-8154,LUSC,PDIA3,0.098912075,-0.8604181
TCGA-77-8154,LUSC,B2M,-0.57906246,-1.3556572
TCGA-77-8154,LUSC,HLA-A,-0.6677702,-1.1436741
TCGA-77-8154,LUSC,HLA-B,-0.76052916,-1.2090596
TCGA-77-8154,LUSC,HLA-C,-0.7386468,-2.2446122
TCGA-77-8154,LUSC,HLA-DQA1,-0.907699,-2.0869746
TCGA-77-8154,LUSC,HLA-DRB1,-0.9154318,-2.0406249
TCGA-77-8154,LUSC,CMKLR1,-0.8095983,-1.2880685
TCGA-77-8154,LUSC,HLA-E,-0.6748727,-0.9309501
TCGA-77-8154,LUSC,NKG7,-0.66679794,-1.6267736
TCGA-77-8154,LUSC,CD8A,-0.6860416,-1.5070356
TCGA-77-8154,LUSC,CCL5,-0.61400485,-1.819108
TCGA-77-8154,LUSC,CXCL9,-0.6427785,-2.0412695
TCGA-77-8154,LUSC,CD27,-0.70998526,-1.3074279
TCGA-77-8154,LUSC,CXCR6,-0.775928,-1.6212137
TCGA-77-8154,LUSC,IDO1,-0.49478847,-0.013661828
TCGA-77-8154,LUSC,STAT1,-0.49175134,-1.8886539
TCGA-77-8154,LUSC,CD274,-0.31968856,-1.3092265
TCGA-77-8154,LUSC,CD276,0.5693964,-1.2229259
TCGA-77-8154,LUSC,LAG3,-0.60667354,-1.3717926
TCGA-77-8154,LUSC,PDCD1LG2,-0.47636658,-1.6927317
TCGA-77-8154,LUSC,TIGIT,-0.73444605,-1.417377
TCGA-77-8154,LUSC,APM,-0.6155034,-2.0709605
TCGA-77-8154,LUSC,TIS,-0.7640053,-2.545378
TCGA-66-2727,LUSC,TMB,0.27926987,-0.07930006
TCGA-66-2727,LUSC,PSMB5,0.29816973,0.03099316
TCGA-66-2727,LUSC,PSMB6,0.049604263,0.6348958
TCGA-66-2727,LUSC,PSMB7,0.28482753,1.7115114
TCGA-66-2727,LUSC,PSMB8,0.2648577,0.31676742
TCGA-66-2727,LUSC,PSMB9,0.4604165,0.15665278
TCGA-66-2727,LUSC,PSMB10,0.16959998,0.8160731
TCGA-66-2727,LUSC,TAP1,0.57882756,0.29528514
TCGA-66-2727,LUSC,TAP2,0.28639817,0.3438484
TCGA-66-2727,LUSC,ERAP1,0.072390504,0.7489895
TCGA-66-2727,LUSC,ERAP2,-0.037973393,0.3249024
TCGA-66-2727,LUSC,TAPBP,0.053240698,0.036784604
TCGA-66-2727,LUSC,CANX,-0.07786588,1.2390169
TCGA-66-2727,LUSC,CALR,0.15837502,0.016137213
TCGA-66-2727,LUSC,PDIA3,-0.32950383,-0.68705714
TCGA-66-2727,LUSC,B2M,0.22804496,-0.14056142
TCGA-66-2727,LUSC,HLA-A,0.14640784,-0.69279516
TCGA-66-2727,LUSC,HLA-B,0.13538292,-0.32662055
TCGA-66-2727,LUSC,HLA-C,0.085311316,-0.08063824
TCGA-66-2727,LUSC,HLA-DQA1,0.2077357,-0.65293145
TCGA-66-2727,LUSC,HLA-DRB1,0.13643606,-0.46490967
TCGA-66-2727,LUSC,CMKLR1,0.20277794,0.15542154
TCGA-66-2727,LUSC,HLA-E,0.045164943,-0.43576705
TCGA-66-2727,LUSC,NKG7,0.43654722,-0.10076058
TCGA-66-2727,LUSC,CD8A,0.43191972,-0.23783462
TCGA-66-2727,LUSC,CCL5,0.3901305,-0.26589572
TCGA-66-2727,LUSC,CXCL9,0.38408703,0.14933395
TCGA-66-2727,LUSC,CD27,0.12975721,-0.23102193
TCGA-66-2727,LUSC,CXCR6,0.37015042,-0.069930516
TCGA-66-2727,LUSC,IDO1,0.17257565,-0.0820897
TCGA-66-2727,LUSC,STAT1,0.45578903,0.2803528
TCGA-66-2727,LUSC,CD274,0.47442085,1.9242113
TCGA-66-2727,LUSC,CD276,0.28644624,-0.34590268
TCGA-66-2727,LUSC,LAG3,0.34636006,-0.4883777
TCGA-66-2727,LUSC,PDCD1LG2,0.48607963,0.1475389
TCGA-66-2727,LUSC,TIGIT,0.2782371,-0.83316624
TCGA-66-2727,LUSC,APM,0.27421254,0.3383498
TCGA-66-2727,LUSC,TIS,0.41398802,-0.06998029
TCGA-37-3792,LUSC,TMB,0.41690087,1.8673843
TCGA-37-3792,LUSC,PSMB5,0.27200413,0.25633377
TCGA-37-3792,LUSC,PSMB6,0.36529183,0.36750972
TCGA-37-3792,LUSC,PSMB7,0.5972978,1.2847025
TCGA-37-3792,LUSC,PSMB8,0.6581128,1.2282958
TCGA-37-3792,LUSC,PSMB9,0.83891356,1.6644057
TCGA-37-3792,LUSC,PSMB10,0.5091701,1.3244574
TCGA-37-3792,LUSC,TAP1,0.779072,1.3249449
TCGA-37-3792,LUSC,TAP2,0.7334939,0.9513412
TCGA-37-3792,LUSC,ERAP1,0.4030586,1.2431062
TCGA-37-3792,LUSC,ERAP2,0.2237773,0.35898247
TCGA-37-3792,LUSC,TAPBP,0.3429954,1.2199963
TCGA-37-3792,LUSC,CANX,0.25200114,1.0830935
TCGA-37-3792,LUSC,CALR,0.17843048,1.4726272
TCGA-37-3792,LUSC,PDIA3,-0.1100813,1.0086503
TCGA-37-3792,LUSC,B2M,0.4617208,2.4030278
TCGA-37-3792,LUSC,HLA-A,0.43131453,1.3864963
TCGA-37-3792,LUSC,HLA-B,0.5322543,1.4124666
TCGA-37-3792,LUSC,HLA-C,0.39753476,1.7844411
TCGA-37-3792,LUSC,HLA-DQA1,0.13064551,1.0817124
TCGA-37-3792,LUSC,HLA-DRB1,0.12121906,1.5217345
TCGA-37-3792,LUSC,CMKLR1,0.15660834,2.5127473
TCGA-37-3792,LUSC,HLA-E,0.2234395,0.6681511
TCGA-37-3792,LUSC,NKG7,0.69727933,1.6083454
TCGA-37-3792,LUSC,CD8A,0.6962489,1.1350175
TCGA-37-3792,LUSC,CCL5,0.6537676,2.540123
TCGA-37-3792,LUSC,CXCL9,0.54404765,0.41144297
TCGA-37-3792,LUSC,CD27,0.11842062,0.055624902
TCGA-37-3792,LUSC,CXCR6,0.49203318,0.9997998
TCGA-37-3792,LUSC,IDO1,0.667972,0.78554684
TCGA-37-3792,LUSC,STAT1,0.66558754,2.157236
TCGA-37-3792,LUSC,CD274,0.48809654,2.238773
TCGA-37-3792,LUSC,CD276,0.040002827,0.8050849
TCGA-37-3792,LUSC,LAG3,0.6525475,3.0825405
TCGA-37-3792,LUSC,PDCD1LG2,0.4773491,2.9911013
TCGA-37-3792,LUSC,TIGIT,0.41432685,0.4923124
TCGA-37-3792,LUSC,APM,0.7114776,1.8283316
TCGA-37-3792,LUSC,TIS,0.6140343,1.9757552
TCGA-77-8128,LUSC,TMB,0.012272356,0.31108603
TCGA-77-8128,LUSC,PSMB5,0.3045081,0.45489335
TCGA-77-8128,LUSC,PSMB6,0.18207893,-0.2546901
TCGA-77-8128,LUSC,PSMB7,0.37090087,0.5383308
TCGA-77-8128,LUSC,PSMB8,-0.8415661,-2.1161447
TCGA-77-8128,LUSC,PSMB9,-0.78676885,-1.5021949
TCGA-77-8128,LUSC,PSMB10,-0.9436442,-1.6144493
TCGA-77-8128,LUSC,TAP1,-0.55280995,-1.4298933
TCGA-77-8128,LUSC,TAP2,-0.54576206,-2.1626506
TCGA-77-8128,LUSC,ERAP1,-0.5143714,-0.90312594
TCGA-77-8128,LUSC,ERAP2,-0.40802437,-0.7908049
TCGA-77-8128,LUSC,TAPBP,-0.64780223,-1.8100154
TCGA-77-8128,LUSC,CANX,-0.40774545,-0.9402614
TCGA-77-8128,LUSC,CALR,-0.010964153,-1.0249498
TCGA-77-8128,LUSC,PDIA3,-0.087813005,-0.74052304
TCGA-77-8128,LUSC,B2M,-0.7792741,-1.7647586
TCGA-77-8128,LUSC,HLA-A,-0.8498635,-1.1335785
TCGA-77-8128,LUSC,HLA-B,-0.9620778,-1.9446367
TCGA-77-8128,LUSC,HLA-C,-0.9177669,-1.0383805
TCGA-77-8128,LUSC,HLA-DQA1,-0.96000195,-1.7933655
TCGA-77-8128,LUSC,HLA-DRB1,-0.95988494,-1.8346192
TCGA-77-8128,LUSC,CMKLR1,-0.89344966,-1.345482
TCGA-77-8128,LUSC,HLA-E,-0.8455434,-2.0243616
TCGA-77-8128,LUSC,NKG7,-0.790896,-1.6441721
TCGA-77-8128,LUSC,CD8A,-0.77211803,-1.3526119
TCGA-77-8128,LUSC,CCL5,-0.70293915,-1.5959445
TCGA-77-8128,LUSC,CXCL9,-0.74793243,-0.8006159
TCGA-77-8128,LUSC,CD27,-0.7651869,-1.3803724
TCGA-77-8128,LUSC,CXCR6,-0.8709766,-1.554939
TCGA-77-8128,LUSC,IDO1,-0.7125626,-1.4126966
TCGA-77-8128,LUSC,STAT1,-0.6104895,-1.5153003
TCGA-77-8128,LUSC,CD274,-0.29302365,-0.5903337
TCGA-77-8128,LUSC,CD276,0.5076972,0.7645005
TCGA-77-8128,LUSC,LAG3,-0.72818345,-1.2487389
TCGA-77-8128,LUSC,PDCD1LG2,-0.5681271,-0.79545724
TCGA-77-8128,LUSC,TIGIT,-0.7653977,-1.230525
TCGA-77-8128,LUSC,APM,-0.83985424,-1.993898
TCGA-77-8128,LUSC,TIS,-0.9216374,-1.8082011
TCGA-63-A5MY,LUSC,TMB,0.12878518,-0.32654402
TCGA-63-A5MY,LUSC,PSMB5,0.29558006,0.8477941
TCGA-63-A5MY,LUSC,PSMB6,0.14074895,-0.5986922
TCGA-63-A5MY,LUSC,PSMB7,0.13763686,-1.0680764
TCGA-63-A5MY,LUSC,PSMB8,-0.78264695,-3.492408
TCGA-63-A5MY,LUSC,PSMB9,-0.7779919,-2.856473
TCGA-63-A5MY,LUSC,PSMB10,-0.8964938,-2.922038
TCGA-63-A5MY,LUSC,TAP1,-0.66763574,-2.0811772
TCGA-63-A5MY,LUSC,TAP2,-0.69358015,-1.554523
TCGA-63-A5MY,LUSC,ERAP1,-0.64808005,-2.0394032
TCGA-63-A5MY,LUSC,ERAP2,-0.501721,-0.34929308
TCGA-63-A5MY,LUSC,TAPBP,-0.7613664,-2.7232606
TCGA-63-A5MY,LUSC,CANX,-0.4335103,-6.5727882
TCGA-63-A5MY,LUSC,CALR,0.100023106,0.03072667
TCGA-63-A5MY,LUSC,PDIA3,0.13326335,-0.6541924
TCGA-63-A5MY,LUSC,B2M,-0.75538814,-4.3601913
TCGA-63-A5MY,LUSC,HLA-A,-0.76675355,-4.3030186
TCGA-63-A5MY,LUSC,HLA-B,-0.9319908,-3.659331
TCGA-63-A5MY,LUSC,HLA-C,-0.7946909,-2.9640028
TCGA-63-A5MY,LUSC,HLA-DQA1,-1.0551909,-2.6507692
TCGA-63-A5MY,LUSC,HLA-DRB1,-1.0149213,-3.416169
TCGA-63-A5MY,LUSC,CMKLR1,-0.9121647,-2.0819972
TCGA-63-A5MY,LUSC,HLA-E,-0.8542814,-1.7339624
TCGA-63-A5MY,LUSC,NKG7,-0.7529903,-1.954117
TCGA-63-A5MY,LUSC,CD8A,-0.78717023,-1.3905361
TCGA-63-A5MY,LUSC,CCL5,-0.6617767,-2.5234032
TCGA-63-A5MY,LUSC,CXCL9,-0.74841744,-1.7354418
TCGA-63-A5MY,LUSC,CD27,-0.70037127,-1.4461193
TCGA-63-A5MY,LUSC,CXCR6,-0.7776351,-1.5328999
TCGA-63-A5MY,LUSC,IDO1,-0.47308367,-1.346871
TCGA-63-A5MY,LUSC,STAT1,-0.70153075,-0.67473567
TCGA-63-A5MY,LUSC,CD274,-0.5089035,0.0068322094
TCGA-63-A5MY,LUSC,CD276,0.2897648,-0.0904373
TCGA-63-A5MY,LUSC,LAG3,-0.67343795,-1.1769404
TCGA-63-A5MY,LUSC,PDCD1LG2,-0.68275297,-1.5569043
TCGA-63-A5MY,LUSC,TIGIT,-0.78341216,-1.6193343
TCGA-63-A5MY,LUSC,APM,-0.86980534,-4.364529
TCGA-63-A5MY,LUSC,TIS,-0.9374067,-2.3446815
TCGA-22-4596,LUSC,TMB,0.40772596,-0.6878523
TCGA-22-4596,LUSC,PSMB5,0.22633366,-0.74103415
TCGA-22-4596,LUSC,PSMB6,0.03470831,-0.9210016
TCGA-22-4596,LUSC,PSMB7,0.10334486,-0.69810325
TCGA-22-4596,LUSC,PSMB8,0.2875033,0.472793
TCGA-22-4596,LUSC,PSMB9,0.49161273,0.6741464
TCGA-22-4596,LUSC,PSMB10,0.3302953,0.8627658
TCGA-22-4596,LUSC,TAP1,0.5063932,0.41992468
TCGA-22-4596,LUSC,TAP2,0.5731183,0.17642485
TCGA-22-4596,LUSC,ERAP1,0.06151421,-0.19579495
TCGA-22-4596,LUSC,ERAP2,0.013041382,1.0168011
TCGA-22-4596,LUSC,TAPBP,0.18608144,-0.15211351
TCGA-22-4596,LUSC,CANX,-0.0241003,0.97365206
TCGA-22-4596,LUSC,CALR,0.105325915,-0.65826607
TCGA-22-4596,LUSC,PDIA3,-0.25181064,-1.0428367
TCGA-22-4596,LUSC,B2M,0.16718744,1.0176109
TCGA-22-4596,LUSC,HLA-A,0.2963302,0.14029795
TCGA-22-4596,LUSC,HLA-B,0.31047523,0.47257763
TCGA-22-4596,LUSC,HLA-C,0.23381428,0.017368324
TCGA-22-4596,LUSC,HLA-DQA1,0.22485311,1.7747059
TCGA-22-4596,LUSC,HLA-DRB1,0.16373529,1.2314504
TCGA-22-4596,LUSC,CMKLR1,0.21796378,1.7209321
TCGA-22-4596,LUSC,HLA-E,0.13607211,0.64786595
TCGA-22-4596,LUSC,NKG7,0.3559162,0.6770641
TCGA-22-4596,LUSC,CD8A,0.25494987,0.5086413
TCGA-22-4596,LUSC,CCL5,0.3003455,0.408441
TCGA-22-4596,LUSC,CXCL9,0.3597342,0.99571466
TCGA-22-4596,LUSC,CD27,0.15347007,1.012484
TCGA-22-4596,LUSC,CXCR6,0.2725029,1.6827608
TCGA-22-4596,LUSC,IDO1,0.32354632,0.2709903
TCGA-22-4596,LUSC,STAT1,0.44320673,0.30040297
TCGA-22-4596,LUSC,CD274,0.6039087,1.619714
TCGA-22-4596,LUSC,CD276,0.1790198,0.052291516
TCGA-22-4596,LUSC,LAG3,0.41243988,0.33062726
TCGA-22-4596,LUSC,PDCD1LG2,0.43806523,1.5589688
TCGA-22-4596,LUSC,TIGIT,0.29369146,1.3432225
TCGA-22-4596,LUSC,APM,0.33836073,0.39793825
TCGA-22-4596,LUSC,TIS,0.43064374,1.1836277
TCGA-NC-A5HL,LUSC,TMB,0.63291234,-0.12257422
TCGA-NC-A5HL,LUSC,PSMB5,0.5331908,-0.4877877
TCGA-NC-A5HL,LUSC,PSMB6,0.6246162,0.57946694
TCGA-NC-A5HL,LUSC,PSMB7,0.6165863,0.8873332
TCGA-NC-A5HL,LUSC,PSMB8,-0.5754486,0.28056973
TCGA-NC-A5HL,LUSC,PSMB9,-0.33897877,1.3155258
TCGA-NC-A5HL,LUSC,PSMB10,-0.70111936,0.74536973
TCGA-NC-A5HL,LUSC,TAP1,-0.46984577,1.2957765
TCGA-NC-A5HL,LUSC,TAP2,-0.25639594,1.5841132
TCGA-NC-A5HL,LUSC,ERAP1,-0.748525,1.771308
TCGA-NC-A5HL,LUSC,ERAP2,-0.5580445,-0.6339321
TCGA-NC-A5HL,LUSC,TAPBP,-0.5650562,-0.5760856
TCGA-NC-A5HL,LUSC,CANX,-0.66821796,0.28525624
TCGA-NC-A5HL,LUSC,CALR,0.051358335,-0.25986525
TCGA-NC-A5HL,LUSC,PDIA3,0.044822212,-0.106699
TCGA-NC-A5HL,LUSC,B2M,-0.82989866,0.7257799
TCGA-NC-A5HL,LUSC,HLA-A,-0.6454892,0.78434426
TCGA-NC-A5HL,LUSC,HLA-B,-0.66495585,0.36481914
TCGA-NC-A5HL,LUSC,HLA-C,-0.7416975,0.076127015
TCGA-NC-A5HL,LUSC,HLA-DQA1,-1.0018191,0.1859796
TCGA-NC-A5HL,LUSC,HLA-DRB1,-1.1159279,-0.29728234
TCGA-NC-A5HL,LUSC,CMKLR1,-0.90501344,0.45177615
TCGA-NC-A5HL,LUSC,HLA-E,-0.8029482,0.3366505
TCGA-NC-A5HL,LUSC,NKG7,-0.21165581,0.8813089
TCGA-NC-A5HL,LUSC,CD8A,-0.3640431,0.89893264
TCGA-NC-A5HL,LUSC,CCL5,-0.26059738,0.8145883
TCGA-NC-A5HL,LUSC,CXCL9,-0.23812065,1.2358038
TCGA-NC-A5HL,LUSC,CD27,-0.6141594,0.16160798
TCGA-NC-A5HL,LUSC,CXCR6,-0.5877656,0.76482767
TCGA-NC-A5HL,LUSC,IDO1,-0.13856475,0.19917724
TCGA-NC-A5HL,LUSC,STAT1,-0.34460074,1.4193615
TCGA-NC-A5HL,LUSC,CD274,-0.31248075,2.6037273
TCGA-NC-A5HL,LUSC,CD276,-0.1464957,-0.39555743
TCGA-NC-A5HL,LUSC,LAG3,0.05774809,1.0521488
TCGA-NC-A5HL,LUSC,PDCD1LG2,-0.63936365,1.9763036
TCGA-NC-A5HL,LUSC,TIGIT,-0.40480462,0.8220778
TCGA-NC-A5HL,LUSC,APM,-0.6245551,0.76235527
TCGA-NC-A5HL,LUSC,TIS,-0.70675313,1.0056369
TCGA-85-A4QR,LUSC,TMB,0.27278,0.06277336
TCGA-85-A4QR,LUSC,PSMB5,0.34452912,2.1967509
TCGA-85-A4QR,LUSC,PSMB6,0.24351397,0.43622813
TCGA-85-A4QR,LUSC,PSMB7,0.25855756,-0.8485169
TCGA-85-A4QR,LUSC,PSMB8,-1.3714714,-0.6315556
TCGA-85-A4QR,LUSC,PSMB9,-1.4254777,-1.0461788
TCGA-85-A4QR,LUSC,PSMB10,-1.4176176,-2.1464798
TCGA-85-A4QR,LUSC,TAP1,-1.3070941,-0.7474792
TCGA-85-A4QR,LUSC,TAP2,-1.075457,-0.46486917
TCGA-85-A4QR,LUSC,ERAP1,-1.0188774,-1.3583812
TCGA-85-A4QR,LUSC,ERAP2,-0.7545931,-1.5455408
TCGA-85-A4QR,LUSC,TAPBP,-1.1479005,-0.10336411
TCGA-85-A4QR,LUSC,CANX,-0.6334637,-1.4717917
TCGA-85-A4QR,LUSC,CALR,0.002881609,-0.15988432
TCGA-85-A4QR,LUSC,PDIA3,0.13269845,0.19765091
TCGA-85-A4QR,LUSC,B2M,-1.4963017,-1.4390714
TCGA-85-A4QR,LUSC,HLA-A,-1.399864,-1.5441759
TCGA-85-A4QR,LUSC,HLA-B,-1.5232046,-1.7241715
TCGA-85-A4QR,LUSC,HLA-C,-1.515251,-0.7705333
TCGA-85-A4QR,LUSC,HLA-DQA1,-1.5820442,-2.57272
TCGA-85-A4QR,LUSC,HLA-DRB1,-1.559646,-2.8025758
TCGA-85-A4QR,LUSC,CMKLR1,-1.4340936,-2.100645
TCGA-85-A4QR,LUSC,HLA-E,-1.5168453,-1.2068484
TCGA-85-A4QR,LUSC,NKG7,-1.3017899,-2.040309
TCGA-85-A4QR,LUSC,CD8A,-1.3603745,-1.8597891
TCGA-85-A4QR,LUSC,CCL5,-1.1997039,-2.3790293
TCGA-85-A4QR,LUSC,CXCL9,-1.2676531,-2.2431912
TCGA-85-A4QR,LUSC,CD27,-1.2325413,-1.2386049
TCGA-85-A4QR,LUSC,CXCR6,-1.380291,-1.6705096
TCGA-85-A4QR,LUSC,IDO1,-0.96814793,-0.9554817
TCGA-85-A4QR,LUSC,STAT1,-1.3141406,-1.7822117
TCGA-85-A4QR,LUSC,CD274,-0.73623294,-0.6049151
TCGA-85-A4QR,LUSC,CD276,0.2753378,-0.8553648
TCGA-85-A4QR,LUSC,LAG3,-1.0221965,0.28016138
TCGA-85-A4QR,LUSC,PDCD1LG2,-1.2285469,-1.6231711
TCGA-85-A4QR,LUSC,TIGIT,-1.271231,-1.2313248
TCGA-85-A4QR,LUSC,APM,-1.5218626,-1.3923934
TCGA-85-A4QR,LUSC,TIS,-1.6301445,-2.3723474
TCGA-39-5030,LUSC,TMB,0.12416339,-0.26068923
TCGA-39-5030,LUSC,PSMB5,-0.030902088,-0.7206143
TCGA-39-5030,LUSC,PSMB6,0.19877133,-0.058446128
TCGA-39-5030,LUSC,PSMB7,0.4482689,1.4156587
TCGA-39-5030,LUSC,PSMB8,1.4557654,0.48446867
TCGA-39-5030,LUSC,PSMB9,1.8272743,0.9953995
TCGA-39-5030,LUSC,PSMB10,1.4537388,0.89428484
TCGA-39-5030,LUSC,TAP1,1.804539,1.4175366
TCGA-39-5030,LUSC,TAP2,1.5110426,0.71879923
TCGA-39-5030,LUSC,ERAP1,1.1040592,0.5123393
TCGA-39-5030,LUSC,ERAP2,0.70799315,-0.8870049
TCGA-39-5030,LUSC,TAPBP,1.2431908,1.6762441
TCGA-39-5030,LUSC,CANX,0.24961273,-0.56907696
TCGA-39-5030,LUSC,CALR,0.3018607,0.18807475
TCGA-39-5030,LUSC,PDIA3,-0.07569055,-0.99228597
TCGA-39-5030,LUSC,B2M,1.5021584,1.1718442
TCGA-39-5030,LUSC,HLA-A,1.3171859,0.5878374
TCGA-39-5030,LUSC,HLA-B,1.5914218,0.8924067
TCGA-39-5030,LUSC,HLA-C,1.3505816,0.67836744
TCGA-39-5030,LUSC,HLA-DQA1,1.3039382,1.0116607
TCGA-39-5030,LUSC,HLA-DRB1,1.1860902,0.59712553
TCGA-39-5030,LUSC,CMKLR1,1.1812365,1.4852053
TCGA-39-5030,LUSC,HLA-E,1.2359848,0.8593288
TCGA-39-5030,LUSC,NKG7,1.85237,1.5081587
TCGA-39-5030,LUSC,CD8A,1.7207563,1.5776205
TCGA-39-5030,LUSC,CCL5,1.7633541,2.1579552
TCGA-39-5030,LUSC,CXCL9,1.6440586,1.6159594
TCGA-39-5030,LUSC,CD27,1.295181,2.4002254
TCGA-39-5030,LUSC,CXCR6,1.6741631,2.4785452
TCGA-39-5030,LUSC,IDO1,1.2703391,0.70051163
TCGA-39-5030,LUSC,STAT1,1.656141,1.5831244
TCGA-39-5030,LUSC,CD274,1.1986995,0.74264795
TCGA-39-5030,LUSC,CD276,-0.012379115,0.6001823
TCGA-39-5030,LUSC,LAG3,1.7344055,2.2646697
TCGA-39-5030,LUSC,PDCD1LG2,1.5113069,1.63355
TCGA-39-5030,LUSC,TIGIT,1.6121073,2.3440387
TCGA-39-5030,LUSC,APM,1.7556394,0.7805553
TCGA-39-5030,LUSC,TIS,1.9027259,1.8018532
TCGA-92-7340,LUSC,TMB,0.3660422,0.35920453
TCGA-92-7340,LUSC,PSMB5,0.46667403,0.4367651
TCGA-92-7340,LUSC,PSMB6,0.33536997,0.6480184
TCGA-92-7340,LUSC,PSMB7,0.40567312,-0.65615
TCGA-92-7340,LUSC,PSMB8,-0.3631238,-0.7323011
TCGA-92-7340,LUSC,PSMB9,-0.24788204,0.092494234
TCGA-92-7340,LUSC,PSMB10,-0.48085254,-0.034405716
TCGA-92-7340,LUSC,TAP1,-0.32852614,-0.15992112
TCGA-92-7340,LUSC,TAP2,-0.20226674,-0.15623416
TCGA-92-7340,LUSC,ERAP1,-0.43387538,1.1716788
TCGA-92-7340,LUSC,ERAP2,-0.44534296,-1.1783935
TCGA-92-7340,LUSC,TAPBP,-0.4306453,0.47392356
TCGA-92-7340,LUSC,CANX,-0.39101195,0.7614732
TCGA-92-7340,LUSC,CALR,-0.025640737,-0.118888654
TCGA-92-7340,LUSC,PDIA3,-0.21776152,0.070261575
TCGA-92-7340,LUSC,B2M,-0.5965179,0.16298127
TCGA-92-7340,LUSC,HLA-A,-0.49397367,-0.5654898
TCGA-92-7340,LUSC,HLA-B,-0.53593624,-0.06402986
TCGA-92-7340,LUSC,HLA-C,-0.61555445,-0.5700979
TCGA-92-7340,LUSC,HLA-DQA1,-0.8354521,-0.105691746
TCGA-92-7340,LUSC,HLA-DRB1,-0.85997564,-0.37783554
TCGA-92-7340,LUSC,CMKLR1,-0.8281598,0.1514865
TCGA-92-7340,LUSC,HLA-E,-0.65308464,0.30856588
TCGA-92-7340,LUSC,NKG7,-0.30792943,0.56018955
TCGA-92-7340,LUSC,CD8A,-0.36541814,0.2782214
TCGA-92-7340,LUSC,CCL5,-0.33776283,0.50323224
TCGA-92-7340,LUSC,CXCL9,-0.42223486,0.5968614
TCGA-92-7340,LUSC,CD27,-0.6129261,0.0510214
TCGA-92-7340,LUSC,CXCR6,-0.47655147,0.3096801
TCGA-92-7340,LUSC,IDO1,-0.082085915,0.91339296
TCGA-92-7340,LUSC,STAT1,-0.34196815,0.9169762
TCGA-92-7340,LUSC,CD274,-0.27552146,-0.6644545
TCGA-92-7340,LUSC,CD276,-0.0829265,1.1459867
TCGA-92-7340,LUSC,LAG3,-0.29020807,0.17408074
TCGA-92-7340,LUSC,PDCD1LG2,-0.55291116,0.273908
TCGA-92-7340,LUSC,TIGIT,-0.40222135,0.8052765
TCGA-92-7340,LUSC,APM,-0.47013554,-0.14142248
TCGA-92-7340,LUSC,TIS,-0.6330348,0.33027762
TCGA-33-AASI,LUSC,TMB,0.22205868,0.819774
TCGA-33-AASI,LUSC,PSMB5,0.45662743,1.437859
TCGA-33-AASI,LUSC,PSMB6,0.3669805,1.3666413
TCGA-33-AASI,LUSC,PSMB7,0.47263473,0.016474022
TCGA-33-AASI,LUSC,PSMB8,-0.36695245,1.8318799
TCGA-33-AASI,LUSC,PSMB9,-0.29417893,1.6415329
TCGA-33-AASI,LUSC,PSMB10,-0.38692537,1.524808
TCGA-33-AASI,LUSC,TAP1,-0.25672844,2.170343
TCGA-33-AASI,LUSC,TAP2,-0.09936776,2.3307042
TCGA-33-AASI,LUSC,ERAP1,-0.4236436,-1.2101789
TCGA-33-AASI,LUSC,ERAP2,-0.41128293,-0.20274979
TCGA-33-AASI,LUSC,TAPBP,-0.33448753,2.3737965
TCGA-33-AASI,LUSC,CANX,-0.5560674,-1.3472805
TCGA-33-AASI,LUSC,CALR,-0.0075147925,0.7730875
TCGA-33-AASI,LUSC,PDIA3,-0.06306575,1.1368492
TCGA-33-AASI,LUSC,B2M,-0.562492,0.58712065
TCGA-33-AASI,LUSC,HLA-A,-0.3247438,0.8683171
TCGA-33-AASI,LUSC,HLA-B,-0.4585372,0.6913893
TCGA-33-AASI,LUSC,HLA-C,-0.47794348,0.45583954
TCGA-33-AASI,LUSC,HLA-DQA1,-0.7148532,-0.44444773
TCGA-33-AASI,LUSC,HLA-DRB1,-0.73397344,-0.6621181
TCGA-33-AASI,LUSC,CMKLR1,-0.8108367,-0.894734
TCGA-33-AASI,LUSC,HLA-E,-0.48587283,1.5808895
TCGA-33-AASI,LUSC,NKG7,-0.31709808,0.5269713
TCGA-33-AASI,LUSC,CD8A,-0.4420653,0.5944698
TCGA-33-AASI,LUSC,CCL5,-0.32387164,0.32049125
TCGA-33-AASI,LUSC,CXCL9,-0.35198727,1.2038418
TCGA-33-AASI,LUSC,CD27,-0.51469624,0.04886803
TCGA-33-AASI,LUSC,CXCR6,-0.58949614,0.17637984
TCGA-33-AASI,LUSC,IDO1,-0.1619332,1.6369779
TCGA-33-AASI,LUSC,STAT1,-0.3793324,1.1193225
TCGA-33-AASI,LUSC,CD274,-0.159327,-0.5499194
TCGA-33-AASI,LUSC,CD276,0.25078636,-0.193627
TCGA-33-AASI,LUSC,LAG3,-0.17425191,0.7286715
TCGA-33-AASI,LUSC,PDCD1LG2,-0.40352097,-0.59427214
TCGA-33-AASI,LUSC,TIGIT,-0.46436453,1.0680234
TCGA-33-AASI,LUSC,APM,-0.40480256,1.4136511
TCGA-33-AASI,LUSC,TIS,-0.5260803,0.64400685
TCGA-63-6202,LUSC,TMB,0.32357398,0.6142522
TCGA-63-6202,LUSC,PSMB5,0.24784282,-0.26384073
TCGA-63-6202,LUSC,PSMB6,-0.01397399,0.39305693
TCGA-63-6202,LUSC,PSMB7,0.16613261,0.14859067
TCGA-63-6202,LUSC,PSMB8,0.24003844,0.058566898
TCGA-63-6202,LUSC,PSMB9,0.45602807,0.30426505
TCGA-63-6202,LUSC,PSMB10,0.2015452,0.54390806
TCGA-63-6202,LUSC,TAP1,0.51798993,0.97856194
TCGA-63-6202,LUSC,TAP2,0.4053188,0.30140957
TCGA-63-6202,LUSC,ERAP1,0.23445623,-0.9074698
TCGA-63-6202,LUSC,ERAP2,0.22769833,-1.106213
TCGA-63-6202,LUSC,TAPBP,0.0988717,0.11859571
TCGA-63-6202,LUSC,CANX,0.3530813,0.07621316
TCGA-63-6202,LUSC,CALR,0.17846157,0.6631442
TCGA-63-6202,LUSC,PDIA3,-0.03680715,-0.27215827
TCGA-63-6202,LUSC,B2M,0.32772762,0.45099813
TCGA-63-6202,LUSC,HLA-A,0.18622725,0.23524946
TCGA-63-6202,LUSC,HLA-B,0.20694776,0.6276884
TCGA-63-6202,LUSC,HLA-C,0.2004641,-0.1620656
TCGA-63-6202,LUSC,HLA-DQA1,0.1849554,1.321115
TCGA-63-6202,LUSC,HLA-DRB1,0.103168085,0.9423864
TCGA-63-6202,LUSC,CMKLR1,0.24382582,1.7448329
TCGA-63-6202,LUSC,HLA-E,0.005340378,0.4071843
TCGA-63-6202,LUSC,NKG7,0.21107908,1.5022128
TCGA-63-6202,LUSC,CD8A,0.21663222,1.8967862
TCGA-63-6202,LUSC,CCL5,0.25851762,1.4060766
TCGA-63-6202,LUSC,CXCL9,0.3108052,1.7174658
TCGA-63-6202,LUSC,CD27,0.1276642,0.56648564
TCGA-63-6202,LUSC,CXCR6,0.26903832,1.7673703
TCGA-63-6202,LUSC,IDO1,0.25966135,1.2710747
TCGA-63-6202,LUSC,STAT1,0.5977644,1.2917767
TCGA-63-6202,LUSC,CD274,0.6046131,1.1901585
TCGA-63-6202,LUSC,CD276,0.3125207,1.5130031
TCGA-63-6202,LUSC,LAG3,0.17697756,1.3702863
TCGA-63-6202,LUSC,PDCD1LG2,0.62232286,1.2662122
TCGA-63-6202,LUSC,TIGIT,0.30991966,1.2097079
TCGA-63-6202,LUSC,APM,0.3846372,0.19752873
TCGA-63-6202,LUSC,TIS,0.4538704,1.5086888
TCGA-77-A5G7,LUSC,TMB,0.29899606,-1.0129255
TCGA-77-A5G7,LUSC,PSMB5,0.30635422,0.19678028
TCGA-77-A5G7,LUSC,PSMB6,0.1636147,0.1283474
TCGA-77-A5G7,LUSC,PSMB7,0.22750612,-0.7602922
TCGA-77-A5G7,LUSC,PSMB8,-0.46023297,-1.2734865
TCGA-77-A5G7,LUSC,PSMB9,-0.37767184,-1.2764846
TCGA-77-A5G7,LUSC,PSMB10,-0.4524025,-2.0630348
TCGA-77-A5G7,LUSC,TAP1,-0.31082124,-0.90336484
TCGA-77-A5G7,LUSC,TAP2,-0.22448759,-0.13606964
TCGA-77-A5G7,LUSC,ERAP1,-0.37976688,-1.2394646
TCGA-77-A5G7,LUSC,ERAP2,-0.3146804,-1.0268745
TCGA-77-A5G7,LUSC,TAPBP,-0.4200259,-1.0583166
TCGA-77-A5G7,LUSC,CANX,-0.2424022,-1.1891531
TCGA-77-A5G7,LUSC,CALR,-0.022334374,0.8586087
TCGA-77-A5G7,LUSC,PDIA3,-0.1309621,0.47755376
TCGA-77-A5G7,LUSC,B2M,-0.53049535,-1.2374067
TCGA-77-A5G7,LUSC,HLA-A,-0.41817933,-0.9373359
TCGA-77-A5G7,LUSC,HLA-B,-0.50230944,-1.4847509
TCGA-77-A5G7,LUSC,HLA-C,-0.47559872,-0.7135969
TCGA-77-A5G7,LUSC,HLA-DQA1,-0.4961327,-1.101151
TCGA-77-A5G7,LUSC,HLA-DRB1,-0.5703604,-1.4063615
TCGA-77-A5G7,LUSC,CMKLR1,-0.48532027,-1.5284587
TCGA-77-A5G7,LUSC,HLA-E,-0.57775414,-0.7891662
TCGA-77-A5G7,LUSC,NKG7,-0.33362806,-0.52840346
TCGA-77-A5G7,LUSC,CD8A,-0.36220953,-0.90676814
TCGA-77-A5G7,LUSC,CCL5,-0.38670188,-0.8719218
TCGA-77-A5G7,LUSC,CXCL9,-0.2987637,-0.84664994
TCGA-77-A5G7,LUSC,CD27,-0.30567974,-0.56613904
TCGA-77-A5G7,LUSC,CXCR6,-0.4001813,-1.3366667
TCGA-77-A5G7,LUSC,IDO1,-0.27604857,0.2940209
TCGA-77-A5G7,LUSC,STAT1,-0.33635265,-1.6102611
TCGA-77-A5G7,LUSC,CD274,-0.10826008,-1.189121
TCGA-77-A5G7,LUSC,CD276,0.14413501,-0.08759143
TCGA-77-A5G7,LUSC,LAG3,-0.19851688,-1.0685886
TCGA-77-A5G7,LUSC,PDCD1LG2,-0.35323054,-1.7785788
TCGA-77-A5G7,LUSC,TIGIT,-0.3631884,-0.5782009
TCGA-77-A5G7,LUSC,APM,-0.4628493,-1.3918047
TCGA-77-A5G7,LUSC,TIS,-0.46695504,-1.5976509
TCGA-77-8156,LUSC,TMB,0.42390433,-0.1976831
TCGA-77-8156,LUSC,PSMB5,0.521082,-0.10827543
TCGA-77-8156,LUSC,PSMB6,0.58432686,1.0185626
TCGA-77-8156,LUSC,PSMB7,0.6770849,1.0584145
TCGA-77-8156,LUSC,PSMB8,-0.40489584,-0.23652992
TCGA-77-8156,LUSC,PSMB9,-0.22007254,0.3765725
TCGA-77-8156,LUSC,PSMB10,-0.54726315,0.040475834
TCGA-77-8156,LUSC,TAP1,-0.20991166,0.4809181
TCGA-77-8156,LUSC,TAP2,-0.16481987,0.118435904
TCGA-77-8156,LUSC,ERAP1,-0.33427408,-0.6927739
TCGA-77-8156,LUSC,ERAP2,-0.2869597,-1.0858202
TCGA-77-8156,LUSC,TAPBP,-0.4510033,0.14110214
TCGA-77-8156,LUSC,CANX,-0.10586752,-0.36249387
TCGA-77-8156,LUSC,CALR,0.109026335,0.9021631
TCGA-77-8156,LUSC,PDIA3,0.105212644,-0.82150406
TCGA-77-8156,LUSC,B2M,-0.505325,0.14914834
TCGA-77-8156,LUSC,HLA-A,-0.5009769,0.34311318
TCGA-77-8156,LUSC,HLA-B,-0.5632628,0.38544858
TCGA-77-8156,LUSC,HLA-C,-0.6065469,-0.032109678
TCGA-77-8156,LUSC,HLA-DQA1,-0.7021514,0.047752343
TCGA-77-8156,LUSC,HLA-DRB1,-0.84354514,0.08550531
TCGA-77-8156,LUSC,CMKLR1,-0.52657515,0.75871396
TCGA-77-8156,LUSC,HLA-E,-0.75585115,0.32738358
TCGA-77-8156,LUSC,NKG7,-0.080725096,1.3556995
TCGA-77-8156,LUSC,CD8A,-0.11267237,1.315464
TCGA-77-8156,LUSC,CCL5,-0.13020498,1.5753064
TCGA-77-8156,LUSC,CXCL9,-0.123566076,1.3475026
TCGA-77-8156,LUSC,CD27,-0.41321126,1.2759073
TCGA-77-8156,LUSC,CXCR6,-0.38431644,1.542204
TCGA-77-8156,LUSC,IDO1,-0.17075261,-0.044561867
TCGA-77-8156,LUSC,STAT1,-0.056612473,0.38558972
TCGA-77-8156,LUSC,CD274,0.050671328,-0.10210831
TCGA-77-8156,LUSC,CD276,0.23642144,-0.21622488
TCGA-77-8156,LUSC,LAG3,-0.021341825,1.4749725
TCGA-77-8156,LUSC,PDCD1LG2,-0.18136969,0.43678626
TCGA-77-8156,LUSC,TIGIT,-0.27909395,1.722109
TCGA-77-8156,LUSC,APM,-0.3522625,0.10153958
TCGA-77-8156,LUSC,TIS,-0.3589129,0.9408673
TCGA-85-6561,LUSC,TMB,0.25543597,-0.023530977
TCGA-85-6561,LUSC,PSMB5,0.22061877,0.3453381
TCGA-85-6561,LUSC,PSMB6,0.18353526,0.3008124
TCGA-85-6561,LUSC,PSMB7,0.38842452,-0.39490193
TCGA-85-6561,LUSC,PSMB8,-0.4395213,-0.72138506
TCGA-85-6561,LUSC,PSMB9,-0.13676731,-0.39889532
TCGA-85-6561,LUSC,PSMB10,-0.5346616,-0.39892915
TCGA-85-6561,LUSC,TAP1,0.109353706,0.20153359
TCGA-85-6561,LUSC,TAP2,0.1022384,-0.10949879
TCGA-85-6561,LUSC,ERAP1,-0.1208416,0.47967383
TCGA-85-6561,LUSC,ERAP2,-0.25664768,0.3734224
TCGA-85-6561,LUSC,TAPBP,-0.2008291,-0.42956963
TCGA-85-6561,LUSC,CANX,-0.54720795,-0.66400295
TCGA-85-6561,LUSC,CALR,-0.07255651,-0.7705935
TCGA-85-6561,LUSC,PDIA3,-0.3595254,-0.6430057
TCGA-85-6561,LUSC,B2M,-0.37251148,0.120441616
TCGA-85-6561,LUSC,HLA-A,-0.4306759,-0.36004153
TCGA-85-6561,LUSC,HLA-B,-0.37795442,-0.008033305
TCGA-85-6561,LUSC,HLA-C,-0.4486342,-0.037141856
TCGA-85-6561,LUSC,HLA-DQA1,-0.5941227,0.40437025
TCGA-85-6561,LUSC,HLA-DRB1,-0.7316729,0.012077593
TCGA-85-6561,LUSC,CMKLR1,-0.46519655,1.4490888
TCGA-85-6561,LUSC,HLA-E,-0.3396904,0.28188697
TCGA-85-6561,LUSC,NKG7,-0.12717429,0.6526911
TCGA-85-6561,LUSC,CD8A,-0.12946928,1.1452718
TCGA-85-6561,LUSC,CCL5,-0.050093412,0.61732453
TCGA-85-6561,LUSC,CXCL9,-0.116546154,0.52455354
TCGA-85-6561,LUSC,CD27,-0.34852198,1.4067117
TCGA-85-6561,LUSC,CXCR6,-0.29030627,1.1760217
TCGA-85-6561,LUSC,IDO1,-0.114156365,-0.3233677
TCGA-85-6561,LUSC,STAT1,-0.042491872,0.15427184
TCGA-85-6561,LUSC,CD274,0.07248548,0.9565971
TCGA-85-6561,LUSC,CD276,0.5096906,0.60706425
TCGA-85-6561,LUSC,LAG3,-0.10543549,0.49804744
TCGA-85-6561,LUSC,PDCD1LG2,-0.06332384,1.4510716
TCGA-85-6561,LUSC,TIGIT,-0.18250827,1.2032639
TCGA-85-6561,LUSC,APM,-0.31567925,-0.17678505
TCGA-85-6561,LUSC,TIS,-0.25916553,0.7566154
TCGA-77-A5GH,LUSC,TMB,0.15740433,0.19221397
TCGA-77-A5GH,LUSC,PSMB5,0.11278013,-1.3865918
TCGA-77-A5GH,LUSC,PSMB6,0.343531,0.09596444
TCGA-77-A5GH,LUSC,PSMB7,0.5647495,0.10087571
TCGA-77-A5GH,LUSC,PSMB8,0.8256752,0.04286275
TCGA-77-A5GH,LUSC,PSMB9,1.1772559,0.9274513
TCGA-77-A5GH,LUSC,PSMB10,0.8624811,0.07435547
TCGA-77-A5GH,LUSC,TAP1,1.2293501,0.8444363
TCGA-77-A5GH,LUSC,TAP2,1.063898,1.0320971
TCGA-77-A5GH,LUSC,ERAP1,0.6504906,0.89484346
TCGA-77-A5GH,LUSC,ERAP2,0.4902084,0.09790488
TCGA-77-A5GH,LUSC,TAPBP,0.8151482,1.4641713
TCGA-77-A5GH,LUSC,CANX,0.031370103,-0.7235081
TCGA-77-A5GH,LUSC,CALR,0.15084162,0.3600047
TCGA-77-A5GH,LUSC,PDIA3,-0.016354626,0.42399323
TCGA-77-A5GH,LUSC,B2M,0.88548565,0.7882595
TCGA-77-A5GH,LUSC,HLA-A,0.74177504,-0.06966506
TCGA-77-A5GH,LUSC,HLA-B,0.9842642,0.58799416
TCGA-77-A5GH,LUSC,HLA-C,0.79596376,0.23036665
TCGA-77-A5GH,LUSC,HLA-DQA1,0.75159246,1.0637478
TCGA-77-A5GH,LUSC,HLA-DRB1,0.6326168,0.93461853
TCGA-77-A5GH,LUSC,CMKLR1,0.6505846,0.63237655
TCGA-77-A5GH,LUSC,HLA-E,0.69952697,0.35062993
TCGA-77-A5GH,LUSC,NKG7,1.3072312,0.9664368
TCGA-77-A5GH,LUSC,CD8A,1.1435429,0.681015
TCGA-77-A5GH,LUSC,CCL5,1.2388675,2.5668378
TCGA-77-A5GH,LUSC,CXCL9,1.173415,1.2571752
TCGA-77-A5GH,LUSC,CD27,0.7967135,0.9057747
TCGA-77-A5GH,LUSC,CXCR6,1.0072167,0.1650466
TCGA-77-A5GH,LUSC,IDO1,0.81231844,0.28379628
TCGA-77-A5GH,LUSC,STAT1,1.0975376,0.86180216
TCGA-77-A5GH,LUSC,CD274,1.0271071,0.9631785
TCGA-77-A5GH,LUSC,CD276,0.1995936,-0.40775794
TCGA-77-A5GH,LUSC,LAG3,1.2314914,2.4701545
TCGA-77-A5GH,LUSC,PDCD1LG2,1.0624005,0.7942839
TCGA-77-A5GH,LUSC,TIGIT,1.0878708,1.4741553
TCGA-77-A5GH,LUSC,APM,1.1056969,0.5822074
TCGA-77-A5GH,LUSC,TIS,1.2825055,1.2488712
TCGA-43-6143,LUSC,TMB,0.1764025,0.44597423
TCGA-43-6143,LUSC,PSMB5,-0.06684883,-0.5967682
TCGA-43-6143,LUSC,PSMB6,-0.042408288,-0.7967007
TCGA-43-6143,LUSC,PSMB7,-0.03592268,-0.9533884
TCGA-43-6143,LUSC,PSMB8,-1.0087012,-0.6463464
TCGA-43-6143,LUSC,PSMB9,-0.9760777,-0.6055117
TCGA-43-6143,LUSC,PSMB10,-1.0715984,-0.66589856
TCGA-43-6143,LUSC,TAP1,-0.76378405,-0.6008039
TCGA-43-6143,LUSC,TAP2,-0.7169167,-1.3350757
TCGA-43-6143,LUSC,ERAP1,-0.6209503,-1.1266159
TCGA-43-6143,LUSC,ERAP2,-0.5376947,-0.50050306
TCGA-43-6143,LUSC,TAPBP,-0.84190434,-1.8914573
TCGA-43-6143,LUSC,CANX,-0.50795406,0.23590423
TCGA-43-6143,LUSC,CALR,-0.2602349,-1.4289126
TCGA-43-6143,LUSC,PDIA3,-0.2682945,-1.174077
TCGA-43-6143,LUSC,B2M,-1.0507276,-0.56871223
TCGA-43-6143,LUSC,HLA-A,-1.0402129,-1.2326182
TCGA-43-6143,LUSC,HLA-B,-1.0551276,-1.2222551
TCGA-43-6143,LUSC,HLA-C,-1.0348767,-1.2115028
TCGA-43-6143,LUSC,HLA-DQA1,-0.9143664,-0.86746854
TCGA-43-6143,LUSC,HLA-DRB1,-1.0068147,-1.0677762
TCGA-43-6143,LUSC,CMKLR1,-0.7677952,-0.728946
TCGA-43-6143,LUSC,HLA-E,-1.0535607,-1.2475151
TCGA-43-6143,LUSC,NKG7,-0.94334584,-0.9264784
TCGA-43-6143,LUSC,CD8A,-0.8280207,-1.2386718
TCGA-43-6143,LUSC,CCL5,-0.93869066,-1.0003049
TCGA-43-6143,LUSC,CXCL9,-0.79772484,-0.45524114
TCGA-43-6143,LUSC,CD27,-0.69633615,-0.67589045
TCGA-43-6143,LUSC,CXCR6,-0.89517343,-0.97005075
TCGA-43-6143,LUSC,IDO1,-0.77399266,-0.9536074
TCGA-43-6143,LUSC,STAT1,-0.73833543,0.62341756
TCGA-43-6143,LUSC,CD274,-0.5230311,-0.50807554
TCGA-43-6143,LUSC,CD276,0.20173824,-1.2605081
TCGA-43-6143,LUSC,LAG3,-0.5963855,-0.65408164
TCGA-43-6143,LUSC,PDCD1LG2,-0.7121758,-0.8063779
TCGA-43-6143,LUSC,TIGIT,-0.79248023,-0.7253619
TCGA-43-6143,LUSC,APM,-1.1367813,-1.4112372
TCGA-43-6143,LUSC,TIS,-1.0575241,-1.2274442
TCGA-90-A4EE,LUSC,TMB,0.33342502,0.62743586
TCGA-90-A4EE,LUSC,PSMB5,-0.04208395,0.37462446
TCGA-90-A4EE,LUSC,PSMB6,0.04622355,0.9339662
TCGA-90-A4EE,LUSC,PSMB7,0.24451435,-0.058489446
TCGA-90-A4EE,LUSC,PSMB8,1.1446255,0.68046737
TCGA-90-A4EE,LUSC,PSMB9,1.4527864,1.6810526
TCGA-90-A4EE,LUSC,PSMB10,1.2095764,0.9902156
TCGA-90-A4EE,LUSC,TAP1,1.440397,1.7696904
TCGA-90-A4EE,LUSC,TAP2,1.2574987,2.0597486
TCGA-90-A4EE,LUSC,ERAP1,0.8296095,0.6431383
TCGA-90-A4EE,LUSC,ERAP2,0.45631218,1.2683457
TCGA-90-A4EE,LUSC,TAPBP,0.96459854,2.3729966
TCGA-90-A4EE,LUSC,CANX,0.10372788,-0.80699706
TCGA-90-A4EE,LUSC,CALR,0.07931435,0.98303777
TCGA-90-A4EE,LUSC,PDIA3,-0.33610976,-0.84253234
TCGA-90-A4EE,LUSC,B2M,1.0544631,0.40423816
TCGA-90-A4EE,LUSC,HLA-A,1.018014,0.62783694
TCGA-90-A4EE,LUSC,HLA-B,1.3090918,0.9670775
TCGA-90-A4EE,LUSC,HLA-C,1.0428481,0.78651583
TCGA-90-A4EE,LUSC,HLA-DQA1,1.1079077,1.2549447
TCGA-90-A4EE,LUSC,HLA-DRB1,0.957802,0.9951547
TCGA-90-A4EE,LUSC,CMKLR1,1.0829301,1.6487784
TCGA-90-A4EE,LUSC,HLA-E,0.97366774,0.5543086
TCGA-90-A4EE,LUSC,NKG7,1.5730089,2.2430775
TCGA-90-A4EE,LUSC,CD8A,1.5369716,2.151124
TCGA-90-A4EE,LUSC,CCL5,1.454076,1.769815
TCGA-90-A4EE,LUSC,CXCL9,1.4620668,1.9907669
TCGA-90-A4EE,LUSC,CD27,1.1602983,1.2282649
TCGA-90-A4EE,LUSC,CXCR6,1.453764,1.4462018
TCGA-90-A4EE,LUSC,IDO1,1.0145271,0.6463783
TCGA-90-A4EE,LUSC,STAT1,1.3155978,1.5358995
TCGA-90-A4EE,LUSC,CD274,0.98240983,0.67261726
TCGA-90-A4EE,LUSC,CD276,-0.117983624,-0.46000576
TCGA-90-A4EE,LUSC,LAG3,1.5554652,2.6439655
TCGA-90-A4EE,LUSC,PDCD1LG2,1.2198209,1.4199883
TCGA-90-A4EE,LUSC,TIGIT,1.4116834,2.6411068
TCGA-90-A4EE,LUSC,APM,1.3480966,1.3811917
TCGA-90-A4EE,LUSC,TIS,1.5434049,1.8187448
TCGA-98-A538,LUSC,TMB,-0.041280847,1.4180986
TCGA-98-A538,LUSC,PSMB5,0.055000048,0.11109113
TCGA-98-A538,LUSC,PSMB6,-0.05672325,-0.65938425
TCGA-98-A538,LUSC,PSMB7,0.21069403,-1.5741985
TCGA-98-A538,LUSC,PSMB8,-0.7184517,-1.5613955
TCGA-98-A538,LUSC,PSMB9,-0.5844026,-0.79208076
TCGA-98-A538,LUSC,PSMB10,-0.68076795,-1.3231795
TCGA-98-A538,LUSC,TAP1,-0.3031478,-0.20103243
TCGA-98-A538,LUSC,TAP2,-0.18406077,-0.2680716
TCGA-98-A538,LUSC,ERAP1,-0.24767335,-0.030197542
TCGA-98-A538,LUSC,ERAP2,-0.23942414,-1.3436158
TCGA-98-A538,LUSC,TAPBP,-0.41075653,-0.8668136
TCGA-98-A538,LUSC,CANX,-0.54835427,-0.6869165
TCGA-98-A538,LUSC,CALR,-0.2717237,-0.09588585
TCGA-98-A538,LUSC,PDIA3,-0.30090564,-0.14570402
TCGA-98-A538,LUSC,B2M,-0.60356206,-0.8315299
TCGA-98-A538,LUSC,HLA-A,-0.6554524,-1.9454815
TCGA-98-A538,LUSC,HLA-B,-0.6454917,-0.9757698
TCGA-98-A538,LUSC,HLA-C,-0.6816715,-1.5780036
TCGA-98-A538,LUSC,HLA-DQA1,-0.6808427,-0.0729516
TCGA-98-A538,LUSC,HLA-DRB1,-0.73280764,-0.54000056
TCGA-98-A538,LUSC,CMKLR1,-0.6250118,-0.039800085
TCGA-98-A538,LUSC,HLA-E,-0.48700953,-1.1839864
TCGA-98-A538,LUSC,NKG7,-0.43178138,-0.45693085
TCGA-98-A538,LUSC,CD8A,-0.49056482,-0.47359034
TCGA-98-A538,LUSC,CCL5,-0.4290448,-0.65226567
TCGA-98-A538,LUSC,CXCL9,-0.40475804,0.16118295
TCGA-98-A538,LUSC,CD27,-0.45074454,-0.11565743
TCGA-98-A538,LUSC,CXCR6,-0.5071219,-0.22112656
TCGA-98-A538,LUSC,IDO1,-0.38784432,-0.54940236
TCGA-98-A538,LUSC,STAT1,-0.34328365,-0.29690605
TCGA-98-A538,LUSC,CD274,-0.11090486,-0.17405696
TCGA-98-A538,LUSC,CD276,0.40732908,0.19877522
TCGA-98-A538,LUSC,LAG3,-0.34602326,-0.14764114
TCGA-98-A538,LUSC,PDCD1LG2,-0.34293234,-0.31384566
TCGA-98-A538,LUSC,TIGIT,-0.4416151,-0.5369387
TCGA-98-A538,LUSC,APM,-0.6235593,-1.4384868
TCGA-98-A538,LUSC,TIS,-0.5685315,-0.6860713
TCGA-85-8276,LUSC,TMB,0.45760447,0.17441185
TCGA-85-8276,LUSC,PSMB5,0.281442,4.59752
TCGA-85-8276,LUSC,PSMB6,0.22941896,0.09526934
TCGA-85-8276,LUSC,PSMB7,0.30816025,-0.23212531
TCGA-85-8276,LUSC,PSMB8,-0.03943578,0.1391716
TCGA-85-8276,LUSC,PSMB9,0.22970736,0.3958422
TCGA-85-8276,LUSC,PSMB10,-0.12896474,0.067735374
TCGA-85-8276,LUSC,TAP1,0.29883894,0.42959774
TCGA-85-8276,LUSC,TAP2,0.20105548,1.1677591
TCGA-85-8276,LUSC,ERAP1,-0.026670884,-0.320914
TCGA-85-8276,LUSC,ERAP2,-0.10431261,0.25026095
TCGA-85-8276,LUSC,TAPBP,-0.046713896,-0.21327841
TCGA-85-8276,LUSC,CANX,-0.063877285,-0.9778694
TCGA-85-8276,LUSC,CALR,0.23203258,-0.47985926
TCGA-85-8276,LUSC,PDIA3,-0.07475137,-0.6198985
TCGA-85-8276,LUSC,B2M,-0.016163122,0.2451361
TCGA-85-8276,LUSC,HLA-A,-0.06503998,0.11949218
TCGA-85-8276,LUSC,HLA-B,-0.022280032,0.5872332
TCGA-85-8276,LUSC,HLA-C,-0.021549055,0.73207575
TCGA-85-8276,LUSC,HLA-DQA1,-0.09645321,0.29602447
TCGA-85-8276,LUSC,HLA-DRB1,-0.25592268,0.048498917
TCGA-85-8276,LUSC,CMKLR1,0.11296898,0.5752197
TCGA-85-8276,LUSC,HLA-E,-0.23197,0.2962691
TCGA-85-8276,LUSC,NKG7,0.4761006,0.7477451
TCGA-85-8276,LUSC,CD8A,0.4714896,0.79225594
TCGA-85-8276,LUSC,CCL5,0.46669087,0.8449819
TCGA-85-8276,LUSC,CXCL9,0.38953328,1.1776977
TCGA-85-8276,LUSC,CD27,0.23062536,1.4241122
TCGA-85-8276,LUSC,CXCR6,0.3193584,1.1813211
TCGA-85-8276,LUSC,IDO1,0.1752375,0.2707371
TCGA-85-8276,LUSC,STAT1,0.3098197,0.5829254
TCGA-85-8276,LUSC,CD274,0.16507807,-0.34039006
TCGA-85-8276,LUSC,CD276,0.14693078,-0.053379912
TCGA-85-8276,LUSC,LAG3,0.47803307,0.90309614
TCGA-85-8276,LUSC,PDCD1LG2,0.22098264,0.32152873
TCGA-85-8276,LUSC,TIGIT,0.39548412,1.1492835
TCGA-85-8276,LUSC,APM,0.09868097,0.57750744
TCGA-85-8276,LUSC,TIS,0.26200008,0.64118665
TCGA-43-A56V,LUSC,TMB,0.08386614,-0.07930006
TCGA-43-A56V,LUSC,PSMB5,0.05203883,1.935613
TCGA-43-A56V,LUSC,PSMB6,-0.16705164,0.6144868
TCGA-43-A56V,LUSC,PSMB7,0.057952166,-0.4171005
TCGA-43-A56V,LUSC,PSMB8,-0.96487474,-1.6787854
TCGA-43-A56V,LUSC,PSMB9,-0.9530436,-1.4383737
TCGA-43-A56V,LUSC,PSMB10,-0.93156815,-0.7946319
TCGA-43-A56V,LUSC,TAP1,-0.73557603,-1.8931775
TCGA-43-A56V,LUSC,TAP2,-0.53846264,-1.6324637
TCGA-43-A56V,LUSC,ERAP1,-0.44114318,-0.2579432
TCGA-43-A56V,LUSC,ERAP2,-0.3909181,-1.3282802
TCGA-43-A56V,LUSC,TAPBP,-0.7758012,-1.2594234
TCGA-43-A56V,LUSC,CANX,-0.4719573,-0.7651919
TCGA-43-A56V,LUSC,CALR,-0.33791715,-0.27671784
TCGA-43-A56V,LUSC,PDIA3,-0.11372216,0.49665496
TCGA-43-A56V,LUSC,B2M,-0.9317783,-0.9711932
TCGA-43-A56V,LUSC,HLA-A,-1.0244614,-1.909944
TCGA-43-A56V,LUSC,HLA-B,-1.0253123,-1.617359
TCGA-43-A56V,LUSC,HLA-C,-1.095722,-1.6527095
TCGA-43-A56V,LUSC,HLA-DQA1,-0.9202275,-1.3355784
TCGA-43-A56V,LUSC,HLA-DRB1,-0.9936224,-1.2857203
TCGA-43-A56V,LUSC,CMKLR1,-0.8907077,-0.8462578
TCGA-43-A56V,LUSC,HLA-E,-0.97287655,-1.3182286
TCGA-43-A56V,LUSC,NKG7,-0.95876515,-0.7784004
TCGA-43-A56V,LUSC,CD8A,-1.0017762,-1.0072473
TCGA-43-A56V,LUSC,CCL5,-0.97556543,-1.2446252
TCGA-43-A56V,LUSC,CXCL9,-0.89112103,-1.2163006
TCGA-43-A56V,LUSC,CD27,-0.8428327,-0.3818146
TCGA-43-A56V,LUSC,CXCR6,-0.9518703,-1.241281
TCGA-43-A56V,LUSC,IDO1,-0.789424,0.057461537
TCGA-43-A56V,LUSC,STAT1,-0.7169686,-0.97514206
TCGA-43-A56V,LUSC,CD274,-0.31493345,-0.95084554
TCGA-43-A56V,LUSC,CD276,0.25333488,-0.21343043
TCGA-43-A56V,LUSC,LAG3,-0.75657237,-0.43922833
TCGA-43-A56V,LUSC,PDCD1LG2,-0.65987134,-1.2446887
TCGA-43-A56V,LUSC,TIGIT,-0.836645,-0.79301673
TCGA-43-A56V,LUSC,APM,-1.0248487,-1.6290716
TCGA-43-A56V,LUSC,TIS,-1.0320516,-1.4267392
TCGA-39-5034,LUSC,TMB,0.36652502,1.2282853
TCGA-39-5034,LUSC,PSMB5,0.35608906,0.2460433
TCGA-39-5034,LUSC,PSMB6,0.40137953,0.12740919
TCGA-39-5034,LUSC,PSMB7,0.17643006,-0.24145168
TCGA-39-5034,LUSC,PSMB8,0.7605592,-0.14506486
TCGA-39-5034,LUSC,PSMB9,0.8044239,-0.6025514
TCGA-39-5034,LUSC,PSMB10,0.5863713,0.13164659
TCGA-39-5034,LUSC,TAP1,0.60525477,-0.5617405
TCGA-39-5034,LUSC,TAP2,0.48539624,-0.30019256
TCGA-39-5034,LUSC,ERAP1,0.3142192,0.25713387
TCGA-39-5034,LUSC,ERAP2,0.2206249,-1.1797631
TCGA-39-5034,LUSC,TAPBP,0.461905,0.10463872
TCGA-39-5034,LUSC,CANX,0.3472012,2.6219976
TCGA-39-5034,LUSC,CALR,0.43887407,0.27912766
TCGA-39-5034,LUSC,PDIA3,0.354392,0.8883925
TCGA-39-5034,LUSC,B2M,0.65644485,0.20189773
TCGA-39-5034,LUSC,HLA-A,0.6069597,0.28357863
TCGA-39-5034,LUSC,HLA-B,0.58077776,-0.33520958
TCGA-39-5034,LUSC,HLA-C,0.66324586,0.2892405
TCGA-39-5034,LUSC,HLA-DQA1,0.33796874,0.25734955
TCGA-39-5034,LUSC,HLA-DRB1,0.25635654,-0.19017677
TCGA-39-5034,LUSC,CMKLR1,0.4001236,-0.2637591
TCGA-39-5034,LUSC,HLA-E,0.31878465,-0.701564
TCGA-39-5034,LUSC,NKG7,0.77929574,0.026775066
TCGA-39-5034,LUSC,CD8A,0.74201405,-0.078649245
TCGA-39-5034,LUSC,CCL5,0.70471334,0.10388774
TCGA-39-5034,LUSC,CXCL9,0.61876583,0.43511203
TCGA-39-5034,LUSC,CD27,0.50004774,1.1051326
TCGA-39-5034,LUSC,CXCR6,0.6518509,-0.38328263
TCGA-39-5034,LUSC,IDO1,0.7102967,0.93154854
TCGA-39-5034,LUSC,STAT1,0.65326303,0.22559007
TCGA-39-5034,LUSC,CD274,0.122305416,-0.7388213
TCGA-39-5034,LUSC,CD276,-0.44622117,0.051018607
TCGA-39-5034,LUSC,LAG3,0.7451784,0.18669154
TCGA-39-5034,LUSC,PDCD1LG2,0.29488066,-0.07422175
TCGA-39-5034,LUSC,TIGIT,0.5411767,-0.14722207
TCGA-39-5034,LUSC,APM,0.81537294,0.018280024
TCGA-39-5034,LUSC,TIS,0.66092163,-0.07854699
TCGA-60-2706,LUSC,TMB,0.43627924,-2.1059628
TCGA-60-2706,LUSC,PSMB5,0.3051018,0.9226235
TCGA-60-2706,LUSC,PSMB6,0.29919246,0.31196672
TCGA-60-2706,LUSC,PSMB7,0.3363734,-0.68032295
TCGA-60-2706,LUSC,PSMB8,0.3022123,0.6295544
TCGA-60-2706,LUSC,PSMB9,0.55801994,0.12983862
TCGA-60-2706,LUSC,PSMB10,0.28573307,0.6455057
TCGA-60-2706,LUSC,TAP1,0.4786865,-0.040347774
TCGA-60-2706,LUSC,TAP2,0.4565321,-0.3765371
TCGA-60-2706,LUSC,ERAP1,0.10852058,-0.20760828
TCGA-60-2706,LUSC,ERAP2,0.0026768087,-1.2670026
TCGA-60-2706,LUSC,TAPBP,0.12999098,0.04022811
TCGA-60-2706,LUSC,CANX,-0.000414446,-0.1474215
TCGA-60-2706,LUSC,CALR,0.039822035,-0.04678725
TCGA-60-2706,LUSC,PDIA3,-0.2265873,-0.10086525
TCGA-60-2706,LUSC,B2M,0.1936814,-0.081972666
TCGA-60-2706,LUSC,HLA-A,0.20340738,-0.22699638
TCGA-60-2706,LUSC,HLA-B,0.29075426,-0.034145474
TCGA-60-2706,LUSC,HLA-C,0.19564357,-0.52351975
TCGA-60-2706,LUSC,HLA-DQA1,0.21053338,1.0112431
TCGA-60-2706,LUSC,HLA-DRB1,0.049768858,0.6016361
TCGA-60-2706,LUSC,CMKLR1,0.2631885,0.9220435
TCGA-60-2706,LUSC,HLA-E,0.041578535,-0.072778724
TCGA-60-2706,LUSC,NKG7,0.7013811,0.58363384
TCGA-60-2706,LUSC,CD8A,0.6574606,0.74666375
TCGA-60-2706,LUSC,CCL5,0.5751357,0.6692468
TCGA-60-2706,LUSC,CXCL9,0.6081618,1.2743925
TCGA-60-2706,LUSC,CD27,0.30894452,0.07828913
TCGA-60-2706,LUSC,CXCR6,0.4728117,0.76750684
TCGA-60-2706,LUSC,IDO1,0.34540325,0.090338826
TCGA-60-2706,LUSC,STAT1,0.48373467,0.24905969
TCGA-60-2706,LUSC,CD274,0.427684,-0.46523196
TCGA-60-2706,LUSC,CD276,-0.07626702,0.7843625
TCGA-60-2706,LUSC,LAG3,0.66734517,0.97715384
TCGA-60-2706,LUSC,PDCD1LG2,0.395191,0.60963565
TCGA-60-2706,LUSC,TIGIT,0.4924569,0.74818075
TCGA-60-2706,LUSC,APM,0.3810839,-0.122739315
TCGA-60-2706,LUSC,TIS,0.5049323,0.657693
TCGA-77-A5G1,LUSC,TMB,-0.09665886,-0.4403452
TCGA-77-A5G1,LUSC,PSMB5,-0.009746195,-0.621508
TCGA-77-A5G1,LUSC,PSMB6,0.005107066,-0.31697607
TCGA-77-A5G1,LUSC,PSMB7,-0.0829961,0.30768898
TCGA-77-A5G1,LUSC,PSMB8,-0.31077623,-0.74206024
TCGA-77-A5G1,LUSC,PSMB9,-0.29059067,-0.12995592
TCGA-77-A5G1,LUSC,PSMB10,-0.2426718,-0.13968377
TCGA-77-A5G1,LUSC,TAP1,-0.23190518,-0.35422805
TCGA-77-A5G1,LUSC,TAP2,-0.032011222,0.2967447
TCGA-77-A5G1,LUSC,ERAP1,-0.114342,-0.1704589
TCGA-77-A5G1,LUSC,ERAP2,0.02443201,1.3660171
TCGA-77-A5G1,LUSC,TAPBP,0.19262917,0.5432875
TCGA-77-A5G1,LUSC,CANX,-0.3053738,-0.5470023
TCGA-77-A5G1,LUSC,CALR,0.08661282,0.8243964
TCGA-77-A5G1,LUSC,PDIA3,0.20711787,1.3019459
TCGA-77-A5G1,LUSC,B2M,-0.15318343,0.03794125
TCGA-77-A5G1,LUSC,HLA-A,-0.20369978,-0.58253205
TCGA-77-A5G1,LUSC,HLA-B,-0.13841866,-0.37390512
TCGA-77-A5G1,LUSC,HLA-C,-0.14994462,-0.8600977
TCGA-77-A5G1,LUSC,HLA-DQA1,-0.35955137,-0.32788068
TCGA-77-A5G1,LUSC,HLA-DRB1,-0.27406916,-0.16028471
TCGA-77-A5G1,LUSC,CMKLR1,-0.30058283,1.7373204
TCGA-77-A5G1,LUSC,HLA-E,-0.06776843,0.4907193
TCGA-77-A5G1,LUSC,NKG7,-0.26523706,-0.23099726
TCGA-77-A5G1,LUSC,CD8A,-0.35674343,-0.5319806
TCGA-77-A5G1,LUSC,CCL5,-0.15611097,0.17432624
TCGA-77-A5G1,LUSC,CXCL9,-0.34901315,0.07236013
TCGA-77-A5G1,LUSC,CD27,-0.14297509,-0.050003264
TCGA-77-A5G1,LUSC,CXCR6,-0.40363598,-0.405583
TCGA-77-A5G1,LUSC,IDO1,-0.22863714,-0.90441537
TCGA-77-A5G1,LUSC,STAT1,-0.2603201,0.021438375
TCGA-77-A5G1,LUSC,CD274,-0.1001477,-0.05729795
TCGA-77-A5G1,LUSC,CD276,0.46918344,0.7573112
TCGA-77-A5G1,LUSC,LAG3,-0.22561722,-0.6408743
TCGA-77-A5G1,LUSC,PDCD1LG2,-0.20493189,0.41803542
TCGA-77-A5G1,LUSC,TIGIT,-0.22692224,0.07573322
TCGA-77-A5G1,LUSC,APM,-0.1380098,0.0047987956
TCGA-77-A5G1,LUSC,TIS,-0.23243424,0.07327516
TCGA-77-8007,LUSC,TMB,0.23396774,-0.9861947
TCGA-77-8007,LUSC,PSMB5,0.16070227,-1.3392812
TCGA-77-8007,LUSC,PSMB6,0.22843814,-0.38340774
TCGA-77-8007,LUSC,PSMB7,0.2836895,-0.87007225
TCGA-77-8007,LUSC,PSMB8,0.16460331,0.7257193
TCGA-77-8007,LUSC,PSMB9,0.34133434,0.55210036
TCGA-77-8007,LUSC,PSMB10,0.15869896,0.66582066
TCGA-77-8007,LUSC,TAP1,0.3108596,0.984912
TCGA-77-8007,LUSC,TAP2,0.40676093,1.3700733
TCGA-77-8007,LUSC,ERAP1,0.16402343,-0.20800567
TCGA-77-8007,LUSC,ERAP2,0.28148,1.5558662
TCGA-77-8007,LUSC,TAPBP,0.3262027,0.65003395
TCGA-77-8007,LUSC,CANX,0.2270714,-0.5362696
TCGA-77-8007,LUSC,CALR,0.15467708,-0.6830969
TCGA-77-8007,LUSC,PDIA3,0.18343124,-1.0716279
TCGA-77-8007,LUSC,B2M,0.24149999,0.29107615
TCGA-77-8007,LUSC,HLA-A,0.109685585,1.0183308
TCGA-77-8007,LUSC,HLA-B,0.20942578,0.6375549
TCGA-77-8007,LUSC,HLA-C,0.12892687,0.857225
TCGA-77-8007,LUSC,HLA-DQA1,-0.11172007,0.8171592
TCGA-77-8007,LUSC,HLA-DRB1,-0.08968239,0.25459263
TCGA-77-8007,LUSC,CMKLR1,-0.069166124,1.4230582
TCGA-77-8007,LUSC,HLA-E,0.03684211,0.45456782
TCGA-77-8007,LUSC,NKG7,0.1615076,0.6613997
TCGA-77-8007,LUSC,CD8A,0.10611124,0.7652853
TCGA-77-8007,LUSC,CCL5,0.2200921,0.3650539
TCGA-77-8007,LUSC,CXCL9,0.11404429,0.56585985
TCGA-77-8007,LUSC,CD27,-0.109219454,0.06387412
TCGA-77-8007,LUSC,CXCR6,-0.067398526,0.17365082
TCGA-77-8007,LUSC,IDO1,0.18452409,-0.30637488
TCGA-77-8007,LUSC,STAT1,0.3958183,0.7766049
TCGA-77-8007,LUSC,CD274,0.4161145,1.9953917
TCGA-77-8007,LUSC,CD276,0.45290717,0.20647013
TCGA-77-8007,LUSC,LAG3,0.12781958,0.5890708
TCGA-77-8007,LUSC,PDCD1LG2,0.2777428,1.674875
TCGA-77-8007,LUSC,TIGIT,0.04597177,0.67108005
TCGA-77-8007,LUSC,APM,0.3503836,0.6825445
TCGA-77-8007,LUSC,TIS,0.28116155,0.7875726
TCGA-85-8351,LUSC,TMB,0.16777661,-0.5837517
TCGA-85-8351,LUSC,PSMB5,0.30365324,0.06677627
TCGA-85-8351,LUSC,PSMB6,0.184345,0.030762728
TCGA-85-8351,LUSC,PSMB7,0.41019377,-0.60986066
TCGA-85-8351,LUSC,PSMB8,-0.42401093,-0.34721363
TCGA-85-8351,LUSC,PSMB9,-0.20069759,-0.78864807
TCGA-85-8351,LUSC,PSMB10,-0.5442997,-1.1874466
TCGA-85-8351,LUSC,TAP1,0.1027478,-0.39843968
TCGA-85-8351,LUSC,TAP2,0.07655963,-0.06666523
TCGA-85-8351,LUSC,ERAP1,-0.06610097,-0.08650129
TCGA-85-8351,LUSC,ERAP2,-0.23231402,0.98489845
TCGA-85-8351,LUSC,TAPBP,-0.17852542,-1.0305005
TCGA-85-8351,LUSC,CANX,-0.36018795,-0.36956975
TCGA-85-8351,LUSC,CALR,0.13740674,0.15074928
TCGA-85-8351,LUSC,PDIA3,0.0106021045,0.2661273
TCGA-85-8351,LUSC,B2M,-0.28742737,-0.19590716
TCGA-85-8351,LUSC,HLA-A,-0.4413089,-0.14667048
TCGA-85-8351,LUSC,HLA-B,-0.40577945,-0.641285
TCGA-85-8351,LUSC,HLA-C,-0.4045601,-0.48652965
TCGA-85-8351,LUSC,HLA-DQA1,-0.67465955,-0.4981403
TCGA-85-8351,LUSC,HLA-DRB1,-0.7407711,-0.32797813
TCGA-85-8351,LUSC,CMKLR1,-0.48411041,-0.4935428
TCGA-85-8351,LUSC,HLA-E,-0.34232813,-0.74929863
TCGA-85-8351,LUSC,NKG7,-0.27082807,-0.45565265
TCGA-85-8351,LUSC,CD8A,-0.27918288,-0.9479922
TCGA-85-8351,LUSC,CCL5,-0.09963343,-0.2211272
TCGA-85-8351,LUSC,CXCL9,-0.27921304,-0.26694494
TCGA-85-8351,LUSC,CD27,-0.4485162,-1.4555675
TCGA-85-8351,LUSC,CXCR6,-0.41011515,-1.128859
TCGA-85-8351,LUSC,IDO1,-0.10973303,-0.24339457
TCGA-85-8351,LUSC,STAT1,-0.079733476,-0.73361635
TCGA-85-8351,LUSC,CD274,0.026469296,-0.37120095
TCGA-85-8351,LUSC,CD276,0.7546959,1.8054597
TCGA-85-8351,LUSC,LAG3,-0.26079878,-0.97941613
TCGA-85-8351,LUSC,PDCD1LG2,-0.036763143,-0.7350696
TCGA-85-8351,LUSC,TIGIT,-0.30484295,-1.074431
TCGA-85-8351,LUSC,APM,-0.27851695,-0.37078047
TCGA-85-8351,LUSC,TIS,-0.26222593,-0.68919325
TCGA-98-8023,LUSC,TMB,0.2907351,-0.15215471
TCGA-98-8023,LUSC,PSMB5,0.040392786,-1.2146178
TCGA-98-8023,LUSC,PSMB6,0.17921412,0.5663206
TCGA-98-8023,LUSC,PSMB7,0.42421722,0.31597716
TCGA-98-8023,LUSC,PSMB8,0.64925265,0.4738362
TCGA-98-8023,LUSC,PSMB9,0.9171297,0.8006455
TCGA-98-8023,LUSC,PSMB10,0.5597604,0.86992246
TCGA-98-8023,LUSC,TAP1,0.9944143,-0.10549393
TCGA-98-8023,LUSC,TAP2,0.84897566,0.94903314
TCGA-98-8023,LUSC,ERAP1,0.62341577,1.7057856
TCGA-98-8023,LUSC,ERAP2,0.30632365,1.4490552
TCGA-98-8023,LUSC,TAPBP,0.56375945,2.218419
TCGA-98-8023,LUSC,CANX,0.14462635,0.75689566
TCGA-98-8023,LUSC,CALR,0.19367215,1.3761715
TCGA-98-8023,LUSC,PDIA3,-0.16181453,0.73389536
TCGA-98-8023,LUSC,B2M,0.6387637,0.80722255
TCGA-98-8023,LUSC,HLA-A,0.55804205,0.596237
TCGA-98-8023,LUSC,HLA-B,0.6963326,-0.3571032
TCGA-98-8023,LUSC,HLA-C,0.5927587,0.52229214
TCGA-98-8023,LUSC,HLA-DQA1,0.52124786,0.53925765
TCGA-98-8023,LUSC,HLA-DRB1,0.38912743,0.58097994
TCGA-98-8023,LUSC,CMKLR1,0.6159382,0.28799146
TCGA-98-8023,LUSC,HLA-E,0.49497408,0.4520908
TCGA-98-8023,LUSC,NKG7,1.0373814,1.0341829
TCGA-98-8023,LUSC,CD8A,1.0977049,0.6772046
TCGA-98-8023,LUSC,CCL5,1.0440184,1.9183625
TCGA-98-8023,LUSC,CXCL9,0.94116193,0.64178884
TCGA-98-8023,LUSC,CD27,0.6975581,0.5889535
TCGA-98-8023,LUSC,CXCR6,0.9411472,0.9756073
TCGA-98-8023,LUSC,IDO1,0.72196794,-0.12038136
TCGA-98-8023,LUSC,STAT1,0.9661595,0.92237896
TCGA-98-8023,LUSC,CD274,0.61348796,-0.47847918
TCGA-98-8023,LUSC,CD276,0.14762382,0.96411836
TCGA-98-8023,LUSC,LAG3,1.0027425,1.7611222
TCGA-98-8023,LUSC,PDCD1LG2,0.82954705,-0.3178689
TCGA-98-8023,LUSC,TIGIT,0.92245805,0.490687
TCGA-98-8023,LUSC,APM,0.86581385,1.050058
TCGA-98-8023,LUSC,TIS,1.0146128,0.86357635
TCGA-77-8136,LUSC,TMB,0.14848731,0.8501249
TCGA-77-8136,LUSC,PSMB5,0.006042391,0.36533883
TCGA-77-8136,LUSC,PSMB6,0.27772087,-0.4242471
TCGA-77-8136,LUSC,PSMB7,0.51807773,-0.16424826
TCGA-77-8136,LUSC,PSMB8,0.8725198,0.77135885
TCGA-77-8136,LUSC,PSMB9,1.2206686,1.6593845
TCGA-77-8136,LUSC,PSMB10,0.82995,0.89820445
TCGA-77-8136,LUSC,TAP1,1.2685037,2.0619016
TCGA-77-8136,LUSC,TAP2,1.0825098,1.535647
TCGA-77-8136,LUSC,ERAP1,0.78213775,0.99941534
TCGA-77-8136,LUSC,ERAP2,0.5014692,1.7966932
TCGA-77-8136,LUSC,TAPBP,0.9545997,2.2734895
TCGA-77-8136,LUSC,CANX,-0.010142649,0.052109037
TCGA-77-8136,LUSC,CALR,0.18812868,1.2859257
TCGA-77-8136,LUSC,PDIA3,-0.00096007885,1.9049158
TCGA-77-8136,LUSC,B2M,0.91906536,0.8911117
TCGA-77-8136,LUSC,HLA-A,0.77415043,0.6121012
TCGA-77-8136,LUSC,HLA-B,0.9926239,0.8794653
TCGA-77-8136,LUSC,HLA-C,0.81195295,1.0653685
TCGA-77-8136,LUSC,HLA-DQA1,0.72490835,0.5366145
TCGA-77-8136,LUSC,HLA-DRB1,0.6029295,0.6022349
TCGA-77-8136,LUSC,CMKLR1,0.7403067,1.3510612
TCGA-77-8136,LUSC,HLA-E,0.7818646,1.2664704
TCGA-77-8136,LUSC,NKG7,1.4724445,1.4255446
TCGA-77-8136,LUSC,CD8A,1.3903539,1.4369483
TCGA-77-8136,LUSC,CCL5,1.4104054,1.4930304
TCGA-77-8136,LUSC,CXCL9,1.2797182,1.5399206
TCGA-77-8136,LUSC,CD27,0.90181714,0.60635304
TCGA-77-8136,LUSC,CXCR6,1.1724118,1.6029172
TCGA-77-8136,LUSC,IDO1,0.91967,2.4711373
TCGA-77-8136,LUSC,STAT1,1.1835192,1.6364834
TCGA-77-8136,LUSC,CD274,0.82454646,2.2698855
TCGA-77-8136,LUSC,CD276,0.16937964,1.558163
TCGA-77-8136,LUSC,LAG3,1.3823515,2.316262
TCGA-77-8136,LUSC,PDCD1LG2,1.0604368,1.5390084
TCGA-77-8136,LUSC,TIGIT,1.2221133,0.9373398
TCGA-77-8136,LUSC,APM,1.1758898,1.6574343
TCGA-77-8136,LUSC,TIS,1.3486956,1.7093586
TCGA-66-2783,LUSC,TMB,-0.11418798,0.1320075
TCGA-66-2783,LUSC,PSMB5,0.20869787,0.8928541
TCGA-66-2783,LUSC,PSMB6,0.03871368,-0.09068483
TCGA-66-2783,LUSC,PSMB7,0.3365932,1.3242875
TCGA-66-2783,LUSC,PSMB8,0.091503434,0.10212414
TCGA-66-2783,LUSC,PSMB9,0.17441246,-0.37443128
TCGA-66-2783,LUSC,PSMB10,-0.0077405064,-0.0047201803
TCGA-66-2783,LUSC,TAP1,0.44772735,0.21484168
TCGA-66-2783,LUSC,TAP2,0.15107623,0.42679563
TCGA-66-2783,LUSC,ERAP1,0.21194915,0.3394548
TCGA-66-2783,LUSC,ERAP2,-0.043406345,-1.414622
TCGA-66-2783,LUSC,TAPBP,0.005431466,-0.88488495
TCGA-66-2783,LUSC,CANX,0.02496438,0.96804273
TCGA-66-2783,LUSC,CALR,0.2361104,0.002829263
TCGA-66-2783,LUSC,PDIA3,-0.064986326,-0.8472901
TCGA-66-2783,LUSC,B2M,0.2530419,-0.64927715
TCGA-66-2783,LUSC,HLA-A,0.03794067,-0.89416325
TCGA-66-2783,LUSC,HLA-B,0.022531273,-0.8942401
TCGA-66-2783,LUSC,HLA-C,0.043361865,-0.19314109
TCGA-66-2783,LUSC,HLA-DQA1,0.02074092,-0.56601506
TCGA-66-2783,LUSC,HLA-DRB1,0.007436463,-0.47050488
TCGA-66-2783,LUSC,CMKLR1,0.08312767,-0.28764048
TCGA-66-2783,LUSC,HLA-E,0.15358801,-0.7438337
TCGA-66-2783,LUSC,NKG7,0.03852417,-0.37918752
TCGA-66-2783,LUSC,CD8A,0.033352293,-0.1668877
TCGA-66-2783,LUSC,CCL5,0.09498625,-0.50940144
TCGA-66-2783,LUSC,CXCL9,-0.005226361,-0.43104044
TCGA-66-2783,LUSC,CD27,-0.011705393,1.2166517
TCGA-66-2783,LUSC,CXCR6,0.050881065,-0.66804177
TCGA-66-2783,LUSC,IDO1,0.0010829463,-0.70510584
TCGA-66-2783,LUSC,STAT1,0.22245383,-0.20409529
TCGA-66-2783,LUSC,CD274,0.23004857,0.7754846
TCGA-66-2783,LUSC,CD276,0.6528079,0.13217995
TCGA-66-2783,LUSC,LAG3,-0.059975423,-0.4181297
TCGA-66-2783,LUSC,PDCD1LG2,0.36226335,0.6645898
TCGA-66-2783,LUSC,TIGIT,-0.05680611,-0.57726204
TCGA-66-2783,LUSC,APM,0.16986878,-0.35050458
TCGA-66-2783,LUSC,TIS,0.19040737,-0.31215933
TCGA-92-8064,LUSC,TMB,0.36824748,-0.016707594
TCGA-92-8064,LUSC,PSMB5,0.09297504,1.7492843
TCGA-92-8064,LUSC,PSMB6,0.26044956,0.10863025
TCGA-92-8064,LUSC,PSMB7,0.61050254,0.09220281
TCGA-92-8064,LUSC,PSMB8,1.0995862,0.81423074
TCGA-92-8064,LUSC,PSMB9,1.5338031,1.5119219
TCGA-92-8064,LUSC,PSMB10,1.0568467,1.0597911
TCGA-92-8064,LUSC,TAP1,1.5750587,1.8474027
TCGA-92-8064,LUSC,TAP2,1.399451,1.494259
TCGA-92-8064,LUSC,ERAP1,0.9438124,-0.05767704
TCGA-92-8064,LUSC,ERAP2,0.49906,1.3831191
TCGA-92-8064,LUSC,TAPBP,0.84843093,0.7834037
TCGA-92-8064,LUSC,CANX,0.059819944,-1.2860268
TCGA-92-8064,LUSC,CALR,0.047443487,-0.33175978
TCGA-92-8064,LUSC,PDIA3,-0.4427781,-1.5769296
TCGA-92-8064,LUSC,B2M,0.99804914,0.76305676
TCGA-92-8064,LUSC,HLA-A,0.9171585,0.38696137
TCGA-92-8064,LUSC,HLA-B,1.177247,0.70437515
TCGA-92-8064,LUSC,HLA-C,0.89777887,-0.031989567
TCGA-92-8064,LUSC,HLA-DQA1,0.8240406,0.7565331
TCGA-92-8064,LUSC,HLA-DRB1,0.6480087,0.26364043
TCGA-92-8064,LUSC,CMKLR1,0.81576204,1.3232632
TCGA-92-8064,LUSC,HLA-E,0.8576349,1.1912862
TCGA-92-8064,LUSC,NKG7,1.5683472,2.3129494
TCGA-92-8064,LUSC,CD8A,1.5277786,2.3364296
TCGA-92-8064,LUSC,CCL5,1.4378349,1.9927189
TCGA-92-8064,LUSC,CXCL9,1.4051517,2.160535
TCGA-92-8064,LUSC,CD27,0.84931695,1.443167
TCGA-92-8064,LUSC,CXCR6,1.3832343,2.189704
TCGA-92-8064,LUSC,IDO1,1.1433507,1.8685601
TCGA-92-8064,LUSC,STAT1,1.4104989,1.798318
TCGA-92-8064,LUSC,CD274,1.1836479,3.067755
TCGA-92-8064,LUSC,CD276,0.18483803,-1.1166492
TCGA-92-8064,LUSC,LAG3,1.486678,2.7545118
TCGA-92-8064,LUSC,PDCD1LG2,1.3686756,1.9096792
TCGA-92-8064,LUSC,TIGIT,1.3144349,2.073149
TCGA-92-8064,LUSC,APM,1.3255107,1.0284979
TCGA-92-8064,LUSC,TIS,1.4992124,2.1355975
TCGA-XC-AA0X,LUSC,TMB,0.13073875,-0.24468037
TCGA-XC-AA0X,LUSC,PSMB5,0.29371133,-0.90728176
TCGA-XC-AA0X,LUSC,PSMB6,0.14653882,-0.43944326
TCGA-XC-AA0X,LUSC,PSMB7,0.3009928,-0.7721047
TCGA-XC-AA0X,LUSC,PSMB8,-0.39122576,-1.0216534
TCGA-XC-AA0X,LUSC,PSMB9,-0.3038951,-0.8282491
TCGA-XC-AA0X,LUSC,PSMB10,-0.44931167,-0.5982887
TCGA-XC-AA0X,LUSC,TAP1,-0.08894376,-0.27083156
TCGA-XC-AA0X,LUSC,TAP2,-0.14808634,-0.7278627
TCGA-XC-AA0X,LUSC,ERAP1,-0.28227317,-0.27225718
TCGA-XC-AA0X,LUSC,ERAP2,-0.16647026,-0.049882222
TCGA-XC-AA0X,LUSC,TAPBP,-0.3411222,-0.7940426
TCGA-XC-AA0X,LUSC,CANX,-0.30087015,-1.2445023
TCGA-XC-AA0X,LUSC,CALR,0.12383805,-1.3542738
TCGA-XC-AA0X,LUSC,PDIA3,-0.17904091,-0.92028993
TCGA-XC-AA0X,LUSC,B2M,-0.33789238,-0.40957195
TCGA-XC-AA0X,LUSC,HLA-A,-0.4522458,-0.7361535
TCGA-XC-AA0X,LUSC,HLA-B,-0.42072305,-0.46871376
TCGA-XC-AA0X,LUSC,HLA-C,-0.39347544,-0.7313741
TCGA-XC-AA0X,LUSC,HLA-DQA1,-0.39730477,0.11135168
TCGA-XC-AA0X,LUSC,HLA-DRB1,-0.45215034,0.26642478
TCGA-XC-AA0X,LUSC,CMKLR1,-0.33917385,-0.46399885
TCGA-XC-AA0X,LUSC,HLA-E,-0.40713748,-0.20207508
TCGA-XC-AA0X,LUSC,NKG7,-0.27031094,-0.34435645
TCGA-XC-AA0X,LUSC,CD8A,-0.30683127,-0.10440485
TCGA-XC-AA0X,LUSC,CCL5,-0.27379403,-0.52268606
TCGA-XC-AA0X,LUSC,CXCL9,-0.21678586,-1.0146673
TCGA-XC-AA0X,LUSC,CD27,-0.28473192,0.90110177
TCGA-XC-AA0X,LUSC,CXCR6,-0.33572716,0.23279972
TCGA-XC-AA0X,LUSC,IDO1,-0.3400762,-0.6632549
TCGA-XC-AA0X,LUSC,STAT1,-0.22195275,-1.218842
TCGA-XC-AA0X,LUSC,CD274,0.08813718,0.46583983
TCGA-XC-AA0X,LUSC,CD276,0.5079056,-0.23703091
TCGA-XC-AA0X,LUSC,LAG3,-0.18338488,-0.65463436
TCGA-XC-AA0X,LUSC,PDCD1LG2,-0.087217465,-0.2970049
TCGA-XC-AA0X,LUSC,TIGIT,-0.30317426,0.42155588
TCGA-XC-AA0X,LUSC,APM,-0.3529207,-0.9950579
TCGA-XC-AA0X,LUSC,TIS,-0.3219596,-0.35531512
TCGA-98-8021,LUSC,TMB,-0.114499986,1.956141
TCGA-98-8021,LUSC,PSMB5,-0.15666616,-1.4464374
TCGA-98-8021,LUSC,PSMB6,-0.27778774,-0.78601104
TCGA-98-8021,LUSC,PSMB7,-0.122521445,-0.23895949
TCGA-98-8021,LUSC,PSMB8,-0.7434288,-0.8055967
TCGA-98-8021,LUSC,PSMB9,-0.71513814,-1.0088477
TCGA-98-8021,LUSC,PSMB10,-0.7656096,-0.9095219
TCGA-98-8021,LUSC,TAP1,-0.4636489,-0.32354382
TCGA-98-8021,LUSC,TAP2,-0.43728042,-0.86958086
TCGA-98-8021,LUSC,ERAP1,-0.24116406,0.46074903
TCGA-98-8021,LUSC,ERAP2,-0.20808831,0.44714606
TCGA-98-8021,LUSC,TAPBP,-0.44776684,0.3293187
TCGA-98-8021,LUSC,CANX,-0.33858943,-1.0977409
TCGA-98-8021,LUSC,CALR,-0.08993602,1.5912582
TCGA-98-8021,LUSC,PDIA3,-0.09219217,0.51036596
TCGA-98-8021,LUSC,B2M,-0.51724255,-1.031737
TCGA-98-8021,LUSC,HLA-A,-0.6800273,-1.0990276
TCGA-98-8021,LUSC,HLA-B,-0.65524846,-1.1207819
TCGA-98-8021,LUSC,HLA-C,-0.6127537,-0.7376803
TCGA-98-8021,LUSC,HLA-DQA1,-0.5191665,-1.0852538
TCGA-98-8021,LUSC,HLA-DRB1,-0.54743654,-0.8920524
TCGA-98-8021,LUSC,CMKLR1,-0.40557092,-1.0152218
TCGA-98-8021,LUSC,HLA-E,-0.42696625,-0.2536049
TCGA-98-8021,LUSC,NKG7,-0.70918083,-0.44873163
TCGA-98-8021,LUSC,CD8A,-0.703189,-0.5532373
TCGA-98-8021,LUSC,CCL5,-0.6036419,-0.56745595
TCGA-98-8021,LUSC,CXCL9,-0.6262005,-0.631149
TCGA-98-8021,LUSC,CD27,-0.501099,0.24691696
TCGA-98-8021,LUSC,CXCR6,-0.5783879,-0.5468278
TCGA-98-8021,LUSC,IDO1,-0.5951086,-0.5822901
TCGA-98-8021,LUSC,STAT1,-0.47128612,-0.8953584
TCGA-98-8021,LUSC,CD274,-0.32798073,-1.1551828
TCGA-98-8021,LUSC,CD276,0.5184239,1.9072884
TCGA-98-8021,LUSC,LAG3,-0.60927,-0.7253201
TCGA-98-8021,LUSC,PDCD1LG2,-0.35718536,-1.1452376
TCGA-98-8021,LUSC,TIGIT,-0.5827354,-0.19668815
TCGA-98-8021,LUSC,APM,-0.7079757,-0.77266
TCGA-98-8021,LUSC,TIS,-0.6023215,-0.5340507
